group,start,end,depth,length,start_fix,end_fix,is_start,is_end,line,gen_id
1,1,549437,1.0,549437,1,552530,-1,3,L01-1,2
2,549438,554384,0.0,4947,552531,560570,3,6,L01-1,2
3,554385,1934345,1.0,1379961,560571,1952959,6,16,L01-1,2
4,1934346,1967835,2.0,33490,1952960,1991112,16,17,L01-1,2
5,1967836,2633390,1.0,665555,1991113,2661330,17,21,L01-1,2
6,2633391,2637598,0.0,4208,2661331,2665538,21,22,L01-1,2
7,2637599,3965065,1.0,1327467,2665539,4003851,22,-1,L01-1,2
1,1,548961,1.0,548961,1,552053,-1,3,L01-1,3
2,548962,549423,0.0,462,552054,552515,3,4,L01-1,3
3,549424,1651475,1.0,1102052,555609,1676262,4,18,L01-1,3
4,1651476,1652879,0.0,1404,1676263,1680759,18,21,L01-1,3
5,1652880,1763952,1.0,111073,1680760,1791832,21,24,L01-1,3
6,1763953,1764547,0.0,595,1791833,1792427,24,25,L01-1,3
7,1764548,1810922,1.0,46375,1792428,1838802,25,26,L01-1,3
8,1810923,1899385,0.0,88463,1838803,1927265,26,27,L01-1,3
9,1899386,2219823,1.0,320438,1927266,2258553,27,36,L01-1,3
10,2219824,2230932,0.0,11109,2258554,2269662,36,37,L01-1,3
11,2230933,2311783,1.0,80851,2269663,2355176,37,38,L01-1,3
12,2311784,2320088,0.0,8305,2355177,2363481,38,40,L01-1,3
13,2320089,2403141,1.0,83053,2363482,2446534,40,41,L01-1,3
14,2403142,2407626,0.0,4485,2446535,2451019,41,42,L01-1,3
15,2407627,2661964,1.0,254338,2451020,2705357,42,43,L01-1,3
16,2661965,2663552,0.0,1588,2708450,2710037,43,45,L01-1,3
17,2663553,3063678,1.0,400126,2710038,3110163,45,48,L01-1,3
18,3063679,3082115,0.0,18437,3110164,3128600,48,49,L01-1,3
19,3082116,3697927,1.0,615812,3128601,3747504,49,52,L01-1,3
20,3697928,3698097,0.0,170,3752168,3752337,52,54,L01-1,3
21,3698098,3989424,1.0,291327,3752338,4051419,54,-1,L01-1,3
1,1,528524,1.0,528524,1,531617,-1,3,L01-2,2
2,528525,554074,0.0,25550,531618,560260,3,4,L01-2,2
3,554075,565109,1.0,11035,560261,571295,4,6,L01-2,2
4,565110,581275,2.0,16166,571296,587461,6,7,L01-2,2
5,581276,1181644,1.0,600369,587462,1187830,7,8,L01-2,2
6,1181645,1184107,0.0,2463,1192503,1194965,8,10,L01-2,2
7,1184108,2283108,1.0,1099001,1194966,2306385,10,19,L01-2,2
8,2283109,2283210,0.0,102,2306386,2311150,19,20,L01-2,2
9,2283211,3492845,1.0,1209635,2311151,3523878,20,24,L01-2,2
10,3492846,3494004,0.0,1159,3523879,3525037,24,25,L01-2,2
11,3494005,3965065,1.0,471061,3525038,4003851,25,-1,L01-2,2
1,1,533294,1.0,533294,1,539479,-1,5,L01-2,3
2,533295,546552,0.0,13258,539480,555830,5,8,L01-2,3
3,546553,2039553,1.0,1493001,555831,2067432,8,21,L01-2,3
4,2039554,2039794,0.0,241,2067433,2067673,21,22,L01-2,3
5,2039795,3676157,1.0,1636363,2070767,3721066,22,35,L01-2,3
6,3676158,3703177,0.0,27020,3721067,3748086,35,36,L01-2,3
7,3703178,3822195,1.0,119018,3748087,3867104,36,38,L01-2,3
8,3822196,3822345,0.0,150,3867105,3870345,38,40,L01-2,3
9,3822346,3916798,1.0,94453,3870346,3967891,40,42,L01-2,3
10,3916799,3922225,0.0,5427,3967892,3977981,42,44,L01-2,3
11,3922226,3951910,1.0,29685,3977982,4007666,44,-1,L01-2,3
1,1,546067,1.0,546067,1,549160,-1,4,L01-3,2
2,546068,554348,0.0,8281,549161,560534,4,7,L01-3,2
3,554349,1175424,1.0,621076,560535,1181610,7,8,L01-3,2
4,1175425,1182262,0.0,6838,1181611,1193120,8,11,L01-3,2
5,1182263,1821331,1.0,639069,1193121,1839945,11,19,L01-3,2
6,1821332,1831092,0.0,9761,1839946,1849706,19,20,L01-3,2
7,1831093,3446720,1.0,1615628,1849707,3477753,20,31,L01-3,2
8,3446721,3448128,0.0,1408,3477754,3479161,31,32,L01-3,2
9,3448129,3965065,1.0,516937,3479162,4003851,32,-1,L01-3,2
1,1,1036529,1.0,1036529,1,1045806,-1,7,L01-3,3
2,1036530,1037655,0.0,1126,1045807,1046932,7,8,L01-3,3
3,1037656,1542071,1.0,504416,1046933,1562196,8,15,L01-3,3
4,1542072,1543177,0.0,1106,1565290,1566395,15,17,L01-3,3
5,1543178,1806019,1.0,262842,1566396,1835423,17,22,L01-3,3
6,1806020,1806196,0.0,177,1835424,1835600,22,23,L01-3,3
7,1806197,1929271,1.0,123075,1838693,1964863,23,27,L01-3,3
8,1929272,1942938,0.0,13667,1964864,1978530,27,28,L01-3,3
9,1942939,2258298,1.0,315360,1981623,2301645,28,30,L01-3,3
10,2258299,2266729,0.0,8431,2301646,2310076,30,32,L01-3,3
11,2266730,3092022,1.0,825293,2310077,3146216,32,40,L01-3,3
12,3092023,3092992,0.0,970,3146217,3147186,40,41,L01-3,3
13,3092993,3298185,1.0,205193,3147187,3352379,41,42,L01-3,3
14,3298186,3323399,0.0,25214,3352380,3380686,42,45,L01-3,3
15,3323400,3804587,1.0,481188,3380687,3864966,45,48,L01-3,3
16,3804588,3809142,0.0,4555,3864967,3869521,48,49,L01-3,3
17,3809143,3869742,1.0,60600,3872614,3936305,49,51,L01-3,3
18,3869743,3883258,0.0,13516,3936306,3949821,51,53,L01-3,3
19,3883259,3938711,1.0,55453,3949822,4008366,53,-1,L01-3,3
1,1,2283208,1.0,2283208,1,2306485,-1,17,L01-4,2
2,2283209,2309660,0.0,26452,2311149,2337600,17,19,L01-4,2
3,2309661,3965065,1.0,1655405,2337601,4003851,19,-1,L01-4,2
1,1,434043,1.0,434043,1,434043,-1,4,L01-4,3
2,434044,436225,0.0,2182,434044,436225,4,5,L01-4,3
3,436226,2283224,1.0,1846999,436226,2312629,5,26,L01-4,3
4,2283225,2413184,2.0,129960,2317293,2447252,26,28,L01-4,3
5,2413185,2520777,1.0,107593,2450346,2557938,28,30,L01-4,3
6,2520778,2522378,0.0,1601,2557939,2559539,30,31,L01-4,3
7,2522379,3311597,1.0,789219,2562633,3354944,31,37,L01-4,3
8,3311598,3319280,0.0,7683,3354945,3362627,37,38,L01-4,3
9,3319281,3420160,1.0,100880,3365721,3471262,38,40,L01-4,3
10,3420161,3421575,0.0,1415,3471263,3472677,40,42,L01-4,3
11,3421576,3808746,1.0,387171,3472678,3859848,42,43,L01-4,3
12,3808747,3809074,0.0,328,3859849,3860176,43,44,L01-4,3
13,3809075,3938639,1.0,129565,3863270,3997478,44,-1,L01-4,3
1,1,1232073,1.0,1232073,1,1232073,-1,2,L02-1,2
2,1232074,1232489,0.0,416,1232074,1232489,2,3,L02-1,2
3,1232490,1810176,1.0,577687,1232490,1819454,3,11,L02-1,2
4,1810177,1844962,0.0,34786,1819455,1854240,11,12,L02-1,2
5,1844963,3038436,1.0,1193474,1854241,3060085,12,22,L02-1,2
6,3038437,3039378,0.0,942,3060086,3061027,22,23,L02-1,2
7,3039379,3348558,1.0,309180,3064121,3373300,23,25,L02-1,2
8,3348559,3358599,0.0,10041,3376394,3386434,25,27,L02-1,2
9,3358600,3792812,1.0,434213,3386435,3829925,27,35,L02-1,2
10,3792813,3811970,4.0,19158,3829926,3855278,35,37,L02-1,2
11,3811971,3851229,1.0,39259,3855279,3894537,37,38,L02-1,2
12,3851230,3853634,0.0,2405,3894538,3900034,38,39,L02-1,2
13,3853635,3951002,1.0,97368,3900035,3997402,39,41,L02-1,2
14,3951003,3952154,0.0,1152,3997403,3998554,41,42,L02-1,2
15,3952155,3977353,1.0,25199,4001648,4026846,42,-1,L02-1,2
1,1,101578,1.0,101578,1,101578,-1,-1,L02-1,3
2,101579,101676,0.0,98,101579,101676,-1,-1,L02-1,3
3,101677,1272233,1.0,1170557,101677,1279067,-1,9,L02-1,3
4,1272234,1512401,2.0,240168,1282160,1522327,9,12,L02-1,3
5,1512402,1656447,1.0,144046,1525421,1669466,12,14,L02-1,3
6,1656448,1657829,0.0,1382,1669467,1670848,14,15,L02-1,3
7,1657830,2248007,1.0,590178,1673942,2273398,15,24,L02-1,3
8,2248008,2259584,0.0,11577,2273399,2284975,24,25,L02-1,3
9,2259585,3646000,1.0,1386416,2284976,3699227,25,46,L02-1,3
10,3646001,3730154,0.0,84154,3699228,3783381,46,47,L02-1,3
11,3730155,3765813,1.0,35659,3786475,3825875,47,51,L02-1,3
12,3765814,3804126,0.0,38313,3829619,3871673,51,55,L02-1,3
13,3804127,3959914,1.0,155788,3871674,4034296,55,59,L02-1,3
14,3959915,3961424,0.0,1510,4037390,4038899,59,61,L02-1,3
15,3961425,3985114,1.0,23690,4038900,4062589,61,-1,L02-1,3
1,1,554066,1.0,554066,1,554066,-1,1,L02-2,2
2,554067,554747,0.0,681,554067,554747,1,2,L02-2,2
3,554748,2383268,1.0,1828521,554748,2395638,2,15,L02-2,2
4,2383269,2387361,0.0,4093,2395639,2399731,15,16,L02-2,2
5,2387362,3019843,1.0,632482,2399732,3041492,16,24,L02-2,2
6,3019844,3039376,0.0,19533,3041493,3061025,24,25,L02-2,2
7,3039377,3699635,1.0,660259,3061026,3733655,25,33,L02-2,2
8,3699636,3714615,0.0,14980,3733656,3748635,33,34,L02-2,2
9,3714616,3776310,1.0,61695,3748636,3810330,34,35,L02-2,2
10,3776311,3792813,2.0,16503,3810331,3829926,35,37,L02-2,2
11,3792814,3853625,1.0,60812,3836122,3896933,37,40,L02-2,2
12,3853626,3854074,0.0,449,3896934,3900474,40,42,L02-2,2
13,3854075,3952152,1.0,98078,3900475,3998552,42,43,L02-2,2
14,3952153,3952898,0.0,746,3998553,4002391,43,45,L02-2,2
15,3952899,3977353,1.0,24455,4002392,4026846,45,-1,L02-2,2
1,1,2294155,1.0,2294155,1,2319548,-1,18,L02-2,3
2,2294156,2295806,0.0,1651,2322642,2324292,18,20,L02-2,3
3,2295807,2420663,1.0,124857,2324293,2452242,20,23,L02-2,3
4,2420664,2793023,2.0,372360,2452243,2830763,23,28,L02-2,3
5,2793024,3324351,1.0,531328,2833857,3371370,28,34,L02-2,3
6,3324352,3325031,0.0,680,3374464,3375143,34,36,L02-2,3
7,3325032,3675439,1.0,350408,3375144,3734830,36,41,L02-2,3
8,3675440,3677598,0.0,2159,3734831,3736989,41,43,L02-2,3
9,3677599,3753639,1.0,76041,3736990,3819216,43,46,L02-2,3
10,3753640,3770140,0.0,16501,3819217,3835717,46,48,L02-2,3
11,3770141,3953495,1.0,183355,3839460,4038944,48,-1,L02-2,3
1,1,1214066,1.0,1214066,1,1214066,-1,3,L02-3,2
2,1214067,1232094,0.0,18028,1214067,1232094,3,4,L02-3,2
3,1232095,1658237,1.0,426143,1232095,1664422,4,10,L02-3,2
4,1658238,1658799,0.0,562,1664423,1668077,10,12,L02-3,2
5,1658800,2387362,1.0,728563,1668078,2399732,12,17,L02-3,2
6,2387363,2389162,0.0,1800,2402826,2404625,17,19,L02-3,2
7,2389163,2557187,1.0,168025,2404626,2572650,19,20,L02-3,2
8,2557188,2574834,0.0,17647,2572651,2590297,20,21,L02-3,2
9,2574835,3348556,1.0,773722,2590298,3373298,21,29,L02-3,2
10,3348557,3349063,0.0,507,3373299,3376898,29,31,L02-3,2
11,3349064,3756953,1.0,407890,3376899,3790973,31,37,L02-3,2
12,3756954,3776310,0.0,19357,3790974,3810330,37,38,L02-3,2
13,3776311,3792812,1.0,16502,3810331,3829925,38,40,L02-3,2
14,3792813,3811970,2.0,19158,3829926,3855278,40,42,L02-3,2
15,3811971,3977353,1.0,165383,3855279,4026846,42,-1,L02-3,2
1,1,1098868,1.0,1098868,1,1101960,-1,3,L02-3,3
2,1098869,1113797,0.0,14929,1101961,1116889,3,4,L02-3,3
3,1113798,2343869,1.0,1230072,1119983,2375445,4,25,L02-3,3
4,2343870,2368795,0.0,24926,2375446,2400371,25,26,L02-3,3
5,2368796,2625915,2.0,257120,2403465,2663676,26,30,L02-3,3
6,2625916,3913434,1.0,1287519,2666770,3992700,30,54,L02-3,3
7,3913435,3915439,0.0,2005,3992701,3994705,54,56,L02-3,3
8,3915440,3938632,1.0,23193,3994706,4017898,56,-1,L02-3,3
1,1,1190355,1.0,1190355,1,1190355,-1,-1,L02-4,2
2,1190356,1190464,0.0,109,1190356,1190464,-1,-1,L02-4,2
3,1190465,2329068,1.0,1138604,1190465,2341438,-1,15,L02-4,2
4,2329069,2387362,0.0,58294,2341439,2399732,15,16,L02-4,2
5,2387363,3135390,1.0,748028,2402826,3160132,16,26,L02-4,2
6,3135391,3144870,0.0,9480,3160133,3169612,26,27,L02-4,2
7,3144871,3330774,1.0,185904,3169613,3355516,27,28,L02-4,2
8,3330775,3362205,0.0,31431,3355517,3390040,28,31,L02-4,2
9,3362206,3789842,1.0,427637,3390041,3826955,31,39,L02-4,2
10,3789843,3792812,0.0,2970,3826956,3829925,39,40,L02-4,2
11,3792813,3894552,1.0,101740,3829926,3940952,40,45,L02-4,2
12,3894553,3895629,0.0,1077,3940953,3942029,45,46,L02-4,2
13,3895630,3977353,1.0,81724,3942030,4026846,46,-1,L02-4,2
1,1,137374,1.0,137374,1,137374,-1,1,L02-4,3
2,137375,144392,0.0,7018,140468,150576,1,5,L02-4,3
3,144393,2174182,1.0,2029790,150577,2198922,5,22,L02-4,3
4,2174183,2183292,0.0,9110,2198923,2208032,22,23,L02-4,3
5,2183293,2294663,1.0,111371,2208033,2322496,23,26,L02-4,3
6,2294664,2301126,0.0,6463,2325590,2332052,26,28,L02-4,3
7,2301127,2541268,1.0,240142,2332053,2578378,28,33,L02-4,3
8,2541269,2605546,2.0,64278,2581472,2648840,33,35,L02-4,3
9,2605547,3060772,1.0,455226,2648841,3110252,35,41,L02-4,3
10,3060773,3065540,0.0,4768,3110253,3115020,41,42,L02-4,3
11,3065541,3075804,1.0,10264,3115021,3125284,42,43,L02-4,3
12,3075805,3076991,0.0,1187,3125285,3126471,43,44,L02-4,3
13,3076992,3478163,1.0,401172,3131289,3542387,44,52,L02-4,3
14,3478164,3479072,0.0,909,3542388,3543296,52,53,L02-4,3
15,3479073,3740525,1.0,261453,3543297,3814673,53,61,L02-4,3
16,3740526,3740714,0.0,189,3814674,3814862,61,62,L02-4,3
17,3740715,3787265,1.0,46551,3814863,3864505,62,65,L02-4,3
18,3787266,3792289,0.0,5024,3867599,3872622,65,67,L02-4,3
19,3792290,3808796,1.0,16507,3876364,3892870,67,69,L02-4,3
20,3808797,3809451,0.0,655,3892871,3893525,69,70,L02-4,3
21,3809452,3848553,1.0,39102,3893526,3932627,70,71,L02-4,3
22,3848554,3854371,0.0,5818,3932628,3941537,71,74,L02-4,3
23,3854372,3874009,1.0,19638,3941538,3961175,74,-1,L02-4,3
1,1,3916002,1.0,3916002,1,3945915,-1,-1,L03-1,2
1,1,493508,1.0,493508,1,496601,-1,-1,L03-1,3
2,493509,494571,0.0,1063,496602,497664,-1,-1,L03-1,3
3,494572,1028865,1.0,534294,497665,1031958,-1,4,L03-1,3
4,1028866,1044878,0.0,16013,1031959,1047971,4,5,L03-1,3
5,1044879,1333992,1.0,289114,1047972,1343271,5,10,L03-1,3
6,1333993,1345437,0.0,11445,1343272,1357809,10,13,L03-1,3
7,1345438,1860211,1.0,514774,1357810,1878769,13,18,L03-1,3
8,1860212,1860567,0.0,356,1878770,1879125,18,19,L03-1,3
9,1860568,2023584,1.0,163017,1879126,2050405,19,22,L03-1,3
10,2023585,2028511,0.0,4927,2050406,2055332,22,24,L03-1,3
11,2028512,2371537,1.0,343026,2055333,2398358,24,25,L03-1,3
12,2371538,2371763,0.0,226,2398359,2398584,25,26,L03-1,3
13,2371764,3396737,1.0,1024974,2401678,3435929,26,33,L03-1,3
14,3396738,3416096,0.0,19359,3435930,3455288,33,35,L03-1,3
15,3416097,3915965,1.0,499869,3455289,3961342,35,-1,L03-1,3
1,1,1106962,1.0,1106962,1,1110054,-1,8,L03-2,2
2,1106963,1107323,0.0,361,1113148,1113508,8,10,L03-2,2
3,1107324,2004108,1.0,896785,1113509,2021649,10,17,L03-2,2
4,2004109,2009833,0.0,5725,2021650,2027374,17,18,L03-2,2
5,2009834,2300519,1.0,290686,2027375,2318060,18,19,L03-2,2
6,2300520,2301252,0.0,733,2318061,2318793,19,20,L03-2,2
7,2301253,3916002,1.0,1614750,2318794,3945915,20,-1,L03-2,2
1,1,309816,1.0,309816,1,316000,-1,5,L03-2,3
2,309817,310146,0.0,330,316001,316330,5,6,L03-2,3
3,310147,2294240,1.0,1984094,319423,2330328,6,26,L03-2,3
4,2294241,2294406,0.0,166,2330329,2330494,26,27,L03-2,3
5,2294407,3522564,1.0,1228158,2333588,3574115,27,37,L03-2,3
6,3522565,3570879,2.0,48315,3577207,3625521,37,39,L03-2,3
7,3570880,3909145,1.0,338266,3625522,3969971,39,-1,L03-2,3
1,1,1656889,1.0,1656889,1,1669259,-1,11,L03-3,2
2,1656890,1679621,0.0,22732,1669260,1691991,11,13,L03-3,2
3,1679622,1860374,1.0,180753,1691992,1872744,13,14,L03-3,2
4,1860375,1860615,0.0,241,1872745,1872985,14,15,L03-3,2
5,1860616,1892934,2.0,32319,1878157,1910475,15,17,L03-3,2
6,1892935,3396347,1.0,1503413,1910476,3420074,17,27,L03-3,2
7,3396348,3399061,0.0,2714,3420075,3425881,27,30,L03-3,2
8,3399062,3465934,1.0,66873,3425882,3492754,30,31,L03-3,2
9,3465935,3466644,0.0,710,3492755,3493464,31,32,L03-3,2
10,3466645,3857161,1.0,390517,3493465,3887074,32,33,L03-3,2
11,3857162,3859933,0.0,2772,3887075,3889846,33,35,L03-3,2
12,3859934,3916002,1.0,56069,3889847,3945915,35,-1,L03-3,2
1,1,1837666,1.0,1837666,1,1862409,-1,21,L03-3,3
2,1837667,1869986,0.0,32320,1865503,1897822,21,23,L03-3,3
3,1869987,2384776,1.0,514790,1902783,2420665,23,27,L03-3,3
4,2384777,2386333,0.0,1557,2423759,2425315,27,29,L03-3,3
5,2386334,2955235,1.0,568902,2425316,3003495,29,37,L03-3,3
6,2955236,2967334,0.0,12099,3003496,3015594,37,38,L03-3,3
7,2967335,2981680,1.0,14346,3015595,3033033,38,40,L03-3,3
8,2981681,2982485,0.0,805,3033034,3033838,40,41,L03-3,3
9,2982486,3078527,1.0,96042,3033839,3129880,41,42,L03-3,3
10,3078528,3096123,0.0,17596,3129881,3147476,42,43,L03-3,3
11,3096124,3250597,1.0,154474,3150569,3305042,43,45,L03-3,3
12,3250598,3250976,0.0,379,3305043,3305421,45,46,L03-3,3
13,3250977,3593808,1.0,342832,3305422,3654439,46,52,L03-3,3
14,3593809,3622853,0.0,29045,3654440,3683484,52,53,L03-3,3
15,3622854,3919235,1.0,296382,3683485,3981743,53,-1,L03-3,3
1,1,2557972,1.0,2557972,1,2578606,-1,22,L03-4,2
2,2557973,2605270,2.0,47298,2578607,2628997,22,24,L03-4,2
3,2605271,3916002,1.0,1310732,2628998,3945915,24,-1,L03-4,2
1,1,1799178,1.0,1799178,1,1823916,-1,19,L03-4,3
2,1799179,1860617,0.0,61439,1823917,1885355,19,20,L03-4,3
3,1860618,2558023,1.0,697406,1890526,2606488,20,36,L03-4,3
4,2558024,2652708,2.0,94685,2606489,2710450,36,40,L03-4,3
5,2652709,3963447,1.0,1310739,2710451,4033559,40,-1,L03-4,3
1,1,24530,1.0,24530,1,24530,-1,1,L04-1,2
2,24531,59443,2.0,34913,24531,59443,1,2,L04-1,2
3,59444,356712,1.0,297269,59444,359804,2,5,L04-1,2
4,356713,357365,0.0,653,359805,360457,5,6,L04-1,2
5,357366,1925403,1.0,1568038,363551,1950146,6,21,L04-1,2
6,1925404,1926577,0.0,1174,1950147,1951320,21,22,L04-1,2
7,1926578,2983996,1.0,1057419,1954414,3021110,22,32,L04-1,2
8,2983997,3007109,0.0,23113,3021111,3044223,32,33,L04-1,2
9,3007110,3179998,1.0,172889,3047317,3220205,33,35,L04-1,2
10,3179999,3180894,0.0,896,3220206,3221101,35,36,L04-1,2
11,3180895,3583153,1.0,402259,3221102,3623360,36,37,L04-1,2
12,3583154,3586617,0.0,3464,3623361,3626824,37,38,L04-1,2
13,3586618,3949534,1.0,362917,3629918,3992834,38,-1,L04-1,2
1,1,59436,0.0,59436,1,59436,-1,1,L04-1,3
2,59437,875070,1.0,815634,62530,890533,1,13,L04-1,3
3,875071,880267,0.0,5197,890534,895730,13,14,L04-1,3
4,880268,1306888,1.0,426621,895731,1325443,14,17,L04-1,3
5,1306889,1307472,0.0,584,1325444,1326027,17,18,L04-1,3
6,1307473,1716192,1.0,408720,1329120,1744024,18,24,L04-1,3
7,1716193,1733354,0.0,17162,1744025,1761186,24,25,L04-1,3
8,1733355,1995864,1.0,262510,1761187,2029881,25,29,L04-1,3
9,1995865,1999818,0.0,3954,2029882,2033835,29,30,L04-1,3
10,1999819,2019162,3.0,19344,2033836,2053179,30,31,L04-1,3
11,2019163,3459793,1.0,1440631,2056273,3512367,31,46,L04-1,3
12,3459794,3462025,0.0,2232,3515462,3517693,46,48,L04-1,3
13,3462026,3587174,1.0,125149,3517694,3642842,48,49,L04-1,3
14,3587175,3587907,0.0,733,3645936,3646668,49,51,L04-1,3
15,3587908,3656462,1.0,68555,3646669,3715223,51,-1,L04-1,3
16,3656463,3661632,2.0,5170,3715224,3720393,-1,-1,L04-1,3
17,3661633,3825056,1.0,163424,3720394,3883817,-1,52,L04-1,3
18,3825057,3825416,0.0,360,3883818,3884177,52,53,L04-1,3
19,3825417,3955125,1.0,129709,3887271,4023163,53,-1,L04-1,3
1,1,116142,1.0,116142,1,116142,-1,1,L04-2,2
2,116143,118466,0.0,2324,116143,118466,1,2,L04-2,2
3,118467,484219,1.0,365753,121559,490404,2,6,L04-2,2
4,484220,484753,0.0,534,490405,490938,6,7,L04-2,2
5,484754,762208,1.0,277455,494032,774579,7,11,L04-2,2
6,762209,762622,0.0,414,774580,778086,11,13,L04-2,2
7,762623,2182351,1.0,1419729,778087,2210187,13,24,L04-2,2
8,2182352,2182894,0.0,543,2210188,2210730,24,25,L04-2,2
9,2182895,2399944,1.0,217050,2210731,2433965,25,31,L04-2,2
10,2399945,2400886,0.0,942,2437059,2438000,31,33,L04-2,2
11,2400887,3007109,1.0,606223,2438001,3044223,33,34,L04-2,2
12,3007110,3011187,0.0,4078,3047317,3051394,34,36,L04-2,2
13,3011188,3577077,1.0,565890,3051395,3617284,36,38,L04-2,2
14,3577078,3586617,0.0,9540,3617285,3626824,38,39,L04-2,2
15,3586618,3949534,1.0,362917,3629918,3992834,39,-1,L04-2,2
1,1,294224,1.0,294224,1,297317,-1,3,L04-2,3
2,294225,323947,0.0,29723,297318,327040,3,4,L04-2,3
3,323948,347596,1.0,23649,327041,350689,4,5,L04-2,3
4,347597,356406,0.0,8810,350690,362591,5,8,L04-2,3
5,356407,1051575,1.0,695169,362592,1067038,8,15,L04-2,3
6,1051576,1054755,0.0,3180,1067039,1070218,15,16,L04-2,3
7,1054756,1178794,1.0,124039,1073312,1197350,16,18,L04-2,3
8,1178795,1180285,0.0,1491,1197351,1198841,18,19,L04-2,3
9,1180286,2208590,1.0,1028305,1198842,2248795,19,33,L04-2,3
10,2208591,2209135,0.0,545,2248796,2249340,33,35,L04-2,3
11,2209136,2396157,1.0,187022,2249341,2445639,35,40,L04-2,3
12,2396158,2405000,0.0,8843,2445640,2454482,40,42,L04-2,3
13,2405001,2987062,1.0,582062,2454483,3036544,42,46,L04-2,3
14,2987063,3002373,0.0,15311,3036545,3051855,46,47,L04-2,3
15,3002374,3711941,1.0,709568,3054949,3770702,47,54,L04-2,3
16,3711942,3716077,0.0,4136,3770703,3774838,54,55,L04-2,3
17,3716078,3848395,1.0,132318,3774839,3907156,55,56,L04-2,3
18,3848396,3881225,0.0,32830,3907157,3939986,56,57,L04-2,3
19,3881226,3931182,1.0,49957,3939987,3989943,57,-1,L04-2,3
1,1,349525,1.0,349525,1,352617,-1,4,L04-3,2
2,349526,399012,0.0,49487,352618,405197,4,7,L04-3,2
3,399013,1244917,1.0,845905,405198,1263474,7,18,L04-3,2
4,1244918,1407725,2.0,162808,1263475,1429375,18,20,L04-3,2
5,1407726,1535163,1.0,127438,1432469,1559906,20,-1,L04-3,2
6,1535164,1535270,0.0,107,1559907,1560013,-1,-1,L04-3,2
7,1535271,3007109,1.0,1471839,1560014,3044223,-1,36,L04-3,2
8,3007110,3178432,2.0,171323,3047317,3218639,36,38,L04-3,2
9,3178433,3178885,0.0,453,3218640,3219092,38,39,L04-3,2
10,3178886,3585835,1.0,406950,3219093,3626042,39,40,L04-3,2
11,3585836,3586617,0.0,782,3626043,3626824,40,41,L04-3,2
12,3586618,3949534,1.0,362917,3629918,3992834,41,-1,L04-3,2
1,1,1875053,1.0,1875053,1,1909069,-1,26,L04-3,3
2,1875054,2037848,0.0,162795,1912159,2074953,26,28,L04-3,3
3,2037849,4232636,1.0,2194788,2074954,4313032,28,-1,L04-3,3
1,1,357261,1.0,357261,1,360353,-1,3,L04-4,2
2,357262,359111,0.0,1850,360354,365296,3,6,L04-4,2
3,359112,474212,1.0,115101,365297,480397,6,7,L04-4,2
4,474213,484753,0.0,10541,480398,490938,7,8,L04-4,2
5,484754,1512825,1.0,1028072,494032,1537568,8,21,L04-4,2
6,1512826,1514509,0.0,1684,1537569,1539252,21,22,L04-4,2
7,1514510,1879770,1.0,365261,1539253,1904513,22,24,L04-4,2
8,1879771,1885732,0.0,5962,1904514,1910475,24,25,L04-4,2
9,1885733,2101863,1.0,216131,1910476,2129699,25,28,L04-4,2
10,2101864,2102317,0.0,454,2129700,2130153,28,29,L04-4,2
11,2102318,2346104,1.0,243787,2130154,2380125,29,34,L04-4,2
12,2346105,2358525,0.0,12421,2380126,2392546,34,35,L04-4,2
13,2358526,2399944,2.0,41419,2392547,2433965,35,36,L04-4,2
14,2399945,3583197,1.0,1183253,2437059,3623404,36,41,L04-4,2
15,3583198,3586824,0.0,3627,3623405,3630124,41,44,L04-4,2
16,3586825,3949534,1.0,362710,3630125,3992834,44,-1,L04-4,2
1,1,349673,1.0,349673,1,352766,-1,3,L04-4,3
2,349674,357265,0.0,7592,352767,360358,3,4,L04-4,3
3,357266,472005,1.0,114740,363451,478190,4,6,L04-4,3
4,472006,472366,0.0,361,478191,478551,6,7,L04-4,3
5,472367,1700070,1.0,1227704,481645,1730996,7,24,L04-4,3
6,1700071,1741487,2.0,41417,1734090,1775506,24,26,L04-4,3
7,1741488,1821966,1.0,80479,1778600,1859078,26,28,L04-4,3
8,1821967,1907095,0.0,85129,1859079,1944207,28,29,L04-4,3
9,1907096,2258159,1.0,351064,1944208,2307642,29,37,L04-4,3
10,2258160,2264829,0.0,6670,2307643,2314312,37,38,L04-4,3
11,2264830,2367015,1.0,102186,2314313,2419590,38,42,L04-4,3
12,2367016,2408433,2.0,41418,2422692,2464109,42,44,L04-4,3
13,2408434,2559257,1.0,150824,2467203,2618026,44,46,L04-4,3
14,2559258,2560493,0.0,1236,2618027,2619262,46,47,L04-4,3
15,2560494,3015590,1.0,455097,2619263,3074359,47,49,L04-4,3
16,3015591,3105687,2.0,90097,3074360,3167549,49,51,L04-4,3
17,3105688,3139253,0.0,33566,3167550,3201115,51,52,L04-4,3
18,3139254,3691922,1.0,552669,3201116,3759970,52,60,L04-4,3
19,3691923,3695774,0.0,3852,3759971,3763822,60,61,L04-4,3
20,3695775,3746969,1.0,51195,3763823,3815017,61,-1,L04-4,3
21,3746970,3747071,0.0,102,3815018,3815119,-1,-1,L04-4,3
22,3747072,3954412,1.0,207341,3815120,4025553,-1,-1,L04-4,3
1,1,143395,1.0,143395,1,143395,-1,1,L05-1,2
2,143396,144160,0.0,765,143396,144160,1,2,L05-1,2
3,144161,2045821,1.0,1901661,144161,2061280,2,16,L05-1,2
4,2045822,2046128,0.0,307,2064373,2064679,16,18,L05-1,2
5,2046129,2224776,1.0,178648,2064680,2243327,18,19,L05-1,2
6,2224777,2226718,0.0,1942,2243328,2245269,19,20,L05-1,2
7,2226719,2507089,1.0,280371,2245270,2525640,20,23,L05-1,2
8,2507090,2508706,0.0,1617,2528733,2530349,23,25,L05-1,2
9,2508707,3439889,1.0,931183,2530350,3467718,25,32,L05-1,2
10,3439890,3447843,0.0,7954,3467719,3478764,32,35,L05-1,2
11,3447844,3916230,1.0,468387,3478765,3947151,35,-1,L05-1,2
1,1,1856985,1.0,1856985,1,1875534,-1,14,L05-1,3
2,1856986,1858091,0.0,1106,1875535,1876640,14,15,L05-1,3
3,1858092,1912908,1.0,54817,1879733,1937642,15,19,L05-1,3
4,1912909,1924563,0.0,11655,1937643,1949297,19,20,L05-1,3
5,1924564,2159538,1.0,234975,1949298,2190458,20,24,L05-1,3
6,2159539,2161644,0.0,2106,2190459,2192564,24,25,L05-1,3
7,2161645,2349232,1.0,187588,2192565,2383244,25,28,L05-1,3
8,2349233,2354616,0.0,5384,2383245,2388628,28,29,L05-1,3
9,2354617,3183707,1.0,829091,2391720,3233178,29,39,L05-1,3
10,3183708,3195409,0.0,11702,3236271,3247972,39,41,L05-1,3
11,3195410,3903484,1.0,708075,3247973,3963853,41,-1,L05-1,3
1,1,118237,1.0,118237,1,118237,-1,1,L05-2,2
2,118238,120255,0.0,2018,118238,120255,1,2,L05-2,2
3,120256,847275,1.0,727020,120256,847275,2,4,L05-2,2
4,847276,848741,0.0,1466,850369,851834,4,6,L05-2,2
5,848742,1066050,1.0,217309,851835,1069143,6,7,L05-2,2
6,1066051,1066492,0.0,442,1069144,1069585,7,8,L05-2,2
7,1066493,1907221,1.0,840729,1069586,1919588,8,18,L05-2,2
8,1907222,1907780,4.0,559,1919589,1920147,18,19,L05-2,2
9,1907781,1925789,3.0,18009,1920148,1938156,19,20,L05-2,2
10,1925790,1937778,0.0,11989,1941249,1953237,20,22,L05-2,2
11,1937779,2046208,1.0,108430,1953238,2061667,22,23,L05-2,2
12,2046209,2046701,0.0,493,2061668,2065252,23,25,L05-2,2
13,2046702,2124948,1.0,78247,2065253,2143499,25,26,L05-2,2
14,2124949,2125467,0.0,519,2143500,2144018,26,27,L05-2,2
15,2125468,2507477,1.0,382010,2144019,2526028,27,30,L05-2,2
16,2507478,2533100,0.0,25623,2529121,2554743,30,32,L05-2,2
17,2533101,2959665,1.0,426565,2554744,2981308,32,33,L05-2,2
18,2959666,2962347,0.0,2682,2984402,2987083,33,35,L05-2,2
19,2962348,3447240,1.0,484893,2987084,3475069,35,40,L05-2,2
20,3447241,3452210,0.0,4970,3475070,3483131,40,43,L05-2,2
21,3452211,3916618,1.0,464408,3483132,3947539,43,-1,L05-2,2
1,1,1280572,1.0,1280572,1,1296041,-1,15,L05-2,3
2,1280573,1280771,0.0,199,1296042,1296240,15,16,L05-2,3
3,1280772,1818906,1.0,538135,1299334,1843653,16,23,L05-2,3
4,1818907,1832022,0.0,13116,1843654,1856769,23,24,L05-2,3
5,1832023,1922465,1.0,90443,1859863,1953398,24,28,L05-2,3
6,1922466,1941034,0.0,18569,1956491,1975059,28,30,L05-2,3
7,1941035,2035714,1.0,94680,1975060,2075925,30,34,L05-2,3
8,2035715,2046822,0.0,11108,2075926,2087033,34,35,L05-2,3
9,2046823,2145161,1.0,98339,2087034,2188464,35,39,L05-2,3
10,2145162,2146282,0.0,1121,2188465,2189585,39,40,L05-2,3
11,2146283,2243512,1.0,97230,2192680,2289909,40,42,L05-2,3
12,2243513,2243876,0.0,364,2293002,2293365,42,44,L05-2,3
13,2243877,2610630,1.0,366754,2293366,2667636,44,49,L05-2,3
14,2610631,2610833,0.0,203,2667637,2667839,49,50,L05-2,3
15,2610834,3149035,1.0,538202,2667840,3209133,50,54,L05-2,3
16,3149036,3157278,0.0,8243,3213558,3221800,54,56,L05-2,3
17,3157279,3363662,1.0,206384,3221801,3431275,56,59,L05-2,3
18,3363663,3363859,0.0,197,3431276,3431472,59,60,L05-2,3
19,3363860,3904194,1.0,540335,3431473,3977992,60,-1,L05-2,3
1,1,1798562,1.0,1798562,1,1807838,-1,10,L05-3,2
2,1798563,1850482,0.0,51920,1807839,1859758,10,11,L05-3,2
3,1850483,1885952,1.0,35470,1862850,1898319,11,13,L05-3,2
4,1885953,1886582,0.0,630,1898320,1898949,13,14,L05-3,2
5,1886583,1925789,1.0,39207,1898950,1938156,14,15,L05-3,2
6,1925790,1947615,0.0,21826,1941249,1963074,15,17,L05-3,2
7,1947616,2042289,1.0,94674,1963075,2057748,17,18,L05-3,2
8,2042290,2046655,0.0,4366,2057749,2065206,18,21,L05-3,2
9,2046656,2507477,1.0,460822,2065207,2526028,21,24,L05-3,2
10,2507478,2528952,0.0,21475,2529121,2550595,24,26,L05-3,2
11,2528953,3442137,1.0,913185,2550596,3469966,26,32,L05-3,2
12,3442138,3448983,0.0,6846,3469967,3479904,32,35,L05-3,2
13,3448984,3916618,1.0,467635,3479905,3947539,35,-1,L05-3,2
1,1,105816,1.0,105816,1,108910,-1,3,L05-3,3
2,105817,106027,0.0,211,108911,109121,3,4,L05-3,3
3,106028,137416,1.0,31389,109122,140510,4,5,L05-3,3
4,137417,154034,0.0,16618,140511,157128,5,6,L05-3,3
5,154035,847315,1.0,693281,157129,853501,6,9,L05-3,3
6,847316,849099,0.0,1784,856594,858377,9,11,L05-3,3
7,849100,1235822,1.0,386723,858378,1245100,11,12,L05-3,3
8,1235823,1237183,0.0,1361,1248192,1249552,12,14,L05-3,3
9,1237184,1798613,1.0,561430,1249553,1817166,14,19,L05-3,3
10,1798614,1837818,0.0,39205,1821397,1860601,19,21,L05-3,3
11,1837819,1862106,1.0,24288,1863695,1887982,21,23,L05-3,3
12,1862107,1872209,0.0,10103,1887983,1898085,23,24,L05-3,3
13,1872210,2144171,1.0,271962,1898086,2179324,24,29,L05-3,3
14,2144172,2146412,0.0,2241,2179325,2181565,29,31,L05-3,3
15,2146413,2859526,1.0,713114,2181566,2900865,31,37,L05-3,3
16,2859527,2883657,0.0,24131,2903958,2928088,37,39,L05-3,3
17,2883658,2903021,1.0,19364,2928089,2947452,39,-1,L05-3,3
18,2903022,2903465,0.0,444,2947453,2947896,-1,-1,L05-3,3
19,2903466,2906256,1.0,2791,2947897,2950687,-1,40,L05-3,3
20,2906257,2914145,0.0,7889,2953780,2961668,40,42,L05-3,3
21,2914146,3809663,1.0,895518,2961669,3869555,42,-1,L05-3,3
1,1,1235405,1.0,1235405,1,1238498,-1,6,L05-4,2
2,1235406,1235870,0.0,465,1241590,1242054,6,8,L05-4,2
3,1235871,1807708,1.0,571838,1242055,1816984,8,11,L05-4,2
4,1807709,1809879,0.0,2171,1816985,1819155,11,12,L05-4,2
5,1809880,1848376,2.0,38497,1819156,1857652,12,13,L05-4,2
6,1848377,1850094,0.0,1718,1857653,1859370,13,14,L05-4,2
7,1850095,1860082,1.0,9988,1862462,1872449,14,17,L05-4,2
8,1860083,1925401,2.0,65319,1872450,1937768,17,18,L05-4,2
9,1925402,2507089,1.0,581688,1940861,2525640,18,24,L05-4,2
10,2507090,2508028,0.0,939,2528733,2529671,24,26,L05-4,2
11,2508029,2879866,1.0,371838,2529672,2901509,26,27,L05-4,2
12,2879867,2880518,0.0,652,2901510,2902161,27,28,L05-4,2
13,2880519,2959277,1.0,78759,2902162,2980920,28,29,L05-4,2
14,2959278,2983172,0.0,23895,2984014,3007908,29,31,L05-4,2
15,2983173,3157296,1.0,174124,3007909,3182032,31,32,L05-4,2
16,3157297,3188474,2.0,31178,3182033,3216303,32,33,L05-4,2
17,3188475,3447286,1.0,258812,3216304,3475115,33,35,L05-4,2
18,3447287,3448783,0.0,1497,3475116,3479704,35,38,L05-4,2
19,3448784,3916230,1.0,467447,3479705,3947151,38,-1,L05-4,2
1,1,378845,1.0,378845,1,378845,-1,2,L05-4,3
2,378846,379918,0.0,1073,381939,383011,2,4,L05-4,3
3,379919,467723,1.0,87805,383012,473909,4,7,L05-4,3
4,467724,496180,0.0,28457,473910,502366,7,8,L05-4,3
5,496181,578425,1.0,82245,502367,584611,8,9,L05-4,3
6,578426,584169,0.0,5744,584612,590355,9,10,L05-4,3
7,584170,1017221,1.0,433052,593448,1029591,10,14,L05-4,3
8,1017222,1034800,0.0,17579,1029592,1047170,14,15,L05-4,3
9,1034801,1495429,1.0,460629,1050264,1517077,15,21,L05-4,3
10,1495430,1496108,0.0,679,1517078,1517756,21,22,L05-4,3
11,1496109,1513831,1.0,17723,1520849,1538571,22,24,L05-4,3
12,1513832,1515453,0.0,1622,1538572,1540193,24,25,L05-4,3
13,1515454,1616538,1.0,101085,1540194,1641278,25,26,L05-4,3
14,1616539,1673585,2.0,57047,1644372,1701418,26,28,L05-4,3
15,1673586,1674048,1.0,463,1701419,1701881,28,29,L05-4,3
16,1674049,1681864,0.0,7816,1701882,1709697,29,30,L05-4,3
17,1681865,1689356,4.0,7492,1712791,1723375,30,32,L05-4,3
18,1689357,1795686,0.0,106330,1723376,1832797,32,36,L05-4,3
19,1795687,2071679,1.0,275993,1832798,2114976,36,40,L05-4,3
20,2071680,2075008,0.0,3329,2114977,2118305,40,41,L05-4,3
21,2075009,3262674,1.0,1187666,2118306,3324532,41,55,L05-4,3
22,3262675,3294002,0.0,31328,3324533,3358953,55,59,L05-4,3
23,3294003,3423946,1.0,129944,3358954,3488897,59,60,L05-4,3
24,3423947,3427749,0.0,3803,3488898,3492700,60,61,L05-4,3
25,3427750,3550677,1.0,122928,3492701,3615628,61,62,L05-4,3
26,3550678,3552687,0.0,2010,3615629,3617638,62,63,L05-4,3
27,3552688,3829588,1.0,276901,3617639,3897631,63,65,L05-4,3
28,3829589,3857286,0.0,27698,3897632,3925329,65,66,L05-4,3
29,3857287,4020168,1.0,162882,3925330,4088211,66,-1,L05-4,3
1,1,411460,1.0,411460,1,411460,-1,2,L06-1,2
2,411461,411556,0.0,96,411461,411556,2,3,L06-1,2
3,411557,501664,1.0,90108,411557,504757,3,7,L06-1,2
4,501665,502096,0.0,432,504758,505189,7,8,L06-1,2
5,502097,3028076,1.0,2525980,505190,3046633,8,23,L06-1,2
6,3028077,3033705,0.0,5629,3046634,3052262,23,24,L06-1,2
7,3033706,3499402,1.0,465697,3052263,3524144,24,29,L06-1,2
8,3499403,3505278,0.0,5876,3527238,3533113,29,31,L06-1,2
9,3505279,3947678,1.0,442400,3533114,3978605,31,-1,L06-1,2
1,1,307936,1.0,307936,1,307936,-1,1,L06-1,3
2,307937,310044,0.0,2108,307937,310044,1,2,L06-1,3
3,310045,411454,1.0,101410,310045,417638,2,5,L06-1,3
4,411455,426339,0.0,14885,417639,435614,5,9,L06-1,3
5,426340,533236,1.0,106897,435615,548697,9,14,L06-1,3
6,533237,534026,0.0,790,548698,549487,14,15,L06-1,3
7,534027,609129,1.0,75103,549488,624590,15,16,L06-1,3
8,609130,609918,0.0,789,624591,625379,16,17,L06-1,3
9,609919,3006268,1.0,2396350,625380,3049560,17,38,L06-1,3
10,3006269,3007282,0.0,1014,3049561,3050574,38,39,L06-1,3
11,3007283,3376454,1.0,369172,3050575,3422839,39,44,L06-1,3
12,3376455,3376957,0.0,503,3422840,3423342,44,45,L06-1,3
13,3376958,3935625,1.0,558668,3426434,3994378,45,-1,L06-1,3
1,1,76761,1.0,76761,1,76761,-1,1,L06-2,2
2,76762,90730,0.0,13969,76762,90730,1,2,L06-2,2
3,90731,1647107,1.0,1556377,90731,1659478,2,14,L06-2,2
4,1647108,1647731,0.0,624,1659479,1660102,14,15,L06-2,2
5,1647732,1870989,1.0,223258,1660103,1886453,15,17,L06-2,2
6,1870990,1871265,0.0,276,1886454,1886729,17,18,L06-2,2
7,1871266,2294530,1.0,423265,1886730,2309994,18,20,L06-2,2
8,2294531,2297046,0.0,2516,2313088,2315603,20,22,L06-2,2
9,2297047,3226423,1.0,929377,2315604,3244980,22,27,L06-2,2
10,3226424,3235241,0.0,8818,3244981,3253798,27,28,L06-2,2
11,3235242,3499402,1.0,264161,3253799,3524144,28,33,L06-2,2
12,3499403,3499788,0.0,386,3527238,3527623,33,35,L06-2,2
13,3499789,3920611,1.0,420823,3527624,3951538,35,42,L06-2,2
14,3920612,3921149,0.0,538,3951539,3952076,42,43,L06-2,2
15,3921150,3947678,1.0,26529,3952077,3978605,43,-1,L06-2,2
1,1,860342,1.0,860342,1,866527,-1,6,L06-2,3
2,860343,866700,0.0,6358,866528,872885,6,7,L06-2,3
3,866701,1199097,1.0,332397,875979,1208375,7,9,L06-2,3
4,1199098,1219596,0.0,20499,1208376,1228874,9,10,L06-2,3
5,1219597,1255040,1.0,35444,1231968,1267411,10,12,L06-2,3
6,1255041,1269733,2.0,14693,1270504,1285196,12,14,L06-2,3
7,1269734,2058213,1.0,788480,1288288,2089134,14,25,L06-2,3
8,2058214,2060630,0.0,2417,2092227,2094643,25,27,L06-2,3
9,2060631,3102893,1.0,1042263,2094644,3152369,27,37,L06-2,3
10,3102894,3107041,0.0,4148,3152370,3156517,37,39,L06-2,3
11,3107042,3886208,1.0,779167,3156518,3960421,39,56,L06-2,3
12,3886209,3893993,0.0,7785,3963514,3971298,56,58,L06-2,3
13,3893994,3920521,1.0,26528,3974392,4000919,58,-1,L06-2,3
1,1,879058,1.0,879058,1,882151,-1,4,L06-3,2
2,879059,880702,0.0,1644,882152,883795,4,5,L06-3,2
3,880703,1569665,1.0,688963,883796,1582036,5,11,L06-3,2
4,1569666,1581114,0.0,11449,1582037,1593485,11,12,L06-3,2
5,1581115,2144575,1.0,563461,1593486,2160039,12,16,L06-3,2
6,2144576,2147154,0.0,2579,2160040,2162618,16,17,L06-3,2
7,2147155,2278978,1.0,131824,2162619,2294442,17,18,L06-3,2
8,2278979,2294529,0.0,15551,2294443,2309993,18,19,L06-3,2
9,2294530,2355546,1.0,61017,2309994,2374103,19,21,L06-3,2
10,2355547,2376173,0.0,20627,2374104,2394730,21,22,L06-3,2
11,2376174,3376747,1.0,1000574,2394731,3395304,22,28,L06-3,2
12,3376748,3383135,0.0,6388,3395305,3401692,28,29,L06-3,2
13,3383136,3499402,1.0,116267,3401693,3524144,29,33,L06-3,2
14,3499403,3499855,0.0,453,3527238,3527690,33,35,L06-3,2
15,3499856,3947678,1.0,447823,3527691,3978605,35,-1,L06-3,2
1,1,398186,1.0,398186,1,401279,-1,1,L06-3,3
2,398187,436371,0.0,38185,401280,439464,1,3,L06-3,3
3,436372,1465634,1.0,1029263,439465,1478003,3,14,L06-3,3
4,1465635,1465827,0.0,193,1478004,1478196,14,15,L06-3,3
5,1465828,1630714,2.0,164887,1481289,1649268,15,19,L06-3,3
6,1630715,1677635,1.0,46921,1652362,1699282,19,21,L06-3,3
7,1677636,1691733,2.0,14098,1699283,1716473,21,22,L06-3,3
8,1691734,1693180,0.0,1447,1716474,1717920,22,24,L06-3,3
9,1693181,2320390,1.0,627210,1717921,2351315,24,29,L06-3,3
10,2320391,2320583,0.0,193,2354406,2354598,29,31,L06-3,3
11,2320584,3394597,1.0,1074014,2354599,3447168,31,44,L06-3,3
12,3394598,3404805,0.0,10208,3447169,3457376,44,45,L06-3,3
13,3404806,3888953,1.0,484148,3457377,3950802,45,-1,L06-3,3
1,1,305940,1.0,305940,1,305940,-1,1,L06-4,2
2,305941,321099,0.0,15159,305941,321099,1,2,L06-4,2
3,321100,437188,1.0,116089,321100,437188,2,3,L06-4,2
4,437189,442856,0.0,5668,437189,442856,3,4,L06-4,2
5,442857,1269039,1.0,826183,445950,1275224,4,9,L06-4,2
6,1269040,1285260,0.0,16221,1278318,1294538,9,11,L06-4,2
7,1285261,3499402,1.0,2214142,1294539,3524144,11,29,L06-4,2
8,3499403,3504719,0.0,5317,3527238,3532554,29,31,L06-4,2
9,3504720,3697629,1.0,192910,3532555,3725464,31,33,L06-4,2
10,3697630,3700080,0.0,2451,3728557,3731007,33,35,L06-4,2
11,3700081,3947678,1.0,247598,3731008,3978605,35,-1,L06-4,2
1,1,3652457,1.0,3652457,1,3714325,-1,41,L06-4,3
2,3652458,3707244,0.0,54787,3717419,3778391,41,47,L06-4,3
3,3707245,3902896,1.0,195652,3778392,3977135,47,-1,L06-4,3
1,1,1290567,1.0,1290567,1,1302938,-1,10,L07-1,2
2,1290568,1291114,0.0,547,1302939,1303485,10,11,L07-1,2
3,1291115,2098722,1.0,807608,1303486,2117278,11,16,L07-1,2
4,2098723,2100606,0.0,1884,2117279,2122256,16,19,L07-1,2
5,2100607,2124845,1.0,24239,2122257,2146495,19,20,L07-1,2
6,2124846,2125138,0.0,293,2146496,2146788,20,21,L07-1,2
7,2125139,2320451,1.0,195313,2146789,2345194,21,23,L07-1,2
8,2320452,2321951,0.0,1500,2348288,2349787,23,25,L07-1,2
9,2321952,3941898,1.0,1619947,2349788,3985195,25,-1,L07-1,2
1,1,1283882,1.0,1283882,1,1299347,-1,11,L07-1,3
2,1283883,1290605,0.0,6723,1299348,1306070,11,12,L07-1,3
3,1290606,3937774,1.0,2647169,1309163,3990356,12,-1,L07-1,3
1,1,1065295,1.0,1065295,1,1071480,-1,5,L07-2,2
2,1065296,1066989,0.0,1694,1074573,1076266,5,7,L07-2,2
3,1066990,2099662,1.0,1032673,1076267,2118218,7,16,L07-2,2
4,2099663,2100461,0.0,799,2121313,2122111,16,18,L07-2,2
5,2100462,2320455,1.0,219994,2122112,2348291,18,21,L07-2,2
6,2320456,2323703,0.0,3248,2348292,2351539,21,23,L07-2,2
7,2323704,3941898,1.0,1618195,2351540,3985195,23,-1,L07-2,2
1,1,1838251,1.0,1838251,1,1856813,-1,13,L07-2,3
2,1838252,1838989,0.0,738,1859908,1860645,13,15,L07-2,3
3,1838990,3525786,1.0,1686797,1860646,3569096,15,31,L07-2,3
4,3525787,3532802,0.0,7016,3569097,3576112,31,32,L07-2,3
5,3532803,3745917,1.0,213115,3579206,3792320,32,35,L07-2,3
6,3745918,3751949,0.0,6032,3792321,3798352,35,36,L07-2,3
7,3751950,3936347,1.0,184398,3798353,3985843,36,-1,L07-2,3
1,1,1290006,1.0,1290006,1,1302377,-1,9,L07-3,2
2,1290007,1291115,0.0,1109,1302378,1303486,9,10,L07-3,2
3,1291116,2099662,1.0,808547,1303487,2118218,10,16,L07-3,2
4,2099663,2100491,0.0,829,2121313,2122141,16,18,L07-3,2
5,2100492,2320456,1.0,219965,2122142,2348292,18,21,L07-3,2
6,2320457,2320604,0.0,148,2348293,2348440,21,23,L07-3,2
7,2320605,2984864,1.0,664260,2348441,3018883,23,28,L07-3,2
8,2984865,2985322,0.0,458,3018884,3019341,28,29,L07-3,2
9,2985323,3663383,1.0,678061,3022435,3703588,29,33,L07-3,2
10,3663384,3684101,0.0,20718,3703589,3724306,33,34,L07-3,2
11,3684102,3941898,1.0,257797,3724307,3985195,34,-1,L07-3,2
1,1,3660987,1.0,3660987,1,3707385,-1,33,L07-3,3
2,3660988,3661467,0.0,480,3710479,3710958,33,35,L07-3,3
3,3661468,3918800,1.0,257333,3710959,3971384,35,-1,L07-3,3
1,1,846647,1.0,846647,1,849739,-1,3,L07-4,2
2,846648,848936,0.0,2289,849740,852028,3,4,L07-4,2
3,848937,2100473,1.0,1251537,855122,2119029,4,14,L07-4,2
4,2100474,2101103,0.0,630,2119030,2119659,14,15,L07-4,2
5,2101104,2994523,1.0,893420,2122754,3028542,15,25,L07-4,2
6,2994524,2998225,0.0,3702,3028543,3032244,25,26,L07-4,2
7,2998226,3954801,1.0,956576,3035338,3998098,26,-1,L07-4,2
1,1,1063807,1.0,1063807,1,1069995,-1,6,L07-4,3
2,1063808,1064514,0.0,707,1069996,1070702,6,7,L07-4,3
3,1064515,2319132,1.0,1254618,1073797,2343879,7,22,L07-4,3
4,2319133,2320719,0.0,1587,2346974,2348560,22,24,L07-4,3
5,2320720,2575905,1.0,255186,2348561,2606839,24,27,L07-4,3
6,2575906,2593198,0.0,17293,2606840,2624132,27,28,L07-4,3
7,2593199,2982909,1.0,389711,2624133,3016937,28,32,L07-4,3
8,2982910,2991781,0.0,8872,3016938,3025809,32,33,L07-4,3
9,2991782,3667527,1.0,675746,3025810,3710834,33,39,L07-4,3
10,3667528,3698357,0.0,30830,3710835,3741664,39,40,L07-4,3
11,3698358,3948417,1.0,250060,3741665,3994818,40,-1,L07-4,3
1,1,846973,1.0,846973,1,853159,-1,6,L08-1,2
2,846974,849136,0.0,2163,853160,858415,6,9,L08-1,2
3,849137,1272602,1.0,423466,858416,1284973,9,12,L08-1,2
4,1272603,1292564,0.0,19962,1288068,1308029,12,14,L08-1,2
5,1292565,2101112,1.0,808548,1308030,2122762,14,18,L08-1,2
6,2101113,2101899,0.0,787,2122763,2126643,18,20,L08-1,2
7,2101900,2321902,1.0,220003,2126644,2349739,20,23,L08-1,2
8,2321903,2340230,0.0,18328,2352833,2371160,23,25,L08-1,2
9,2340231,2955280,1.0,615050,2371161,2992393,25,28,L08-1,2
10,2955281,2978126,0.0,22846,2992394,3015239,28,30,L08-1,2
11,2978127,2991383,1.0,13257,3015240,3028496,30,31,L08-1,2
12,2991384,2998235,0.0,6852,3028497,3035348,31,32,L08-1,2
13,2998236,3954810,1.0,956575,3038442,4001201,32,-1,L08-1,2
1,1,682629,1.0,682629,1,691911,-1,-1,L08-1,3
2,682630,682714,0.0,85,691912,691996,-1,-1,L08-1,3
3,682715,1061291,1.0,378577,691997,1073666,-1,9,L08-1,3
4,1061292,1064637,0.0,3346,1073667,1077012,9,10,L08-1,3
5,1064638,2299115,1.0,1234478,1080107,2326958,10,20,L08-1,3
6,2299116,2322491,0.0,23376,2330053,2353428,20,22,L08-1,3
7,2322492,2362842,1.0,40351,2353429,2393779,22,23,L08-1,3
8,2362843,2363706,0.0,864,2393780,2394643,23,24,L08-1,3
9,2363707,3699646,1.0,1335940,2394644,3746047,24,32,L08-1,3
10,3699647,3703649,0.0,4003,3746048,3750050,32,34,L08-1,3
11,3703650,3884035,1.0,180386,3750051,3930436,34,-1,L08-1,3
1,1,1290510,1.0,1290510,1,1305975,-1,11,L08-2,2
2,1290511,1292567,0.0,2057,1305976,1308032,11,12,L08-2,2
3,1292568,2321902,1.0,1029335,1311125,2349739,12,20,L08-2,2
4,2321903,2367658,0.0,45756,2352833,2398588,20,22,L08-2,2
5,2367659,2403949,1.0,36291,2398589,2434879,22,23,L08-2,2
6,2403950,2404812,0.0,863,2434880,2435742,23,24,L08-2,2
7,2404813,3954810,1.0,1549998,2435743,4001201,24,-1,L08-2,2
1,1,1066793,1.0,1066793,1,1076072,-1,8,L08-2,3
2,1066794,1067241,0.0,448,1079167,1079614,8,10,L08-2,3
3,1067242,1272654,1.0,205413,1079615,1285027,10,13,L08-2,3
4,1272655,1290558,2.0,17904,1288121,1306024,13,15,L08-2,3
5,1290559,2099140,1.0,808582,1309123,2120798,15,20,L08-2,3
6,2099141,2099951,0.0,811,2120799,2124702,20,22,L08-2,3
7,2099952,2906712,1.0,806761,2124703,2943832,22,30,L08-2,3
8,2906713,2930078,0.0,23366,2943833,2967198,30,32,L08-2,3
9,2930079,2945497,1.0,15419,2967199,2982617,32,33,L08-2,3
10,2945498,2949670,0.0,4173,2982618,2986790,33,34,L08-2,3
11,2949671,3906280,1.0,956610,2986791,3952681,34,-1,L08-2,3
1,1,2101113,1.0,2101113,1,2122763,-1,15,L08-3,2
2,2101114,2102089,0.0,976,2125858,2126833,15,17,L08-3,2
3,2102090,2321902,1.0,219813,2126834,2349739,17,20,L08-3,2
4,2321903,2349238,0.0,27336,2352833,2380168,20,22,L08-3,2
5,2349239,2404812,1.0,55574,2380169,2435742,22,23,L08-3,2
6,2404813,2691765,2.0,286953,2435743,2725786,23,25,L08-3,2
7,2691766,2955273,1.0,263508,2725787,2989294,25,26,L08-3,2
8,2955274,2981447,0.0,26174,2992387,3018560,26,28,L08-3,2
9,2981448,3954810,1.0,973363,3018561,4001201,28,-1,L08-3,2
1,1,2125703,1.0,2125703,1,2150447,-1,-1,L08-3,3
2,2125704,2125723,0.0,20,2150448,2150467,18,18,L08-3,3
3,2125724,2311870,1.0,186147,2153561,2339707,18,20,L08-3,3
4,2311871,2321044,0.0,9174,2339708,2348881,20,21,L08-3,3
5,2321045,4187467,1.0,1866423,2348882,4236956,21,-1,L08-3,3
1,1,846657,1.0,846657,1,852843,-1,5,L08-4,2
2,846658,848946,0.0,2289,852844,855132,5,6,L08-4,2
3,848947,2100483,1.0,1251537,858226,2122133,6,16,L08-4,2
4,2100484,2101113,0.0,630,2122134,2122763,16,17,L08-4,2
5,2101114,2994533,1.0,893420,2125858,3031646,17,27,L08-4,2
6,2994534,2998235,0.0,3702,3031647,3035348,27,28,L08-4,2
7,2998236,3954810,1.0,956575,3038442,4001201,28,-1,L08-4,2
1,1,3544781,1.0,3544781,1,3588085,-1,29,L08-4,3
2,3544782,3555141,0.0,10360,3588086,3598445,29,31,L08-4,3
3,3555142,3948332,1.0,393191,3598446,3997823,31,-1,L08-4,3
1,1,3922658,1.0,3922658,1,3964756,-1,27,L09-1,2
2,3922659,3927975,0.0,5317,3964757,3970073,27,28,L09-1,2
3,3927976,3947629,1.0,19654,3970074,3989727,28,-1,L09-1,2
1,1,390443,1.0,390443,1,394533,-1,3,L09-1,3
2,390444,390643,0.0,200,394534,394733,3,4,L09-1,3
3,390644,1674477,1.0,1283834,394734,1691937,4,12,L09-1,3
4,1674478,1684385,0.0,9908,1691938,1701845,12,13,L09-1,3
5,1684386,2937232,1.0,1252847,1705936,2973145,13,24,L09-1,3
6,2937233,2937580,0.0,348,2973146,2973493,24,25,L09-1,3
7,2937581,3541500,1.0,603920,2973494,3583598,25,30,L09-1,3
8,3541501,3541848,0.0,348,3583599,3588035,30,32,L09-1,3
9,3541849,3910568,1.0,368720,3588036,3959849,32,35,L09-1,3
10,3910569,3923469,0.0,12901,3959850,3976838,35,38,L09-1,3
11,3923470,3942501,1.0,19032,3976839,3995870,38,-1,L09-1,3
1,1,1672622,1.0,1672622,1,1685990,-1,10,L09-2,2
2,1672623,1684297,0.0,11675,1685991,1697665,10,11,L09-2,2
3,1684298,2238482,1.0,554185,1701756,2255940,11,13,L09-2,2
4,2238483,2238817,0.0,335,2255941,2256275,13,14,L09-2,2
5,2238818,3865108,1.0,1626291,2260366,3903118,14,26,L09-2,2
6,3865109,3882230,0.0,17122,3903119,3920240,26,27,L09-2,2
7,3882231,3947620,1.0,65390,3920241,3985630,27,-1,L09-2,2
1,1,2206505,1.0,2206505,1,2222971,-1,13,L09-2,3
2,2206506,2226924,0.0,20419,2222972,2243390,13,14,L09-2,3
3,2226925,3529286,1.0,1302362,2247480,3559123,14,22,L09-2,3
4,3529287,3529767,0.0,481,3559124,3563693,22,25,L09-2,3
5,3529768,3918684,1.0,388917,3563694,3958795,25,-1,L09-2,3
1,1,1674502,1.0,1674502,1,1687870,-1,12,L09-3,2
2,1674503,1684296,0.0,9794,1687871,1697664,12,13,L09-3,2
3,1684297,2156626,1.0,472330,1697665,2178172,13,18,L09-3,2
4,2156627,2158308,0.0,1682,2178173,2179854,18,19,L09-3,2
5,2158309,3541326,1.0,1383018,2179855,3576242,19,28,L09-3,2
6,3541327,3541555,0.0,229,3580333,3580561,28,30,L09-3,2
7,3541556,3947629,1.0,406074,3580562,3989727,30,-1,L09-3,2
1,1,157041,1.0,157041,1,157041,-1,1,L09-3,3
2,157042,157185,0.0,144,161132,161275,1,3,L09-3,3
3,157186,1725839,1.0,1568654,161276,1759650,3,21,L09-3,3
4,1725840,1726370,0.0,531,1759651,1760181,21,22,L09-3,3
5,1726371,1891061,1.0,164691,1760182,1924872,22,24,L09-3,3
6,1891062,1897311,0.0,6250,1924873,1934216,24,27,L09-3,3
7,1897312,3019542,1.0,1122231,1934217,3067719,27,36,L09-3,3
8,3019543,3020192,0.0,650,3067720,3068369,36,37,L09-3,3
9,3020193,3936060,1.0,915868,3068370,3997607,37,-1,L09-3,3
1,1,152788,1.0,152788,1,152788,-1,1,L09-4,2
2,152789,161261,0.0,8473,152789,161261,1,2,L09-4,2
3,161262,2238530,1.0,2077269,161262,2255988,2,13,L09-4,2
4,2238531,2238816,0.0,286,2255989,2256274,13,14,L09-4,2
5,2238817,3815303,1.0,1576487,2256275,3853313,14,26,L09-4,2
6,3815304,3815385,0.0,82,3853314,3853395,26,27,L09-4,2
7,3815386,3947620,1.0,132235,3853396,3985630,27,-1,L09-4,2
1,1,3938895,1.0,3938895,1,3985080,-1,-1,L09-4,3
1,1,847306,1.0,847306,1,850399,-1,3,L10-1,2
2,847307,849376,0.0,2070,850400,852469,3,4,L10-1,2
3,849377,3948368,1.0,3098992,852470,3982402,4,-1,L10-1,2
1,1,1126365,1.0,1126365,1,1132552,-1,5,L10-1,3
2,1126366,1130351,0.0,3986,1132553,1136538,5,6,L10-1,3
3,1130352,1270566,1.0,140215,1136539,1276753,6,7,L10-1,3
4,1270567,1270812,0.0,246,1276754,1280093,7,9,L10-1,3
5,1270813,2508093,1.0,1237281,1280094,2529748,9,20,L10-1,3
6,2508094,2509049,0.0,956,2532842,2533797,20,22,L10-1,3
7,2509050,2720526,1.0,211477,2533798,2745274,22,23,L10-1,3
8,2720527,2743901,0.0,23375,2745275,2768649,23,24,L10-1,3
9,2743902,3910851,1.0,1166950,2771742,3953483,24,33,L10-1,3
10,3910852,3923218,0.0,12367,3953484,3965850,33,34,L10-1,3
11,3923219,3946535,1.0,23317,3968944,3992260,34,-1,L10-1,3
1,1,120541,1.0,120541,1,120541,-1,1,L10-2,2
2,120542,125371,3.0,4830,123635,128464,1,3,L10-2,2
3,125372,136190,2.0,10819,128465,139283,3,5,L10-2,2
4,136191,1901650,1.0,1765460,139284,1907836,5,12,L10-2,2
5,1901651,1913945,0.0,12295,1907837,1923225,12,15,L10-2,2
6,1913946,3043947,1.0,1130002,1923226,3065600,15,26,L10-2,2
7,3043948,3044334,0.0,387,3065601,3065987,26,27,L10-2,2
8,3044335,3910895,1.0,866561,3065988,3941837,27,33,L10-2,2
9,3910896,3925052,0.0,14157,3941838,3955994,33,34,L10-2,2
10,3925053,3948368,1.0,23316,3955995,3982402,34,-1,L10-2,2
1,1,116657,1.0,116657,1,116657,-1,1,L10-2,3
2,116658,141032,0.0,24375,116658,147218,1,6,L10-2,3
3,141033,3942315,1.0,3801283,153418,4026576,6,-1,L10-2,3
1,1,120145,1.0,120145,1,120145,-1,2,L10-3,2
2,120146,120541,0.0,396,120146,120541,2,3,L10-3,2
3,120542,1382453,1.0,1261912,123635,1388639,3,8,L10-3,2
4,1382454,1399801,0.0,17348,1388640,1405987,8,9,L10-3,2
5,1399802,2073386,1.0,673585,1405988,2085759,9,14,L10-3,2
6,2073387,2074655,0.0,1269,2085760,2087028,14,15,L10-3,2
7,2074656,3923798,1.0,1849143,2087029,3954740,15,26,L10-3,2
8,3923799,3925053,0.0,1255,3954741,3955995,26,27,L10-3,2
9,3925054,3948368,1.0,23315,3959088,3982402,27,-1,L10-3,2
1,1,117977,1.0,117977,1,121070,-1,1,L10-3,3
2,117978,120162,0.0,2185,121071,123255,1,3,L10-3,3
3,120163,1008847,1.0,888685,126349,1020444,3,8,L10-3,3
4,1008848,1009802,0.0,955,1020445,1021399,8,9,L10-3,3
5,1009803,1377113,1.0,367311,1021400,1391803,9,12,L10-3,3
6,1377114,1383223,0.0,6110,1391804,1404107,12,15,L10-3,3
7,1383224,1933695,1.0,550472,1404108,1957672,15,18,L10-3,3
8,1933696,1957397,0.0,23702,1957673,1981374,18,19,L10-3,3
9,1957398,3475389,1.0,1517992,1981375,3518718,19,32,L10-3,3
10,3475390,3538739,2.0,63350,3518719,3582068,32,33,L10-3,3
11,3538740,3892092,1.0,353353,3585162,3947809,33,39,L10-3,3
12,3892093,3905037,0.0,12945,3947810,3960754,39,40,L10-3,3
13,3905038,3928356,1.0,23319,3963849,3987167,40,-1,L10-3,3
1,1,118315,1.0,118315,1,118315,-1,1,L10-4,2
2,118316,120896,0.0,2581,118316,123989,1,4,L10-4,2
3,120897,3924884,1.0,3803988,123990,3955826,4,25,L10-4,2
4,3924885,3925053,0.0,169,3955827,3955995,25,26,L10-4,2
5,3925054,3948368,1.0,23315,3959088,3982402,26,-1,L10-4,2
1,1,1270036,1.0,1270036,1,1273129,-1,5,L10-4,3
2,1270037,1270272,0.0,236,1273130,1276458,5,7,L10-4,3
3,1270273,1908254,1.0,637982,1276459,1920625,7,14,L10-4,3
4,1908255,1908584,0.0,330,1920626,1920955,14,15,L10-4,3
5,1908585,2281965,1.0,373381,1924049,2303615,15,23,L10-4,3
6,2281966,2311870,2.0,29905,2303616,2333520,23,24,L10-4,3
7,2311871,3688375,1.0,1376505,2336615,3725493,24,37,L10-4,3
8,3688376,3688641,0.0,266,3725494,3725759,37,38,L10-4,3
9,3688642,3945803,1.0,257162,3731954,3992207,38,-1,L10-4,3
1,1,3967141,1.0,3967141,1,4004265,-1,-1,L11-1,2
1,1,161100,1.0,161100,1,164194,-1,3,L11-1,3
2,161101,161296,0.0,196,167289,167484,3,5,L11-1,3
3,161297,1210929,1.0,1049633,167485,1226389,5,12,L11-1,3
4,1210930,1231586,0.0,20657,1226390,1247046,12,13,L11-1,3
5,1231587,3630160,1.0,2398574,1247047,3676553,13,34,L11-1,3
6,3630161,3634397,0.0,4237,3676554,3680790,34,36,L11-1,3
7,3634398,3714446,1.0,80049,3680791,3760839,36,37,L11-1,3
8,3714447,3714622,0.0,176,3760840,3761015,37,38,L11-1,3
9,3714623,3966427,1.0,251805,3761016,4019007,38,-1,L11-1,3
1,1,1271800,1.0,1271800,1,1281078,-1,8,L11-2,2
2,1271801,1286413,2.0,14613,1284173,1298785,8,10,L11-2,2
3,1286414,2075355,1.0,788942,1298786,2093913,10,17,L11-2,2
4,2075356,2080403,2.0,5048,2093914,2098961,17,18,L11-2,2
5,2080404,2111576,3.0,31173,2098962,2130134,18,19,L11-2,2
6,2111577,3967141,1.0,1855565,2133231,4004265,19,-1,L11-2,2
1,1,1271522,1.0,1271522,1,1283895,-1,11,L11-2,3
2,1271523,1286137,2.0,14615,1283896,1301603,11,13,L11-2,3
3,1286138,1286218,0.0,81,1304699,1304779,13,15,L11-2,3
4,1286219,1860128,1.0,573910,1304780,1891062,15,24,L11-2,3
5,1860129,1860320,0.0,192,1891063,1894347,24,26,L11-2,3
6,1860321,2125662,1.0,265342,1894348,2162782,26,30,L11-2,3
7,2125663,2130714,0.0,5052,2165876,2170927,30,-1,L11-2,3
8,2130715,2156645,1.0,25931,2170928,2196858,-1,-1,L11-2,3
9,2156646,2193040,0.0,36395,2196859,2236346,-1,34,L11-2,3
10,2193041,4048373,1.0,1855333,2239440,4113329,34,-1,L11-2,3
1,1,2429642,1.0,2429642,1,2454387,-1,17,L11-3,2
2,2429643,2429808,0.0,166,2457484,2457649,17,19,L11-3,2
3,2429809,3604823,1.0,1175015,2457650,3635758,19,22,L11-3,2
4,3604824,3632891,0.0,28068,3635759,3666921,22,25,L11-3,2
5,3632892,3967141,1.0,334250,3666922,4004265,25,-1,L11-3,2
1,1,1845527,1.0,1845527,1,1864089,-1,13,L11-3,3
2,1845528,1868423,0.0,22896,1864090,1886985,13,15,L11-3,3
3,1868424,3938152,1.0,2069729,1886986,3975273,15,-1,L11-3,3
1,1,1978700,1.0,1978700,1,1997258,-1,17,L11-4,2
2,1978701,1996263,0.0,17563,1997259,2014821,17,18,L11-4,2
3,1996264,2111576,1.0,115313,2014822,2130134,18,19,L11-4,2
4,2111577,2117111,0.0,5535,2133231,2138765,19,21,L11-4,2
5,2117112,2429642,1.0,312531,2138766,2454387,21,24,L11-4,2
6,2429643,2434684,0.0,5042,2457484,2462525,24,26,L11-4,2
7,2434685,3967141,1.0,1532457,2462526,4004265,26,-1,L11-4,2
1,1,161100,1.0,161100,1,164193,-1,3,L11-4,3
2,161101,381042,2.0,219942,167287,390321,3,7,L11-4,3
3,381043,1845346,1.0,1464304,393415,1873186,7,21,L11-4,3
4,1845347,1845536,0.0,190,1873187,1873376,21,22,L11-4,3
5,1845537,3912458,1.0,2066922,1873377,3978933,22,49,L11-4,3
6,3912459,3913930,0.0,1472,3978934,3980405,49,50,L11-4,3
7,3913931,3938293,1.0,24363,3983500,4007862,50,-1,L11-4,3
