Line,Gen,is_cluster_id,min_dist,head_qend,tail_qstart,min_i,min_j,raw_dist,min_start_raw,min_end_raw,flank_dist,dir
L01-1,1,0,3093,2999,1,0,1,3094,476905,479999,3093,True
L01-1,1,1,8024,2063,311,2,3,9269,547577,555600,-8024,False
L01-1,1,2,17732,2998,2,4,9,17735,1185953,1203686,17732,False
L01-1,1,3,3093,2999,1,11,12,3094,1406354,1409448,3093,True
L01-1,1,4,4663,2999,1,15,16,4664,1500452,1505116,4663,True
L01-1,1,5,4664,2999,1,17,20,4665,1993862,1998527,4664,True
L01-1,1,6,4664,2999,1,22,23,4665,2313894,2318559,4664,True
L01-1,1,7,3093,2999,1,31,34,3094,3379915,3383009,3093,True
L01-1,1,8,3093,2999,1,38,39,3094,3877459,3880553,3093,True
L01-1,1,9,4664,2999,1,40,41,4665,3975017,3979682,4664,True
L01-1,2,0,3094,2999,1,43,44,3095,476924,480019,3094,True
L01-1,2,1,3095,2536,1,45,46,3559,552063,555159,3095,True
L01-1,2,2,3094,2999,1,47,48,3095,706058,709153,3094,True
L01-1,2,3,204261,2999,1,49,54,204262,1188620,1392882,204261,False
L01-1,2,4,3093,2999,1,55,57,-3094,1379821,1376727,3093,True
L01-1,2,5,3094,2999,1,131,132,3095,1412099,1415194,3094,True
L01-1,2,6,4664,2999,1,135,136,4665,1506198,1510863,4664,True
L01-1,2,7,3091,2448,853,137,138,4495,1681982,1685074,3091,True
L01-1,2,8,3090,2999,1,139,140,3091,1884941,1888032,3090,True
L01-1,2,9,3093,2999,1,141,144,3094,1921515,1924609,3093,True
L01-1,2,10,286649,2999,171,146,147,286818,2158880,2445528,-286649,True
L01-1,2,11,3091,2999,1586,153,154,4677,2583286,2586378,3091,True
L01-1,2,12,3093,2999,1,155,157,3094,3285854,3288948,3093,True
L01-1,2,13,4662,2999,169,161,163,4831,3616796,3621459,4662,True
L01-1,2,14,3092,2999,1,164,165,3093,3786317,3789410,3092,True
L01-1,2,15,4663,2999,1,166,167,4664,3883880,3888544,4663,True
L01-2,1,0,3093,2999,1,169,170,3094,476922,480016,3093,True
L01-2,1,2,16358,2998,2463,172,177,18822,1154338,1170697,16358,False
L01-2,1,3,3093,2999,1,179,180,3094,1372270,1375364,3093,True
L01-2,1,4,4663,2999,1,183,184,4664,1466372,1471036,4663,True
L01-2,1,5,3094,2999,1,185,188,3095,1953578,1956673,3094,True
L01-2,1,6,4660,2898,1,190,191,4762,2305319,2309980,4660,True
L01-2,1,7,3094,2999,1,199,202,3095,3372458,3375553,3094,True
L01-2,1,8,6336,2857,1,205,207,6479,3867105,3873442,6336,True
L01-2,1,9,4664,2999,1,208,209,4665,3967910,3972575,4664,True
L01-2,2,0,3094,2999,1,211,212,3095,476928,480023,3094,True
L01-2,2,1,4288,2998,1,213,216,4290,531618,535907,4288,True
L01-2,2,2,1538644,2998,1871,218,220,-1536772,2082417,543774,-1538644,True
L01-2,2,3,4664,2999,1,221,226,4665,1142290,1146955,4664,True
L01-2,2,4,3094,2997,1,232,233,3097,1158642,1161737,3094,True
L01-2,2,5,3094,2999,1,305,306,3095,1360211,1363306,3094,True
L01-2,2,6,4663,2999,1,309,310,4664,1457414,1462078,4663,True
L01-2,2,7,3094,2999,1,311,314,3095,1949299,1952394,3094,True
L01-2,2,8,1527252,2757,1,316,318,-1527009,2063158,535907,-1527252,True
L01-2,2,9,3094,2999,1,320,321,3095,2093453,2096548,3094,True
L01-2,2,10,3095,2999,1,322,323,3096,2300818,2303914,3095,True
L01-2,2,11,3094,2999,1,331,334,3095,3372642,3375737,3094,True
L01-2,2,12,3094,2999,1,337,338,3095,3522870,3525965,3094,True
L01-2,2,13,2486274,2999,148,342,343,-2486126,3846483,1360210,-2486274,True
L01-2,2,14,3305800,2851,1,390,461,3305949,543776,3849577,3305800,True
L01-2,2,15,522920,2979,153,462,463,-522747,3944027,3421108,-522920,False
L01-3,1,0,3094,2999,1,464,465,3095,480016,483111,3094,True
L01-3,1,1,4655,2063,274,466,467,5863,550690,555344,-4655,False
L01-3,1,2,153447,1003,617,468,472,-150836,1332936,1179488,153447,False
L01-3,1,3,3093,2999,1,474,475,3094,1391489,1394583,3093,True
L01-3,1,4,4664,2999,1,478,479,4665,1485592,1490257,4664,True
L01-3,1,5,3093,2999,1,480,483,3094,1978531,1981625,3093,True
L01-3,1,6,4665,2997,1,485,486,4668,2296981,2301647,4665,True
L01-3,1,7,3094,2999,1,494,497,3095,3374974,3378069,3094,True
L01-3,1,8,3093,2999,1,501,502,3094,3869522,3872616,3093,True
L01-3,1,9,3093,2999,1,503,504,3094,3970181,3973275,3093,True
L01-3,2,0,3094,2999,1,506,507,3095,5309,8404,3094,True
L01-3,2,1,3093,2999,1,508,509,3094,480028,483122,3093,True
L01-3,2,2,3094,2999,1,510,582,3095,552261,555356,3094,True
L01-3,2,3,3094,2999,1,583,586,3095,1178397,1181492,3094,True
L01-3,2,4,3094,2999,1,587,588,3095,1393493,1396588,3094,True
L01-3,2,5,4664,2999,1,591,592,4665,1487596,1492261,4664,True
L01-3,2,6,3092,2999,1105,593,600,4197,1564209,1567302,3092,True
L01-3,2,7,3093,2999,1,601,602,3094,1748725,1751819,3093,True
L01-3,2,8,3093,2999,1,604,607,3094,1820157,1823251,3093,True
L01-3,2,9,11939,2824,1,608,609,12115,1836335,1848275,11939,True
L01-3,2,10,7,2998,1,610,611,-5,1932254,1932248,-7,True
L01-3,2,11,737968,2590,1,612,613,738376,1236469,1974436,-737968,False
L01-3,2,12,211747,2999,171,615,616,211918,2289797,2501545,211747,False
L01-3,2,13,3094,2999,1,623,627,3095,2501784,2504879,3094,True
L01-3,2,14,3094,2999,1,628,629,3095,2801032,2804127,3094,True
L01-3,2,15,4663,2999,1,630,631,4664,2939974,2944638,4663,True
L01-3,2,16,966462,2757,252,632,634,-965970,2196179,1229716,966462,True
L01-3,2,17,3093,2999,1,638,641,3094,3443504,3446598,3093,True
L01-3,2,20,3094,2999,1,645,646,3095,3916543,3919638,3094,True
L01-4,1,0,3094,2999,1,648,649,3095,476917,480012,3094,True
L01-4,1,1,7,2998,1,650,652,-5,557155,557149,-7,True
L01-4,1,2,17778,2998,1,653,658,17780,1184720,1202499,17778,False
L01-4,1,3,3094,2999,1,660,661,3095,1405117,1408212,3094,True
L01-4,1,4,3094,2999,1,664,665,3095,1499219,1502314,3094,True
L01-4,1,5,3094,2999,1,666,669,3095,1987963,1991058,3094,True
L01-4,1,6,193731,2999,171,671,672,193902,2312630,2506362,193731,False
L01-4,1,7,3094,2999,1,679,682,3095,3362628,3365723,3094,True
L01-4,1,8,3094,2999,1,686,687,3095,3860177,3863272,3094,True
L01-4,1,9,4645,2999,1,688,689,4646,3957739,3962385,4645,True
L01-4,2,0,3093,2999,1,691,692,3094,487142,490236,3093,True
L01-4,2,1,4663,2999,1,693,698,4664,1198043,1202707,4663,True
L01-4,2,2,3094,2999,1,699,701,3095,1215815,1218910,3094,True
L01-4,2,3,3093,2999,1,779,780,3094,1418427,1421521,3093,True
L01-4,2,4,4663,2999,1,783,784,4664,1512524,1517188,4663,True
L01-4,2,5,3094,2999,1,785,788,3095,1840874,1843969,3094,True
L01-4,2,6,3094,2999,1,789,792,3095,2002830,2005925,3094,True
L01-4,2,7,3093,2999,1,794,795,3094,2051727,2054821,3093,True
L01-4,2,8,3093,2999,1,796,797,3094,2140280,2143374,3093,True
L01-4,2,9,4662,2999,1,798,799,4663,2327494,2332157,4662,True
L01-4,2,10,3094,2999,1,802,824,3095,2462111,2465206,3094,True
L01-4,2,11,3094,1397,1,826,827,4697,2572798,2575893,3094,True
L01-4,2,12,3092,2999,1,828,831,3093,2766044,2769137,3092,True
L01-4,2,13,1143643,2757,1,835,837,1143884,2233872,3377514,-1143643,False
L01-4,2,14,4661,2999,1415,841,844,6076,3478389,3483051,4661,True
L01-4,2,15,3095,2670,1,845,846,3425,3870212,3873308,3095,True
L01-4,2,16,4645,2999,1,847,848,4646,3967770,3972416,4645,True
L02-1,1,0,3142,2961,1,850,853,3181,1279018,1282161,3142,True
L02-1,1,1,3093,2999,1,854,855,3094,1522324,1525418,3093,True
L02-1,1,2,3094,2999,1,856,857,3095,1670842,1673937,3094,True
L02-1,1,3,3093,2999,1,858,866,3094,2284963,2288057,3093,True
L02-1,1,4,3094,2999,1,867,868,3095,2380648,2383743,3094,True
L02-1,1,5,3094,2999,1,869,870,3095,2660312,2663407,3094,True
L02-1,1,6,3094,2999,1,873,881,3095,2900276,2903371,3094,True
L02-1,1,7,3092,2059,1,883,893,4033,3041000,3044093,3092,True
L02-1,1,8,3294798,2999,2427,894,942,-3292371,3353267,58470,-3294798,True
L02-1,1,9,3093,2999,1,958,959,3094,3467697,3470791,3093,True
L02-1,1,10,3094,2999,1,961,963,3095,3670957,3674052,3094,True
L02-1,1,11,3094,2999,1,1030,1032,3095,3783353,3786448,3094,True
L02-1,1,12,3743,2999,1,1034,1035,3744,3802948,3806692,3743,True
L02-1,1,13,3100,599,5,1036,1037,5505,3865103,3868204,3100,True
L02-1,1,14,3095,1846,1,1038,1039,4249,3965569,3968665,3095,True
L02-1,2,0,3094,2999,1,1042,1043,3095,590202,593297,3094,True
L02-1,2,1,2483075,2999,1,1104,1105,2483076,1251162,3734238,2483075,False
L02-1,2,2,2436112,2997,1,1106,1109,-2436111,3694064,1257951,2436112,False
L02-1,2,3,3089,2999,1,1111,1113,3090,1501195,1504285,3089,True
L02-1,2,4,3095,1616,1,1114,1115,4479,1648319,1651415,3095,True
L02-1,2,5,3094,2999,1,1116,1117,3095,1735043,1738138,3094,True
L02-1,2,6,3093,2999,1,1119,1122,3094,1806439,1809533,3093,True
L02-1,2,7,7,2998,1,1123,1177,-5,2097939,2097933,-7,True
L02-1,2,8,216432,2034,1,1178,1187,-215468,2470362,2253929,216432,False
L02-1,2,9,3093,2999,1,1188,1189,3094,2346513,2349607,3093,True
L02-1,2,10,3092,2999,1,1190,1191,3093,2632367,2635460,3092,True
L02-1,2,11,3093,2999,1,1194,1203,3094,2872318,2875412,3093,True
L02-1,2,12,3093,2999,1,1206,1220,3094,3013028,3016122,3093,True
L02-1,2,13,3094,2999,1,1221,1271,3095,3330252,3333347,3094,True
L02-1,2,14,293308,2999,1,1274,1275,293309,3444675,3737984,293308,True
L02-1,2,15,3094,2999,1,1277,1278,3095,3830759,3833854,3094,True
L02-1,2,16,3093,2999,1,1281,1283,3094,3938145,3941239,3093,True
L02-1,2,17,1743811,2992,1,1353,1354,1743819,2225669,3969481,1743811,True
L02-1,2,18,3743,2999,1,1356,1357,3744,3985978,3989722,3743,True
L02-1,2,19,3093,2999,1,1358,1359,3094,4048130,4051224,3093,True
L02-1,2,20,3092,2999,1509,1360,1362,4601,4148589,4151682,3092,True
L02-2,1,0,3094,2999,1,1365,1368,3095,1281924,1285019,3094,True
L02-2,1,1,3094,2999,1,1369,1370,3095,1528292,1531387,3094,True
L02-2,1,2,3094,2999,1,1371,1372,3095,1676818,1679913,3094,True
L02-2,1,3,3094,2999,1,1373,1381,3095,2319549,2322644,3094,True
L02-2,1,5,3069,2999,1,1383,1384,3070,2693916,2696986,3069,True
L02-2,1,6,3094,2999,1,1387,1395,3095,2936966,2940061,3094,True
L02-2,1,7,11568,989,1,1397,1403,13579,3050619,3062188,11568,True
L02-2,1,8,3094,2999,1,1404,1452,3095,3371371,3374466,3094,True
L02-2,1,9,3094,2999,1,1469,1470,3095,3495849,3498944,3094,True
L02-2,1,10,35723,2999,1,1472,1474,35724,3696010,3731734,35723,False
L02-2,1,11,3094,2999,1,1541,1543,3095,3796528,3799623,3094,True
L02-2,1,12,73376,2999,1,1546,1548,73377,3816123,3889500,73376,False
L02-2,1,13,3091,2999,447,1549,1550,3538,3910229,3913321,3091,True
L02-2,1,14,3092,2999,745,1551,1552,3837,4011399,4014492,3092,True
L02-2,2,0,3742,2999,1,1555,1557,3743,554025,557768,3742,True
L02-2,2,1,3094,2999,1,1558,1559,3095,769939,773034,3094,True
L02-2,2,2,3094,2999,1,1560,1561,3095,1015788,1018883,3094,True
L02-2,2,3,3093,2999,1,1566,1569,3094,1281827,1284921,3093,True
L02-2,2,4,3094,2999,1,1570,1571,3095,1341194,1344289,3094,True
L02-2,2,5,3094,2999,1,1651,1652,3095,1528178,1531273,3094,True
L02-2,2,6,3094,2999,1,1653,1654,3095,1676689,1679784,3094,True
L02-2,2,7,3094,2999,1,1655,1656,3095,1823896,1826991,3094,True
L02-2,2,8,3091,2999,1649,1657,1667,4740,2704045,2707137,3091,True
L02-2,2,9,3095,2999,1,1668,1669,3096,2793982,2797078,3095,True
L02-2,2,10,3093,2999,1,1670,1674,3094,2230526,2233620,3093,True
L02-2,2,11,3068,2999,1,1678,1680,3069,2444896,2447965,3068,True
L02-2,2,12,638033,2999,1,1684,1686,638034,2581729,3219763,638033,True
L02-2,2,13,876232,2999,1,1687,1695,876233,3322866,4199099,876232,False
L02-2,2,14,3093,2999,1,1697,1698,-3094,4080080,4076986,3093,True
L02-2,2,15,3092,2999,679,1699,1749,-2415,3767832,3764739,3092,True
L02-2,2,16,3093,2999,1,1769,1770,-3094,3644051,3640957,3093,True
L02-2,2,17,3093,2999,1,1772,1774,-3094,3443899,3440805,3093,True
L02-2,2,18,3089,2999,2158,1775,1846,-933,3408175,3405085,3089,True
L02-2,2,19,3094,2999,1,1847,1849,-3095,3345552,3342457,3094,True
L02-2,2,20,16500,2999,1,1851,1852,16499,3325958,3342457,-16500,True
L02-2,2,21,876889,2999,1,1854,1855,876888,3325958,4202846,-876889,False
L02-2,2,22,3743,2999,1,1856,1857,3744,4252882,4256626,3743,True
L02-2,2,23,3093,2999,1,1858,1859,3094,4267402,4270496,3093,True
L02-2,2,24,3093,2999,1,1860,1861,3094,4368563,4371657,3093,True
L02-3,1,0,3093,2999,1,1864,1867,3094,1263879,1266973,3093,True
L02-3,1,1,3094,2999,1,1868,1869,3095,1510234,1513329,3094,True
L02-3,1,2,3092,2999,561,1870,1871,3653,1658754,1661847,3092,True
L02-3,1,3,3094,2999,1,1872,1880,3095,2301549,2304644,3094,True
L02-3,1,4,3092,2999,1800,1881,1882,4892,2400333,2403426,3092,True
L02-3,1,5,3094,2999,1,1883,1884,3095,2663634,2666729,3094,True
L02-3,1,6,3093,2999,1,1887,1895,3094,2906699,2909793,3093,True
L02-3,1,7,3094,2999,1,1897,1908,3095,3048358,3051453,3094,True
L02-3,1,8,3090,2999,504,1909,1956,3594,3360625,3363716,3090,True
L02-3,1,9,3093,2999,1,1972,1973,3094,3484592,3487686,3093,True
L02-3,1,10,3094,2999,1,1975,1977,3095,3687850,3690945,3094,True
L02-3,1,11,1522934,2992,1,2043,2044,1522942,2261055,3783990,1522934,True
L02-3,1,12,3743,2999,1,2046,2047,3744,3800491,3804235,3743,True
L02-3,1,13,3094,2999,1,2048,2049,3095,3865043,3868138,3094,True
L02-3,1,14,3093,2999,1,2050,2051,3094,3966655,3969749,3093,True
L02-3,2,0,163110,2999,1,2054,2055,163111,1045226,1208337,163110,False
L02-3,2,2,163120,2999,1,2057,2059,163119,1048316,1211435,-163120,False
L02-3,2,3,3093,2999,1,2060,2063,3094,1251971,1255065,3093,True
L02-3,2,4,7,2998,1,2064,2171,-5,1305532,1305526,-7,True
L02-3,2,5,3094,2999,1,2172,2173,3095,1761597,1764692,3094,True
L02-3,2,6,3093,2999,1,2174,2175,3094,1910108,1913202,3093,True
L02-3,2,7,3743,2999,1,2176,2177,3744,2524744,2528488,3743,True
L02-3,2,8,3093,2999,1,2178,2188,3094,2556606,2559700,3093,True
L02-3,2,9,3094,2999,1,2189,2190,3095,2611228,2614323,3094,True
L02-3,2,11,3094,2999,1,2198,2200,-3095,1560412,1557317,3094,True
L02-3,2,12,1428603,2999,1,2202,2204,1428602,1468235,2896837,-1428603,False
L02-3,2,13,3092,2999,1,2207,2209,3093,2932819,2935912,3092,True
L02-3,2,14,3093,2999,1,2210,2218,3094,3136792,3139886,3093,True
L02-3,2,15,3093,2999,1,2220,2233,3094,3278439,3281533,3093,True
L02-3,2,16,3092,2999,1,2234,2281,3093,3590677,3593770,3092,True
L02-3,2,17,3094,2999,1,2298,2299,3095,3714626,3717721,3094,True
L02-3,2,18,3093,2999,1,2301,2302,3094,3854961,3858055,3093,True
L02-3,2,19,3093,2999,1,2303,2305,3094,3917876,3920970,3093,True
L02-3,2,20,3093,2999,1,2372,2373,3094,4010913,4014007,3093,True
L02-3,2,21,3742,2999,1,2375,2376,3743,4030503,4034246,3742,True
L02-3,2,22,3093,2999,1,2377,2378,3094,4095050,4098144,3093,True
L02-3,2,23,3091,2999,2006,2379,2380,5097,4196660,4199752,3091,True
L02-4,1,0,3093,2999,1,2383,2386,3094,1278710,1281804,3093,True
L02-4,1,1,3093,2999,1,2387,2388,3094,1521967,1525061,3093,True
L02-4,1,2,3094,2999,1,2389,2390,3095,1673590,1676685,3094,True
L02-4,1,3,3094,2999,1,2391,2399,3095,2322497,2325592,3094,True
L02-4,1,5,3092,2999,1,2401,2402,3093,2645748,2648841,3092,True
L02-4,1,6,3093,2999,1,2405,2413,3094,2885710,2888804,3093,True
L02-4,1,7,3095,2999,1,2415,2425,3096,3027372,3030468,3095,True
L02-4,1,8,3420570,2391,2427,2426,2472,-3417535,3479038,58469,-3420570,True
L02-4,1,9,3094,2999,1,2487,2488,-3095,3653219,3650124,3094,True
L02-4,1,10,3093,2999,1,2490,2492,-3094,3449956,3446862,3093,True
L02-4,1,11,3094,2999,1,2558,2560,-3095,3337553,3334458,3094,True
L02-4,1,13,3093,2999,1,2563,2564,3094,3825505,3828599,3093,True
L02-4,1,14,3093,2999,1,2565,2566,3094,3932887,3935981,3093,True
L02-4,2,0,1160581,2999,414,2569,2570,1160995,137368,1297950,1160581,True
L02-4,2,2,3093,2999,1,2606,2609,3094,1276436,1279530,3093,True
L02-4,2,3,3093,2999,1,2610,2611,3094,1519674,1522768,3093,True
L02-4,2,4,3093,2999,1,2612,2674,3094,1551460,1554554,3093,True
L02-4,2,5,3093,2999,1,2675,2676,3094,1671279,1674373,3093,True
L02-4,2,6,3089,2999,1,2677,2678,3090,1743289,1746379,3089,True
L02-4,2,7,6,2998,1,2679,2680,-4,2173358,2173353,-6,True
L02-4,2,8,3093,2999,1,2681,2682,3094,2207589,2210683,3093,True
L02-4,2,10,3094,2999,1,2691,2693,3095,2348111,2351206,3094,True
L02-4,2,11,98609,2999,1,2694,2695,98610,2433522,2532132,98609,True
L02-4,2,12,599196,2999,1,2696,2697,599197,2662098,3261295,599196,False
L02-4,2,13,3092,2999,1,2699,2701,3093,2729462,2732555,3092,True
L02-4,2,14,3092,2999,1,2704,2712,3093,2969410,2972503,3092,True
L02-4,2,15,3093,2999,1,2714,2727,3094,3111061,3114155,3093,True
L02-4,2,16,4818,1811,1,2728,2731,6007,3274652,3279471,4818,True
L02-4,2,17,3741,2999,1,2732,2811,3742,3465360,3469102,3741,True
L02-4,2,18,3094,2999,1,2812,2814,3095,3482629,3485724,3094,True
L02-4,2,19,1158402,2995,1,2816,2882,-1158397,3595017,2436616,-1158402,True
L02-4,2,20,7,2999,1,2884,2889,-6,3667801,3667795,-7,True
L02-4,2,21,3093,2999,1,2890,2892,3094,3701831,3704925,3093,True
L02-4,2,22,3741,2999,1,2893,2894,3742,3812642,3816384,3741,True
L02-4,2,23,3093,2999,1,2895,2896,-3094,3911550,3908456,3093,True
L02-4,2,24,3038354,2999,1242,2897,2899,-3037114,3872551,834196,3038354,False
L02-4,2,25,54162,2985,1,2901,2903,-54147,3980098,3925937,-54162,True
L02-4,2,26,676917,2740,2816,2904,2905,-673842,3984629,3307713,-676917,False
L03-1,1,0,3094,2999,1,2907,2908,3095,207966,211061,3094,True
L03-1,1,1,3094,2999,1,2909,2988,3095,1110019,1113114,3094,True
L03-1,1,2,3094,2999,1,2989,2992,3095,1278816,1281911,3094,True
L03-1,1,3,3094,2999,1,2993,2994,3095,1672321,1675416,3094,True
L03-1,1,4,5172,2999,1,2995,2996,5173,1879128,1884301,5172,True
L03-1,1,5,3094,2999,1,2997,2998,3095,2528772,2531867,3094,True
L03-1,1,6,3094,2999,1,2999,3007,3095,2590954,2594049,3094,True
L03-1,1,7,3093,2999,1,3011,3014,3094,3432837,3435931,3093,True
L03-1,1,8,3100,2999,1,3015,3016,3101,3899401,3902502,3100,True
L03-1,2,0,3094,2999,1,3017,3018,3095,207958,211053,3094,True
L03-1,2,1,3094,2999,1,3019,3097,3095,1099107,1102202,3094,True
L03-1,2,2,3094,2999,1,3098,3101,3095,1267900,1270995,3094,True
L03-1,2,4,3094,2999,1,3103,3178,3095,1461638,1464733,3094,True
L03-1,2,5,3093,2999,1,3181,3182,3094,1649949,1653043,3093,True
L03-1,2,6,60771,2638,1,3183,3184,61133,1856392,1917164,60771,False
L03-1,2,7,1360700,2999,2489,3185,3187,-1358211,2025716,665017,-1360700,True
L03-1,2,8,3093,2772,1,3189,3190,3321,2371816,2374910,3093,True
L03-1,2,9,3094,2999,1,3321,3322,3095,2502003,2505098,3094,True
L03-1,2,10,3094,2999,1,3323,3331,3095,2564178,2567273,3094,True
L03-1,2,12,3094,2999,1,3338,3342,3095,3531800,3534895,3094,True
L03-1,2,13,3093,2999,1,3344,3345,3094,3856324,3859418,3093,True
L03-2,1,0,3093,2999,1,3346,3347,3094,207963,211057,3093,True
L03-2,1,1,3091,2999,360,3348,3427,3451,1125519,1128611,3091,True
L03-2,1,2,3091,2999,1,3428,3431,3092,1293954,1297046,3091,True
L03-2,1,3,3094,2999,1,3432,3433,3095,1681250,1684345,3094,True
L03-2,1,4,5171,2999,1,3434,3435,5172,1888063,1893235,5171,True
L03-2,1,5,3094,2999,1,3436,3437,3095,2531214,2534309,3094,True
L03-2,1,6,3094,2999,1,3438,3446,3095,2593396,2596491,3094,True
L03-2,1,7,207468,2999,1,3450,3453,207469,3438393,3645862,207468,False
L03-2,1,8,3093,2999,1,3454,3455,3094,3908042,3911136,3093,True
L03-2,2,0,3093,2999,1,3456,3457,3094,207964,211058,3093,True
L03-2,2,1,3094,2999,1,3458,3589,3095,297639,300734,3094,True
L03-2,2,2,3094,2668,1,3590,3687,3426,316008,319103,3094,True
L03-2,2,3,3094,2999,1,3688,3689,3095,417863,420958,3094,True
L03-2,2,4,3094,2999,1,3691,3694,3095,859909,863004,3094,True
L03-2,2,5,3093,2999,1,3771,3797,3094,864494,867588,3093,True
L03-2,2,6,3094,2999,1,3798,3877,3095,1125193,1128288,3094,True
L03-2,2,7,3093,2999,1,3878,3881,3094,1293630,1296724,3093,True
L03-2,2,8,3093,2999,1,3882,3883,3094,1684027,1687121,3093,True
L03-2,2,9,5172,2999,1,3884,3885,5173,1890839,1896012,5172,True
L03-2,2,10,3094,2999,1,3886,3889,3095,2039498,2042593,3094,True
L03-2,2,11,3095,2832,1,3890,3891,3263,2336217,2339313,3095,True
L03-2,2,12,3094,2999,1,3899,3900,3095,2536938,2540033,3094,True
L03-2,2,13,3094,2999,1,3901,3909,3095,2599119,2602214,3094,True
L03-2,2,14,3093,2999,1,3913,3916,3094,3145194,3148288,3093,True
L03-2,2,15,3093,2999,1,3918,3921,3094,3444088,3447182,3093,True
L03-2,2,16,400555,2999,1,3922,3923,400556,3579815,3980371,400555,False
L03-2,2,17,3093,2999,1,3925,3926,-3094,3908614,3905520,3093,True
L03-2,2,18,3094,2999,1,3961,3962,-3095,3646431,3643336,3094,True
L03-3,1,0,3094,2999,1,3963,3964,3095,207967,211062,3094,True
L03-3,1,1,3093,2999,1,3965,4044,3094,1113150,1116244,3093,True
L03-3,1,2,3094,2999,1,4045,4048,3095,1281950,1285045,3094,True
L03-3,1,4,40375,2757,1,4050,4051,40618,1862409,1902785,40375,True
L03-3,1,5,3094,2999,1,4053,4054,3095,2547265,2550360,3094,True
L03-3,1,6,3094,2999,1,4055,4063,3095,2609447,2612542,3094,True
L03-3,1,7,3093,2562,2277,4067,4070,5807,3460221,3463315,3093,True
L03-3,1,8,1875,2999,2771,4071,4072,4646,3923798,3925674,1875,True
L03-3,2,0,3093,2999,1,4073,4074,3094,207965,211059,3093,True
L03-3,2,1,3093,2999,1,4075,4093,3094,346072,349166,3093,True
L03-3,2,2,3094,2999,1,4094,4170,3095,1122428,1125523,3094,True
L03-3,2,3,3093,2999,1,4171,4174,3094,1291224,1294318,3093,True
L03-3,2,4,3094,2999,1,4175,4177,3095,1453717,1456812,3094,True
L03-3,2,5,3094,2999,1,4178,4179,3095,1573164,1576259,3094,True
L03-3,2,6,7,2998,1,4183,4184,-5,1617303,1617297,-7,True
L03-3,2,7,3093,2999,1,4185,4186,3094,1705264,1708358,3093,True
L03-3,2,8,37383,2999,1,4187,4188,37384,1889094,1926478,37383,False
L03-3,2,9,4,2999,1,4189,4190,3,1894162,1894165,-4,False
L03-3,2,10,3093,2999,1,4191,4192,3094,2099529,2102623,3093,True
L03-3,2,11,3091,2999,1555,4240,4372,4646,2412025,2415117,3091,True
L03-3,2,12,3093,2999,1,4376,4377,3094,2537067,2540161,3093,True
L03-3,2,13,3093,2999,1,4378,4386,3094,2599248,2602342,3093,True
L03-3,2,14,3091,2999,1,4390,4391,3092,2853364,2856456,3091,True
L03-3,2,17,3093,2999,1,4394,4397,3094,3414062,3417156,3093,True
L03-3,2,18,3094,2999,1,4398,4399,3095,3484021,3487116,3094,True
L03-3,2,19,3102,2999,1,4400,4401,3103,3851674,3854777,3102,True
L03-4,1,0,3092,2999,1,4402,4403,3093,211070,214163,3092,True
L03-4,1,1,3093,2999,1,4404,4483,3094,1116226,1119320,3093,True
L03-4,1,2,3093,2999,1,4484,4487,3094,1288124,1291218,3093,True
L03-4,1,3,3092,2999,1,4488,4489,3093,1675425,1678518,3092,True
L03-4,1,4,5171,2999,1,4490,4491,5172,1885338,1890510,5171,True
L03-4,1,5,3093,2999,1,4492,4493,3094,2544281,2547375,3093,True
L03-4,1,6,3093,2999,1,4494,4502,3094,2606462,2609556,3093,True
L03-4,1,7,3094,2999,1,4506,4509,3095,3457636,3460731,3094,True
L03-4,1,8,3094,2999,1,4510,4511,3095,3921099,3924194,3094,True
L03-4,2,0,3094,2999,1,4512,4514,3095,26892,29987,3094,True
L03-4,2,1,3093,2999,1,4515,4516,3094,211054,214148,3093,True
L03-4,2,2,3092,2999,1,4517,4518,3093,355866,358959,3092,True
L03-4,2,3,7,2998,1,4519,4598,-5,1122383,1122377,-7,True
L03-4,2,4,3093,2999,1,4599,4600,3094,1160625,1163719,3093,True
L03-4,2,5,3093,2999,1,4601,4604,3094,1291171,1294265,3093,True
L03-4,2,6,3094,2999,1,4605,4606,3095,1678453,1681548,3094,True
L03-4,2,7,3092,2999,1,4607,4608,3093,1743841,1746934,3092,True
L03-4,2,9,3094,2999,1,4611,4612,3095,1887712,1890807,3094,True
L03-4,2,10,3092,2999,1,4614,4615,3093,1962436,1965529,3092,True
L03-4,2,11,3093,2999,1,4618,4619,3094,1988737,1991831,3093,True
L03-4,2,12,3094,2999,1,4629,4631,3095,2002718,2005813,3094,True
L03-4,2,13,3094,2999,1,4634,4637,3095,2183407,2186502,3094,True
L03-4,2,14,3094,2999,1,4638,4639,3095,2489959,2493054,3094,True
L03-4,2,15,3094,2999,1,4640,4648,3095,2552137,2555232,3094,True
L03-4,2,16,103871,2999,1,4658,4662,103872,2602525,2706397,103871,True
L03-4,2,17,7,2998,1,4664,4666,-5,3048254,3048248,-7,True
L03-4,2,18,3094,2999,1,4667,4669,3095,3374802,3377897,3094,True
L03-4,2,19,3093,2999,1,4670,4673,3094,3513365,3516459,3093,True
L03-4,2,20,3093,2999,1,4674,4675,3094,3979909,3983003,3093,True
L04-1,1,0,3094,2999,1,4676,4677,-3095,3887270,3884175,3094,True
L04-1,1,1,3089,2351,1,4678,4679,-2442,3645930,3642840,3089,True
L04-1,1,2,3095,2999,1,4680,4681,-3096,3515461,3512365,3095,True
L04-1,1,3,3094,2999,1,4682,4683,-3095,3407879,3404784,3094,True
L04-1,1,4,3094,2999,1,4684,4685,-3095,3228720,3225625,3094,True
L04-1,1,5,8,2999,1,4688,4689,7,2929820,2929827,-8,True
L04-1,1,6,3093,2999,1,4691,4694,-3094,2742941,2739847,3093,True
L04-1,1,7,3094,2999,1,4695,4696,-3095,2577043,2573948,3094,True
L04-1,1,8,3095,1823,1,4699,4700,-1920,2056273,2053177,3095,True
L04-1,1,9,78591,2999,1,4701,4702,-78592,1764282,1685690,78591,False
L04-1,1,10,78599,2999,1,4704,4705,-78598,1761191,1682593,-78599,False
L04-1,1,11,3094,2999,1,4709,4712,-3095,1570548,1567453,3094,True
L04-1,1,13,3404538,2759,1,4725,4726,-3404297,3800437,395900,-3404538,False
L04-1,2,0,3892109,2998,1,4727,4803,3892111,59440,3951550,3892109,False
L04-1,2,1,7,2998,1,4804,4805,7,3695007,3695013,-7,True
L04-1,2,2,7,2998,1,4807,4873,7,3678492,3678498,-7,True
L04-1,2,3,3094,2999,1,4875,4876,-3095,3621294,3618199,3094,True
L04-1,2,4,3094,2999,1,4878,4880,-3095,3212850,3209755,3094,True
L04-1,2,5,26205,2999,1,4883,4895,-26206,3038977,3012771,26205,True
L04-1,2,6,3093,2415,1,4919,4920,-2510,2667637,2664543,3093,True
L04-1,2,7,3094,2999,1,4923,4924,-3095,2426221,2423126,3094,True
L04-1,2,8,3093,2999,1,4927,4930,-3094,2311080,2307986,3093,True
L04-1,2,10,3094,2999,1,4933,4934,-3095,2081788,2078693,3094,True
L04-1,2,11,3093,2999,1,4944,4945,-3094,1958514,1955420,3093,True
L04-1,2,12,3094,2999,1,4946,4949,-3095,1434661,1431566,3094,True
L04-1,2,13,3094,2999,1,4950,4951,-3095,1268767,1265672,3094,True
L04-1,2,14,3094,2999,1,4954,4957,-3095,776779,773684,3094,True
L04-1,2,15,3094,2999,1,4958,4961,-3095,719304,716209,3094,True
L04-1,2,16,3093,2999,1,4962,4963,-3094,597623,594529,3093,True
L04-1,2,17,3092,2999,2232,4964,4965,-862,490043,486950,3092,True
L04-1,2,18,3092,2999,732,4966,4967,-2362,361800,358707,3092,True
L04-1,2,19,3093,2638,1,4969,4970,-2733,121555,118461,3093,True
L04-1,2,20,8,2999,1,4971,4972,7,59431,59438,-8,True
L04-1,2,21,3927018,2998,1,5048,5050,3927018,24529,3951546,-3927018,False
L04-2,1,0,3095,674,1,5053,5054,5421,116139,119235,3095,True
L04-2,1,1,3093,2999,1,5055,5056,3094,358136,361230,3093,True
L04-2,1,2,3095,2464,1,5057,5058,3631,488082,491178,3095,True
L04-2,1,3,3093,2999,1,5059,5060,3094,595667,598761,3093,True
L04-2,1,4,3081,2999,402,5061,5062,3483,771725,774807,3081,True
L04-2,1,5,3094,2999,1,5065,5066,3095,1070219,1073314,3094,True
L04-2,1,6,3094,2999,1,5068,5071,3095,1263307,1266402,3094,True
L04-2,1,7,3093,2999,1,5072,5073,3094,1429208,1432302,3093,True
L04-2,1,8,3094,2999,1,5076,5077,3095,1954256,1957351,3094,True
L04-2,1,9,3094,2999,1,5078,5079,3095,2245702,2248797,3094,True
L04-2,1,10,3093,2999,1,5081,5082,3094,2324301,2327395,3093,True
L04-2,1,11,3091,2999,941,5086,5089,4032,2442547,2445639,3091,True
L04-2,1,12,23886,2999,2125,5090,5091,-21761,3051856,3027971,-23886,True
L04-2,1,13,3424053,2759,1,5099,5100,3424292,202979,3627031,-3424053,False
L04-2,2,0,3094,2999,1,5101,5138,3095,116137,119232,3094,True
L04-2,2,2,3092,2999,1,5140,5145,3093,452617,455710,3092,True
L04-2,2,3,3094,2999,1,5146,5147,3095,560193,563288,3094,True
L04-2,2,4,3094,2999,1,5148,5149,3095,736249,739344,3094,True
L04-2,2,6,3094,2999,1,5154,5155,3095,1204044,1207139,3094,True
L04-2,2,7,165892,2999,1,5212,5215,165893,1226239,1392132,165892,False
L04-2,2,8,165899,2999,1,5216,5217,165898,1229330,1395228,-165899,False
L04-2,2,9,3094,2999,1,5220,5230,3095,1667316,1670411,3094,True
L04-2,2,10,3093,2999,1,5232,5233,3094,1917154,1920248,3093,True
L04-2,2,11,3093,2999,1,5234,5238,3094,2179111,2182205,3093,True
L04-2,2,12,78047,2999,544,5239,5240,78591,2211692,2289740,78047,False
L04-2,2,13,78053,2999,1,5242,5243,78052,2214783,2292835,-78053,False
L04-2,2,14,12883,2999,1,5247,5251,12884,2395098,2407982,12883,False
L04-2,2,17,3093,2999,1,5256,5259,3094,3329043,3332137,3093,True
L04-2,2,18,3094,2999,1,5260,5261,3095,3579046,3582141,3094,True
L04-3,1,0,3094,2999,1,5262,5263,3095,121558,124653,3094,True
L04-3,1,2,3093,2999,1,5264,5265,3094,444530,447624,3093,True
L04-3,1,3,3094,2999,1,5266,5267,3095,552106,555201,3094,True
L04-3,1,4,3094,2999,1,5268,5269,3095,731256,734351,3094,True
L04-3,1,5,3093,2999,1,5272,5273,3094,1033241,1036335,3093,True
L04-3,1,6,3079,2999,1,5274,5277,3080,1223210,1226290,3079,True
L04-3,1,7,3093,2999,1,5279,5281,3094,1389084,1392178,3093,True
L04-3,1,8,3093,2999,1,5284,5286,3094,2079849,2082943,3093,True
L04-3,1,9,3093,2999,1,5287,5288,3094,2552447,2555541,3093,True
L04-3,1,10,3093,2999,1,5290,5291,3094,2631040,2634134,3093,True
L04-3,1,11,3093,2999,1,5295,5299,3094,2746175,2749269,3093,True
L04-3,1,12,1154947,2999,1,5300,5301,-1154946,3362594,2207648,-1154947,True
L04-3,1,13,3093,2216,1,5318,5320,3877,3947017,3950111,3093,True
L04-3,2,0,3092,2999,1,5321,5322,3093,42387,45480,3092,True
L04-3,2,1,3093,2999,1,5323,5324,3094,121555,124649,3093,True
L04-3,2,2,3094,2999,1,5325,5326,3095,358800,361895,3094,True
L04-3,2,3,3093,2999,1,5329,5330,3094,447625,450719,3093,True
L04-3,2,4,3094,2999,1,5331,5332,3095,555203,558298,3094,True
L04-3,2,5,3092,2999,1,5333,5334,3093,616670,619763,3092,True
L04-3,2,6,3094,2999,1,5335,5336,3095,734354,737449,3094,True
L04-3,2,7,3093,2999,1,5339,5348,3094,788898,791992,3093,True
L04-3,2,8,3094,2999,1,5349,5350,3095,1036348,1039443,3094,True
L04-3,2,9,3092,2999,1,5351,5354,-3093,1278828,1275735,3092,True
L04-3,2,10,285465,2999,1,5355,5356,285464,1112940,1398404,-285465,False
L04-3,2,11,805445,2998,1,5359,5360,-805443,1918387,1112943,-805445,True
L04-3,2,12,642640,2999,1,5361,5362,642641,1275738,1918379,642640,True
L04-3,2,13,6193,2999,1,5393,5490,6194,1920209,1926403,6193,True
L04-3,2,14,3094,2999,1,5491,5492,3095,2048011,2051106,3094,True
L04-3,2,15,3093,2999,1,5511,5514,3094,2225522,2228616,3093,True
L04-3,2,16,3093,2999,1,5515,5516,3094,2301349,2304443,3093,True
L04-3,2,17,6,2998,1,5517,5518,-4,2352890,2352885,-6,True
L04-3,2,18,3093,2999,1,5523,5524,3094,2395905,2398999,3093,True
L04-3,2,19,3093,2999,1,5526,5527,3094,2474497,2477591,3093,True
L04-3,2,20,3093,2999,1,5531,5534,3094,2589627,2592721,3093,True
L04-3,2,21,3094,2999,1,5535,5536,3095,2871503,2874598,3094,True
L04-3,2,22,3094,2999,1,5537,5538,3095,2912140,2915235,3094,True
L04-3,2,23,1154950,2999,1,5540,5541,-1154949,3206055,2051106,-1154950,True
L04-3,2,24,1161136,2999,1,5560,5563,1161137,2225522,3386659,1161136,True
L04-3,2,25,3094,2999,1,5566,5567,3095,3796681,3799776,3094,True
L04-4,1,0,3094,2999,1,5568,5569,3095,118465,121560,3094,True
L04-4,1,1,3092,2894,1745,5570,5571,4942,360358,363451,3092,True
L04-4,1,3,3094,2999,1,5573,5574,3095,586134,589229,3094,True
L04-4,1,4,3094,2999,1,5575,5576,3095,762194,765289,3094,True
L04-4,1,5,3092,2999,1,5579,5580,3093,1061097,1064190,3092,True
L04-4,1,6,3094,2999,1,5582,5585,3095,1251080,1254175,3094,True
L04-4,1,7,3094,2999,1,5586,5587,3095,1416979,1420074,3094,True
L04-4,1,8,3094,2999,1,5590,5591,3095,1988150,1991245,3094,True
L04-4,1,9,3093,2999,1,5592,5593,3094,2279687,2282781,3093,True
L04-4,1,10,3093,2999,1,5595,5596,3094,2358285,2361379,3093,True
L04-4,1,11,733117,2999,1,5600,5604,733116,1734089,2467205,-733117,False
L04-4,1,12,3094,2999,1,5605,5606,3095,3074366,3077461,3094,True
L04-4,1,13,3454437,2759,206,5619,5620,3454881,205303,3659739,-3454437,False
L04-4,2,0,3094,2999,1,5621,5622,3095,118455,121550,3094,True
L04-4,2,2,3095,2637,1,5631,5632,3458,470568,473664,3095,True
L04-4,2,3,3094,2999,1,5633,5634,3095,578147,581242,3094,True
L04-4,2,4,3092,2999,1,5635,5636,3093,754195,757288,3092,True
L04-4,2,5,3092,2999,1,5639,5640,3093,1053083,1056176,3092,True
L04-4,2,6,3094,2999,1,5642,5645,3095,1246158,1249253,3094,True
L04-4,2,7,3093,2999,1,5646,5647,3094,1412045,1415139,3093,True
L04-4,2,8,3093,2999,1,5650,5656,3094,1474210,1477304,3093,True
L04-4,2,9,3093,2999,1,5657,5715,3094,1523334,1526428,3093,True
L04-4,2,10,3094,2999,1,5794,5795,3095,1726046,1729141,3094,True
L04-4,2,11,3112,2999,1,5801,5805,3113,1770552,1773665,3112,True
L04-4,2,13,3094,2999,1,5808,5809,3095,1904047,1907142,3094,True
L04-4,2,14,3094,2999,1,5810,5860,3095,2082421,2085516,3094,True
L04-4,2,15,3092,2999,1,5861,5862,3093,2195580,2198673,3092,True
L04-4,2,16,3092,2999,1,5864,5865,-3093,2332425,2329332,3092,True
L04-4,2,17,500578,2999,1,5869,5870,-500579,2271128,1770549,500578,True
L04-4,2,18,701215,2999,1,5874,5880,701214,1729138,2430352,-701215,False
L04-4,2,19,204297,2999,1,5881,5882,-204296,3180117,2975821,-204297,True
L04-4,2,20,7,2998,1,5900,5901,-5,3485444,3485438,-7,True
L04-4,2,21,3092,2999,1,5981,5983,3093,3734981,3738074,3092,True
L04-4,2,22,3094,2999,1,5984,5985,3095,3977185,3980280,3094,True
L05-1,1,0,3094,2999,1,5986,5989,3095,849598,852693,3094,True
L05-1,1,1,3091,2999,1,5990,5991,3092,1240780,1243872,3091,True
L05-1,1,2,3093,2999,1,5992,5995,3094,1280686,1283780,3093,True
L05-1,1,3,3092,2999,1,5996,6000,3093,1864703,1867796,3092,True
L05-1,1,4,3094,2999,1,6002,6003,3095,1949299,1952394,3094,True
L05-1,1,5,3092,2999,306,6004,6006,3398,2072811,2075904,3092,True
L05-1,1,6,3091,2999,1616,6007,6008,4707,2544168,2547260,3091,True
L05-1,1,7,3092,2999,1,6009,6010,3093,3000916,3004009,3092,True
L05-1,1,8,3093,2999,1,6037,6040,3094,3233179,3236273,3093,True
L05-1,1,9,2479794,2686,174,6041,6045,2480279,1015685,3495478,-2479794,False
L05-1,2,0,3865,2999,1,6046,6048,3866,143390,147256,3865,True
L05-1,2,1,3094,2999,1,6061,6064,3095,855049,858144,3094,True
L05-1,2,2,3094,2999,1,6065,6066,3095,1246239,1249334,3094,True
L05-1,2,3,3094,2999,1,6067,6070,3095,1286144,1289239,3094,True
L05-1,2,4,3093,2999,1,6071,6072,3094,1499513,1502607,3093,True
L05-1,2,5,3093,2999,1,6075,6079,3094,1870185,1873279,3093,True
L05-1,2,6,3095,1892,1,6081,6082,4203,1881019,1884115,3095,True
L05-1,2,7,8,2999,1,6083,6084,-7,1935912,1935905,-8,True
L05-1,2,9,3093,2999,1,6087,6089,3094,2062434,2065528,3093,True
L05-1,2,10,3092,2999,1,6090,6091,3093,2245150,2248243,3092,True
L05-1,2,12,3093,2999,1,6096,6099,3094,2395643,2398737,3093,True
L05-1,2,13,3094,2999,1,6100,6101,3095,2529432,2532527,3094,True
L05-1,2,14,3092,2999,1,6102,6103,3093,2656884,2659977,3092,True
L05-1,2,15,3093,2999,1,6104,6105,3094,2986195,2989289,3093,True
L05-1,2,17,3094,2999,1,6135,6136,3095,3234877,3237972,3094,True
L05-1,2,18,7815,2999,1,6137,6138,7816,3464361,3472177,7815,True
L05-2,1,0,3091,2999,1465,6139,6142,4556,851447,854539,3091,True
L05-2,1,1,8,2999,1,6143,6144,-7,1244236,1244229,-8,True
L05-2,1,2,650586,2999,1,6145,6148,650587,1281043,1931630,650586,False
L05-2,1,3,3093,2999,1,6149,6153,-3094,1347561,1344467,3093,True
L05-2,1,5,3091,2999,492,6156,6158,3583,2064819,2067911,3091,True
L05-2,1,7,201662,2999,2682,6160,6161,204344,2968459,3170122,201662,True
L05-2,1,8,3094,2999,1,6168,6171,3095,3399722,3402817,3094,True
L05-2,2,0,3092,2999,1,6177,6178,3093,118227,121320,3092,True
L05-2,2,1,3094,2999,1,6179,6258,3095,488833,491928,3094,True
L05-2,2,2,3093,2999,1,6260,6263,3094,854531,857625,3093,True
L05-2,2,3,3546,2998,1,6264,6315,-3546,3207134,3203587,3546,True
L05-2,2,4,4244,2999,1,6317,6320,-4245,2994378,2990133,4244,True
L05-2,2,5,3095,2806,1,6322,6323,-2903,2978266,2975170,3095,True
L05-2,2,6,3094,2999,1,6324,6326,-3095,2929931,2926836,3094,True
L05-2,2,7,3094,2999,1,6330,6333,-3095,2696630,2693535,3094,True
L05-2,2,9,3094,2999,1,6404,6405,-3095,2352782,2349687,3094,True
L05-2,2,10,3094,2999,1,6407,6408,-3095,2331122,2328027,3094,True
L05-2,2,11,3093,2999,1,6409,6411,-3094,2227617,2224523,3093,True
L05-2,2,12,3095,1877,1,6412,6413,-1974,2144297,2141201,3095,True
L05-2,2,13,3085,2999,356,6414,6415,-2731,2043976,2040890,3085,True
L05-2,2,14,3093,2999,1,6416,6417,-3094,1909036,1905942,3093,True
L05-2,2,15,3094,2999,1,6418,6419,-3095,1753351,1750256,3094,True
L05-2,2,16,3094,2999,1,6420,6421,-3095,1320077,1316982,3094,True
L05-2,2,18,3093,2999,1,6428,6430,-3094,1007266,1004172,3093,True
L05-2,2,19,2573503,2999,1,6431,6434,2573502,891048,3464550,-2573503,True
L05-2,2,20,67341,2999,1,6435,6479,67340,3400308,3467648,-67341,False
L05-3,1,0,3093,2999,1,6534,6537,3094,853502,856596,3093,True
L05-3,1,1,3092,2999,1,6538,6539,3093,1245101,1248194,3092,True
L05-3,1,2,3093,2999,1,6540,6542,3094,1285011,1288105,3093,True
L05-3,1,3,495351,735,1,6543,6546,497614,1403812,1899162,-495351,True
L05-3,1,5,717451,360,445,6549,6550,720535,1282577,2000029,717451,True
L05-3,1,7,3093,2999,1,6552,6553,3094,2900866,2903960,3093,True
L05-3,1,8,3095,2999,1,6580,6583,3096,3136253,3139349,3095,True
L05-3,1,9,2376121,2686,932,6584,6588,2377364,1019604,3395724,-2376121,False
L05-3,2,0,3094,2999,1,6589,6590,3095,48381,51476,3094,True
L05-3,2,1,3093,2999,1,6591,6660,3094,440234,443328,3093,True
L05-3,2,2,3091,2999,1783,6711,6714,4874,842828,845920,3091,True
L05-3,2,3,3090,2999,1361,6715,6716,4451,1232648,1235739,3090,True
L05-3,2,4,3092,2999,1,6717,6719,3093,1271193,1274286,3092,True
L05-3,2,5,3092,2999,1,6720,6721,3093,1656892,1659985,3092,True
L05-3,2,8,1679726,2998,1,6724,6726,-1679726,3517702,1837975,1679726,False
L05-3,2,9,3092,2999,1,6727,6728,3093,1932648,1935741,3092,True
L05-3,2,10,3091,2999,2241,6729,6730,5332,2111944,2115036,3091,True
L05-3,2,11,3094,2999,1,6731,6866,3095,2275142,2278237,3094,True
L05-3,2,12,3093,2999,1,6868,6869,3094,2403623,2406717,3093,True
L05-3,2,13,6183,2999,1216,6870,6871,7399,2837438,2843622,6183,True
L05-3,2,15,3092,2999,1,6881,6884,3093,3040360,3043453,3092,True
L05-3,2,16,3094,2999,1,6885,6886,3095,3296738,3299833,3094,True
L05-3,2,17,3094,2999,1,6887,6888,3095,3538869,3541964,3094,True
L05-3,2,18,3094,2999,1,6889,6890,3095,3720827,3723922,3094,True
L05-4,1,0,3095,2999,1,6969,6972,-3096,2739758,2736662,3095,True
L05-4,1,1,3093,2999,464,6973,6974,-2631,2345431,2342337,3093,True
L05-4,1,2,3094,2999,1,6975,6978,-3095,2305988,2302893,3094,True
L05-4,1,3,3095,1278,1,6979,6983,-1375,1725819,1722723,3095,True
L05-4,1,4,3094,2999,1,6985,6986,-3095,1644317,1641222,3094,True
L05-4,1,5,3093,2999,1,6987,6989,-3094,1520797,1517703,3093,True
L05-4,1,6,3092,2999,938,6990,6991,-2156,1050228,1047135,3092,True
L05-4,1,7,6418,2999,1216,6992,6993,-5204,593422,587003,6418,True
L05-4,1,8,2835579,2999,1,7001,7005,2835580,413111,3248691,2835579,True
L05-4,1,9,3092,2620,1120,7006,7011,4591,3507511,3510604,3092,True
L05-4,2,0,2846759,2998,1071,7012,7013,2847831,381933,3228693,2846759,False
L05-4,2,1,3093,2999,1,7016,7019,-3094,3198581,3195487,3093,True
L05-4,2,3,3094,2999,1,7023,7024,-3095,2960024,2956929,3094,True
L05-4,2,5,3093,2999,1,7043,7045,-3094,2373143,2370049,3093,True
L05-4,2,6,7,2998,1,7046,7047,7,2183847,2183853,-7,True
L05-4,2,7,3094,2319,1,7048,7049,-2415,2135879,2132784,3094,True
L05-4,2,8,3092,2999,1,7051,7052,3093,1991236,1994329,3092,True
L05-4,2,10,289663,2999,1,7058,7063,289662,1597400,1887062,-289663,True
L05-4,2,11,3092,2999,1,7067,7068,-3093,1848571,1845478,3092,True
L05-4,2,12,3094,2999,1,7071,7072,-3095,1296541,1293446,3094,True
L05-4,2,13,3094,2999,1,7075,7076,-3095,1257097,1254002,3094,True
L05-4,2,14,3092,2999,1,7077,7078,-3093,947923,944830,3092,True
L05-4,2,15,3094,2999,1,7086,7087,-3095,862773,859678,3094,True
L05-4,2,16,3093,2999,1,7090,7091,-3094,647844,644750,3093,True
L05-4,2,17,2816660,2998,1,7093,7094,2816660,381925,3198584,-2816660,False
L05-4,2,18,3092,1924,148,7097,7100,4315,3228693,3231786,3092,True
L05-4,2,19,3094,988,1,7101,7107,5106,3498318,3501413,3094,True
L06-1,1,0,3094,2999,1,7108,7109,3095,452035,455130,3094,True
L06-1,1,1,384798,2999,1,7110,7111,384797,517022,901819,-384798,False
L06-1,1,2,3094,2999,1,7184,7187,3095,1290148,1293243,3094,True
L06-1,1,3,3093,2999,1,7188,7189,3094,1455546,1458640,3093,True
L06-1,1,4,3094,2999,1,7192,7193,3095,1675018,1678113,3094,True
L06-1,1,5,3094,2999,1,7194,7195,3095,2324902,2327997,3094,True
L06-1,1,6,3092,2999,1,7197,7200,3093,3423343,3426436,3092,True
L06-1,1,7,3093,2999,1,7201,7202,3094,3526804,3529898,3093,True
L06-1,1,8,2513812,2999,856,7203,7204,-2512956,3545794,1031983,-2513812,False
L06-1,1,9,3093,2999,1,7207,7209,3094,3741242,3744336,3093,True
L06-1,2,0,3091,890,1,7211,7308,5201,307945,311037,3091,True
L06-1,2,1,1654839,2999,1668,7309,7311,1656505,354602,2009440,-1654839,True
L06-1,2,3,3094,2999,1,7312,7313,3095,435055,438150,3094,True
L06-1,2,4,3094,2999,1,7314,7315,3095,496953,500048,3094,True
L06-1,2,5,3096,2208,1,7316,7317,3888,609917,613014,3096,True
L06-1,2,6,3094,2999,1,7318,7321,3095,883250,886345,3094,True
L06-1,2,7,3093,2999,1,7394,7397,3094,1277778,1280872,3093,True
L06-1,2,8,3094,2999,1,7398,7399,3095,1443171,1446266,3094,True
L06-1,2,9,3093,2999,1,7402,7403,3094,1665742,1668836,3093,True
L06-1,2,10,3094,2999,1,7404,7405,3095,2318717,2321812,3094,True
L06-1,2,11,3094,2999,1,7407,7409,3095,2438962,2442057,3094,True
L06-1,2,12,3094,2999,1,7410,7411,3095,2803517,2806612,3094,True
L06-1,2,13,453682,2999,1,7412,7413,453683,2971239,3424922,453682,False
L06-1,2,14,3093,2999,1,7420,7424,-3094,3332541,3329447,3093,True
L06-1,2,15,453689,2493,1,7425,7428,454194,2974332,3428020,-453689,False
L06-1,2,16,3093,2999,1,7429,7430,3094,3528381,3531475,3093,True
L06-1,2,17,3094,2999,1,7431,7432,3095,3547370,3550465,3094,True
L06-1,2,18,3094,2999,1,7433,7435,3095,3742814,3745909,3094,True
L06-2,1,0,3094,2999,1,7437,7438,3095,431962,435057,3094,True
L06-2,1,1,3094,2999,1,7439,7440,3095,872886,875981,3094,True
L06-2,1,2,3093,2999,1,7513,7516,3094,1267412,1270506,3093,True
L06-2,1,3,3094,2999,1,7517,7518,3095,1435911,1439006,3094,True
L06-2,1,4,3093,2374,1,7521,7522,3719,1657846,1660940,3093,True
L06-2,1,5,3091,2999,2515,7523,7524,5606,2313640,2316732,3091,True
L06-2,1,6,3094,2999,1,7526,7529,3095,3409455,3412550,3094,True
L06-2,1,7,3094,2999,1,7530,7531,3095,3512914,3516009,3094,True
L06-2,1,8,3092,2999,385,7532,7533,3477,3531903,3534996,3092,True
L06-2,1,9,3092,2999,1,7537,7538,3093,3739032,3742125,3092,True
L06-2,2,0,3092,2999,1,7540,7546,3093,76756,79849,3092,True
L06-2,2,1,3093,2999,1,7547,7548,3094,435061,438155,3093,True
L06-2,2,4,126720,2999,1,7623,7626,-126721,1333745,1207024,126720,False
L06-2,2,5,3093,2999,1,7628,7630,3094,1221715,1224809,3093,True
L06-2,2,6,3093,2999,1,7642,7643,3094,1431851,1434945,3093,True
L06-2,2,7,3094,2999,1,7646,7648,3095,1639744,1642839,3094,True
L06-2,2,8,3093,2999,1,7649,7650,3094,1653793,1656887,3093,True
L06-2,2,9,3092,2999,1,7651,7653,3093,1880134,1883227,3092,True
L06-2,2,10,6190,2999,2417,7655,7656,8607,2085075,2091266,6190,True
L06-2,2,11,3093,2999,1,7657,7658,3094,2310252,2313346,3093,True
L06-2,2,12,3093,2999,1,7662,7793,3094,2446635,2449729,3093,True
L06-2,2,13,3094,2999,1,7797,7798,3095,2596896,2599991,3094,True
L06-2,2,14,77685,2999,1,7799,7800,77684,2940318,3018002,-77685,False
L06-2,2,16,3093,2999,1,7802,7840,3094,3254044,3257138,3093,True
L06-2,2,17,3093,2999,1,7841,7844,3094,3405025,3408119,3093,True
L06-2,2,18,3093,2999,1,7845,7846,3094,3508483,3511577,3093,True
L06-2,2,19,3093,2999,1,7847,7848,3094,3527472,3530566,3093,True
L06-2,2,20,3094,2999,1,7852,7853,3095,3554936,3558031,3094,True
L06-2,2,21,3092,2999,1,7854,7855,3093,3601933,3605026,3092,True
L06-2,2,22,3093,2999,1,7856,7857,3094,3734607,3737701,3093,True
L06-2,2,23,3093,2999,1,7859,7863,3094,3773091,3776185,3093,True
L06-2,2,24,47168,2999,2120,7870,7872,-45048,3956003,3908836,-47168,False
L06-2,2,25,540560,2796,1,7873,7874,540764,3421638,3962199,540560,True
L06-3,1,0,3093,2999,1,7875,7876,3094,445960,449054,3093,True
L06-3,1,1,2234002,1349,1,7877,7878,2235653,885233,3119236,2234002,False
L06-3,1,2,3093,2999,1,7951,7954,-3094,2730916,2727822,3093,True
L06-3,1,3,3094,2999,1,7955,7956,-3095,2565517,2562422,3094,True
L06-3,1,4,3091,2999,1,7959,7960,-3092,2354405,2351313,3091,True
L06-3,1,6,864991,1370,1,7963,7965,866619,2512451,3377441,-864991,False
L06-3,1,7,3094,2999,1,7966,7967,3095,3477804,3480899,3094,True
L06-3,1,8,3089,2999,449,7968,7969,3538,3496794,3499884,3089,True
L06-3,1,9,3093,2999,1,7973,7975,3094,3697664,3700758,3093,True
L06-3,2,0,2884899,2999,1814,7977,7981,2886713,398154,3283054,2884899,False
L06-3,2,1,3094,2999,1,8504,8505,3095,407742,410837,3094,True
L06-3,2,2,3798,2998,1,8506,8507,3800,853200,856999,3798,True
L06-3,2,3,3094,2999,1,8508,8509,3095,975511,978606,3094,True
L06-3,2,4,386598,2805,1,8536,8537,-386403,1684919,1298322,-386598,True
L06-3,2,5,8,2999,1,8539,8541,-7,1423953,1423946,-8,True
L06-3,2,6,3094,2999,1,8543,8545,3095,1463185,1466280,3094,True
L06-3,2,7,392776,2999,1448,8547,8550,394224,1527293,1920070,392776,True
L06-3,2,8,3094,2999,1,8551,8552,3095,2050437,2053532,3094,True
L06-3,2,9,3093,2999,1,8553,8554,3094,2349471,2352565,3093,True
L06-3,2,10,3091,2999,192,8558,8559,3283,2553439,2556531,3091,True
L06-3,2,11,3093,2999,1,8560,8561,3094,2622952,2626046,3093,True
L06-3,2,12,3094,2999,1,8562,8565,3095,2764349,2767444,3094,True
L06-3,2,13,3093,2999,1,8566,8567,3094,2929739,2932833,3093,True
L06-3,2,14,3093,2999,1,8570,8643,3094,3321144,3324238,3093,True
L06-3,2,15,3094,2999,1,8647,8648,3095,3372286,3375381,3094,True
L06-3,2,16,3093,2999,1,8650,8651,3094,3576239,3579333,3093,True
L06-3,2,17,3093,2999,1,8652,8653,3094,3672575,3675669,3093,True
L06-3,2,18,3093,2999,1,8654,8655,3094,3691564,3694658,3093,True
L06-3,2,19,3094,2999,1,8659,8661,3095,3892425,3895520,3094,True
L06-4,1,1,3094,2999,1,8664,8665,3095,869142,872237,3094,True
L06-4,1,3,3093,2999,1,8740,8741,3094,1412850,1415944,3093,True
L06-4,1,4,3094,2999,1,8744,8745,3095,1632321,1635416,3094,True
L06-4,1,5,192977,2999,1,8746,8747,192978,2288402,2481380,192977,False
L06-4,1,6,3094,2999,1,8749,8752,3095,3398686,3401781,3094,True
L06-4,1,7,3093,2999,1,8753,8754,3094,3502143,3505237,3093,True
L06-4,1,8,2518732,2999,856,8755,8756,-2517876,3521131,1002400,-2518732,False
L06-4,1,9,1836709,2999,262,8759,8762,-1836447,3720242,1883534,-1836709,True
L06-4,2,0,3094,2999,1,8764,8782,3095,305936,309031,3094,True
L06-4,2,1,440938,2999,1,8922,8924,440939,425120,866059,440938,False
L06-4,2,2,449716,2999,1,8925,8926,449715,428212,877927,-449716,False
L06-4,2,3,3094,2999,1,8997,8998,3095,1148252,1151347,3094,True
L06-4,2,4,3093,2999,1,9001,9004,3094,1272465,1275559,3093,True
L06-4,2,5,3094,2999,1,9101,9102,3095,1421645,1424740,3094,True
L06-4,2,6,3094,2999,1,9105,9106,3095,1641120,1644215,3094,True
L06-4,2,7,3093,2999,1,9107,9108,3094,1909608,1912702,3093,True
L06-4,2,8,3094,2999,1,9109,9110,3095,2300317,2303412,3094,True
L06-4,2,9,3094,2999,1,9187,9189,3095,2444029,2447124,3094,True
L06-4,2,10,3094,2999,1,9190,9192,3095,2493304,2496399,3094,True
L06-4,2,11,3094,2999,1,9194,9198,3095,3171096,3174191,3094,True
L06-4,2,12,3094,2999,1,9200,9202,3095,3252281,3255376,3094,True
L06-4,2,13,3093,2999,1,9204,9205,3094,3300411,3303505,3093,True
L06-4,2,14,3094,2999,1,9207,9208,3095,3397157,3400252,3094,True
L06-4,2,15,3094,2999,1,9209,9212,3095,3413739,3416834,3094,True
L06-4,2,16,3093,2999,1,9213,9214,3094,3517201,3520295,3093,True
L06-4,2,17,3094,2999,1,9215,9216,3095,3536190,3539285,3094,True
L06-4,2,18,1429069,2999,2819,9217,9218,-1426250,3729382,2300314,-1429069,True
L06-4,2,19,779860,180,1685,9272,9326,-775356,2447126,1667267,-779860,False
L06-4,2,20,1828775,1348,531,9327,9405,-1826593,2724547,895773,-1828775,True
L06-4,2,21,3094,2999,1,9480,9481,3095,3814484,3817579,3094,True
L07-1,1,0,3094,2999,1,9482,9483,3095,33491,36586,3094,True
L07-1,1,1,3095,2999,1,9485,9488,3096,853708,856804,3095,True
L07-1,1,2,3094,2999,1,9489,9542,3095,1074607,1077702,3094,True
L07-1,1,3,3094,2999,1,9544,9547,3095,1283563,1286658,3094,True
L07-1,1,4,3090,2455,1,9548,9648,3635,1306074,1309165,3090,True
L07-1,1,5,3094,2999,1,9649,9650,3095,1861013,1864108,3094,True
L07-1,1,6,3094,2058,944,9657,9740,4979,2122997,2126092,3094,True
L07-1,1,7,3090,2711,1,9741,9742,3379,2150334,2153425,3090,True
L07-1,1,8,3091,2999,1498,9743,9744,4589,2348748,2351840,3091,True
L07-1,1,9,3094,2999,1,9745,9748,3095,2433257,2436352,3094,True
L07-1,1,10,3093,2999,1,9749,9772,3094,2986796,2989890,3093,True
L07-1,1,11,3094,2999,1,9776,9777,3095,3021391,3024486,3094,True
L07-1,1,12,3094,2999,1,9778,9779,3095,3580636,3583731,3094,True
L07-1,1,13,3094,2999,1,9780,9781,3095,3802870,3805965,3094,True
L07-1,2,0,3094,2999,1,9782,9783,3095,33490,36585,3094,True
L07-1,2,1,3094,2999,1,9785,9787,3095,164057,167152,3094,True
L07-1,2,2,3092,2999,1,9788,9791,3093,853649,856742,3092,True
L07-1,2,3,3094,2999,1,9792,9845,3095,1074535,1077630,3094,True
L07-1,2,4,3091,2999,1,9847,9850,3092,1283487,1286579,3091,True
L07-1,2,5,896126,2067,1,9851,9947,897057,406239,1302364,-896126,False
L07-1,2,6,3095,2999,1,9948,10028,3096,1481994,1485090,3095,True
L07-1,2,7,3091,2999,1,10029,10030,3092,1854166,1857258,3091,True
L07-1,2,8,3095,2999,1,10037,10120,3096,2116139,2119235,3095,True
L07-1,2,9,3093,2999,1,10121,10122,3094,2143471,2146565,3093,True
L07-1,2,10,3093,2999,1,10123,10124,3094,2341879,2344973,3093,True
L07-1,2,11,3094,2999,1,10126,10129,3095,2426377,2429472,3094,True
L07-1,2,12,56537,2999,1,10130,10153,56536,2929557,2986093,-56537,False
L07-1,2,13,3092,2999,1,10157,10158,3093,3017591,3020684,3092,True
L07-1,2,14,3094,2999,1,10159,10208,3095,3348440,3351535,3094,True
L07-1,2,15,3095,2999,1,10225,10226,3096,3576780,3579876,3095,True
L07-1,2,16,3091,2999,1,10227,10228,3092,3799014,3802106,3091,True
L07-2,1,0,3094,2999,1,10229,10230,3095,33495,36590,3094,True
L07-2,1,1,3095,2999,1,10232,10235,3096,850641,853737,3095,True
L07-2,1,2,3092,2999,1693,10236,10289,4785,1071544,1074637,3092,True
L07-2,1,3,3095,2999,1,10291,10294,3096,1278807,1281903,3095,True
L07-2,1,4,3095,2999,1,10295,10395,3096,1301864,1304960,3095,True
L07-2,1,5,3095,2999,1,10396,10397,3096,1856814,1859910,3095,True
L07-2,1,6,3093,2999,798,10404,10487,3891,2122849,2125943,3093,True
L07-2,1,7,3096,2997,1,10488,10489,3099,2150621,2153718,3096,True
L07-2,1,9,3094,2999,1,10491,10494,3095,2431799,2434894,3094,True
L07-2,1,10,3095,2999,1,10495,10518,3096,2985360,2988456,3095,True
L07-2,1,11,3095,2999,1,10522,10523,3096,3019957,3023053,3095,True
L07-2,1,12,3094,2999,1,10524,10525,3095,3576113,3579208,3094,True
L07-2,1,13,3094,2999,1,10526,10527,3095,3798354,3801449,3094,True
L07-2,2,0,3093,2999,1,10528,10529,3094,33487,36581,3093,True
L07-2,2,1,3092,2999,1,10531,10534,3093,850367,853460,3092,True
L07-2,2,2,3090,2999,1,10535,10588,3091,1071213,1074304,3090,True
L07-2,2,3,3091,2999,1,10591,10594,3092,1278413,1281505,3091,True
L07-2,2,4,3097,2999,1,10595,10695,3098,1301464,1304562,3097,True
L07-2,2,5,3095,2999,5,10696,10775,3100,1484062,1487158,3095,True
L07-2,2,6,3090,2999,737,10776,10777,3827,1856237,1859328,3090,True
L07-2,2,7,3092,2999,1,10784,10785,3093,1921772,1924865,3092,True
L07-2,2,8,3093,2999,1,10786,10867,3094,2121460,2124554,3093,True
L07-2,2,9,3093,2999,1,10868,10869,3094,2149222,2152316,3093,True
L07-2,2,10,3091,2999,1,10870,10871,3092,2350670,2353762,3091,True
L07-2,2,11,3093,2999,1,10877,10880,3094,2433393,2436487,3093,True
L07-2,2,12,3089,2999,1,10881,10904,3090,2986817,2989907,3089,True
L07-2,2,13,3093,2999,1,10908,10909,3094,3021398,3024492,3093,True
L07-3,1,0,3095,2999,1,10912,10913,3096,33493,36589,3095,True
L07-3,1,1,3095,2999,1,10915,10918,3096,850628,853724,3095,True
L07-3,1,2,3092,2999,1,10919,10971,3093,1071529,1074622,3092,True
L07-3,1,3,3093,2999,1,10973,10976,3094,1280482,1283576,3093,True
L07-3,1,4,182116,1888,1,10977,11077,183228,1302426,1484543,182116,False
L07-3,1,5,3094,2999,1,11078,11079,3095,1860488,1863583,3094,True
L07-3,1,6,3093,2999,828,11086,11167,3921,2123419,2126513,3093,True
L07-3,1,7,3096,2997,1,11168,11169,3099,2151160,2154257,3096,True
L07-3,1,8,3097,2999,152,11170,11171,3249,2349574,2352672,3097,True
L07-3,1,9,3095,2999,1,11172,11175,3096,2435434,2438530,3095,True
L07-3,1,10,3094,2999,1,11176,11199,3095,2988985,2992080,3094,True
L07-3,1,11,3095,2540,1,11203,11204,3555,3023123,3026219,3095,True
L07-3,1,12,3095,2999,1,11205,11206,3096,3579278,3582374,3095,True
L07-3,1,13,3094,2999,1,11207,11208,3095,3783887,3786982,3094,True
L07-3,2,0,3092,2999,1,11209,11210,3093,33480,36573,3092,True
L07-3,2,1,3091,2999,1,11212,11215,3092,853551,856643,3091,True
L07-3,2,2,3092,2999,1,11216,11268,3093,1074393,1077486,3092,True
L07-3,2,3,3094,2999,1,11270,11273,3095,1283289,1286384,3094,True
L07-3,2,4,3092,2999,1,11274,11385,3093,1305229,1308322,3092,True
L07-3,2,5,3091,2999,1,11462,11463,3092,1487300,1490392,3091,True
L07-3,2,6,3095,2999,1,11467,11468,3096,1546843,1549939,3095,True
L07-3,2,7,3092,2999,1,11472,11473,3093,1863078,1866171,3092,True
L07-3,2,8,3093,2999,1,11480,11561,3094,2125928,2129022,3093,True
L07-3,2,9,3091,2999,1,11562,11563,3092,2153665,2156757,3091,True
L07-3,2,10,3089,2999,1,11564,11565,3090,2351994,2355084,3089,True
L07-3,2,11,3094,2999,1,11566,11569,3095,2437807,2440902,3094,True
L07-3,2,12,3092,2999,1,11570,11593,3093,2994310,2997403,3092,True
L07-3,2,13,3553,2998,1,11597,11598,3555,3028444,3031998,3553,True
L07-3,2,14,3092,2999,1,11599,11600,3093,3584880,3587973,3092,True
L07-3,2,15,3091,2999,479,11601,11602,3570,3712965,3716057,3091,True
L07-3,2,16,3091,2999,1,11606,11607,3092,3788954,3792046,3091,True
L07-4,1,0,3095,2999,1,11608,11609,3096,33495,36591,3095,True
L07-4,1,1,3092,720,1,11611,11614,5372,849794,852887,3092,True
L07-4,1,2,3103,2293,1,11615,11667,3810,1069986,1073090,3103,True
L07-4,1,3,3095,2999,1,11669,11672,3096,1278956,1282052,3095,True
L07-4,1,4,3094,2999,1,11673,11773,3095,1302013,1305108,3094,True
L07-4,1,5,3093,2999,1,11774,11775,3094,1856966,1860060,3093,True
L07-4,1,6,3095,2999,1,11782,11863,3096,2119904,2123000,3095,True
L07-4,1,7,3096,2997,1,11864,11865,3099,2148474,2151571,3096,True
L07-4,1,8,3094,2999,1,11866,11867,3095,2346892,2349987,3094,True
L07-4,1,9,3094,2999,1,11868,11871,3095,2432902,2435997,3094,True
L07-4,1,10,3095,2999,1,11872,11895,3096,2989572,2992668,3095,True
L07-4,1,12,3095,2999,1,11900,11901,3096,3588058,3591154,3095,True
L07-4,1,13,3094,2999,1,11902,11903,3095,3782723,3785818,3094,True
L07-4,2,0,3092,2999,1,11904,11905,3093,33485,36578,3092,True
L07-4,2,1,3936,2999,1,11907,11908,3937,852693,856630,3936,True
L07-4,2,2,3102,2999,1,11909,11961,3103,1073693,1076796,3102,True
L07-4,2,3,3093,2999,1,11963,11966,3094,1282618,1285712,3093,True
L07-4,2,4,182415,2999,1,11967,12067,182416,1305670,1488086,182415,False
L07-4,2,5,3091,2999,1,12068,12069,3092,1618557,1621649,3091,True
L07-4,2,6,3093,2999,1,12071,12072,3094,1863541,1866635,3093,True
L07-4,2,7,3092,2999,1,12079,12160,3093,2129475,2132568,3092,True
L07-4,2,8,3093,2999,1,12161,12162,3094,2158035,2161129,3093,True
L07-4,2,9,3090,2999,1586,12163,12164,4676,2356393,2359484,3090,True
L07-4,2,10,3095,2999,1,12165,12168,3096,2440776,2443872,3095,True
L07-4,2,11,3091,2999,1,12169,12172,3092,2669367,2672459,3091,True
L07-4,2,12,3090,2999,1,12173,12196,3091,2983114,2986205,3090,True
L07-4,2,14,3094,2999,1,12201,12202,3095,3572608,3575703,3094,True
L07-4,2,15,3091,2999,1,12203,12204,3092,3698344,3701436,3091,True
L07-4,2,16,3093,2999,1,12206,12207,3094,3767078,3770172,3093,True
L08-1,1,0,3095,2999,1,12208,12209,3096,33495,36591,3095,True
L08-1,1,1,3095,2999,1,12211,12212,3096,69489,72585,3095,True
L08-1,1,2,3093,1025,190,12213,12216,5257,856309,859403,3093,True
L08-1,1,3,3095,2999,1,12217,12270,3096,1077013,1080109,3095,True
L08-1,1,5,882777,1520,1,12275,12372,884255,406294,1289070,-882777,False
L08-1,1,6,3095,2999,1,12373,12374,3096,1837821,1840917,3095,True
L08-1,1,7,3093,2999,786,12381,12464,3879,2100760,2103854,3093,True
L08-1,1,8,3096,2997,1,12465,12466,3099,2128542,2131639,3096,True
L08-1,1,10,3094,2999,1,12468,12471,3095,2394645,2397740,3094,True
L08-1,1,11,199004,2999,558,12472,12495,-198446,2948203,2749200,-199004,False
L08-1,1,13,3094,2999,1,12499,12500,3095,3520713,3523808,3094,True
L08-1,1,14,3094,2999,1,12501,12502,3095,3742953,3746048,3094,True
L08-1,2,0,3092,2999,1,12503,12504,3093,33484,36577,3092,True
L08-1,2,1,3092,2999,1,12506,12507,3093,69468,72561,3092,True
L08-1,2,2,3092,2999,1,12508,12510,3093,516600,519693,3092,True
L08-1,2,3,3092,2999,1,12511,12512,3093,856015,859108,3092,True
L08-1,2,4,134636,1130,1,12513,12565,-132768,1211069,1076432,134636,False
L08-1,2,5,3092,2999,1,12567,12570,3093,1282261,1285354,3092,True
L08-1,2,6,3093,2999,1,12571,12572,3094,1833992,1837086,3093,True
L08-1,2,7,3092,2999,1,12579,12661,3093,2096880,2099973,3092,True
L08-1,2,8,3092,2999,1,12662,12663,3093,2124657,2127750,3092,True
L08-1,2,9,886578,2999,294,12664,12665,886872,2323032,3209611,886578,False
L08-1,2,10,3093,2134,1,12669,12672,3959,2366459,2369553,3093,True
L08-1,2,11,3092,2999,1,12673,12696,3093,2919922,2923015,3092,True
L08-1,2,12,3093,2999,1,12698,12721,3094,2936267,2939361,3093,True
L08-1,2,13,3092,2999,1,12722,12723,3093,3492299,3495392,3092,True
L08-2,1,0,3093,2999,1,12725,12726,3094,33496,36590,3093,True
L08-2,1,1,3094,2999,1,12728,12729,3095,69492,72587,3094,True
L08-2,1,2,3095,2999,1,12730,12733,3096,855173,858269,3095,True
L08-2,1,3,3095,2999,1,12734,12787,3096,1076073,1079169,3095,True
L08-2,1,4,3094,2999,1,12789,12792,3095,1285028,1288123,3094,True
L08-2,1,5,3099,942,1,12793,12891,5157,1306025,1309125,3099,True
L08-2,1,6,3095,2999,1,12892,12893,3096,1857873,1860969,3095,True
L08-2,1,7,3094,2999,1,12900,12983,3095,2120801,2123896,3094,True
L08-2,1,8,3097,2997,1,12984,12985,3100,2149370,2152468,3097,True
L08-2,1,10,3095,2135,1,12987,12990,3960,2387176,2390272,3095,True
L08-2,1,11,3093,2999,1,12991,13014,3094,2940740,2943834,3093,True
L08-2,1,12,3095,2999,1,13018,13019,3096,2986795,2989891,3095,True
L08-2,1,13,3095,2999,1,13020,13021,3096,3542953,3546049,3095,True
L08-2,1,14,3094,2999,1,13022,13023,3095,3765191,3768286,3094,True
L08-2,2,0,3093,2999,1,13024,13025,3094,33487,36581,3093,True
L08-2,2,1,3093,2999,1,13027,13028,3094,69479,72573,3093,True
L08-2,2,2,3092,2999,1,13029,13032,3093,855055,858148,3092,True
L08-2,2,3,3090,2999,447,13033,13086,3537,1079033,1082124,3090,True
L08-2,2,4,3092,2999,1,13088,13091,3093,1293705,1296798,3092,True
L08-2,2,5,24090,2999,1,13093,13106,24091,1314698,1338789,24090,True
L08-2,2,6,3092,2999,1,13107,13108,3093,1887441,1890534,3092,True
L08-2,2,7,3088,2999,810,13115,13198,3898,2153435,2156524,3088,True
L08-2,2,8,3093,2999,1,13199,13200,3094,2181184,2184278,3093,True
L08-2,2,9,3094,2999,1,13201,13202,3095,2379558,2382653,3094,True
L08-2,2,10,3093,2999,1,13203,13220,3094,2418940,2422034,3093,True
L08-2,2,11,202082,2999,558,13221,13244,-201524,2975525,2773444,-202082,False
L08-2,2,13,3094,2999,1,13248,13249,3095,3559397,3562492,3094,True
L08-2,2,14,3093,2999,1,13250,13251,3094,3781614,3784708,3093,True
L08-3,1,0,3095,2999,1,13252,13253,3096,33496,36592,3095,True
L08-3,1,1,3093,2999,1,13255,13256,3094,69495,72589,3093,True
L08-3,1,2,3094,2999,1,13257,13260,3095,855176,858271,3094,True
L08-3,1,3,3094,2999,1,13261,13314,3095,1076075,1079170,3094,True
L08-3,1,4,3093,2999,1,13316,13319,3094,1285034,1288128,3093,True
L08-3,1,5,3094,2999,1,13320,13420,3095,1308089,1311184,3094,True
L08-3,1,6,3094,2999,1,13421,13422,3095,1859935,1863030,3094,True
L08-3,1,7,3092,2999,975,13429,13512,4067,2122872,2125965,3092,True
L08-3,1,8,3096,2997,1,13513,13514,3099,2150464,2153561,3096,True
L08-3,1,10,3094,2999,1,13516,13519,3095,2407553,2410648,3094,True
L08-3,1,11,199010,2999,558,13520,13543,-198452,2961113,2762104,-199010,False
L08-3,1,12,3094,2999,1,13546,13547,3095,2980996,2984091,3094,True
L08-3,1,13,3094,2999,1,13548,13549,3095,3537163,3540258,3094,True
L08-3,1,14,3094,2999,1,13550,13551,3095,3759403,3762498,3094,True
L08-3,2,0,3093,2999,1,13552,13553,3094,33485,36579,3093,True
L08-3,2,1,3091,2999,1,13555,13556,3092,69473,72565,3091,True
L08-3,2,2,3092,2999,1,13557,13560,3093,854942,858035,3092,True
L08-3,2,3,3090,2999,1,13561,13614,3091,1075781,1078872,3090,True
L08-3,2,4,3094,2999,1,13616,13619,3095,1284678,1287773,3094,True
L08-3,2,5,3103,2999,1,13620,13720,3104,1307723,1310827,3103,True
L08-3,2,6,3085,2999,1,13721,13722,3086,1862504,1865590,3085,True
L08-3,2,7,3095,2999,1,13729,13812,3096,2125376,2128472,3095,True
L08-3,2,8,3088,2978,1,13813,13814,3110,2152937,2156026,3088,True
L08-3,2,10,3092,2999,1,13816,13819,3093,2400740,2403833,3092,True
L08-3,2,11,3093,2999,1,13820,13843,3094,2954177,2957271,3093,True
L08-3,2,12,3094,2999,1,13844,13845,3095,2974050,2977145,3094,True
L08-3,2,13,3092,2999,1,13846,13847,3093,3530048,3533141,3092,True
L08-3,2,14,3091,2999,1,13848,13849,3092,3752225,3755317,3091,True
L08-4,1,0,3095,2999,1,13850,13851,3096,33496,36592,3095,True
L08-4,1,1,3094,2999,1,13853,13854,3095,69494,72589,3094,True
L08-4,1,2,3095,709,1,13855,13858,5386,852878,855974,3095,True
L08-4,1,3,3094,2999,1,13859,13912,3095,1073780,1076875,3094,True
L08-4,1,4,3095,2999,1,13914,13917,3096,1282736,1285832,3095,True
L08-4,1,5,3095,2999,1,13918,14018,3096,1305793,1308889,3095,True
L08-4,1,6,3094,2999,1,14019,14020,3095,1857637,1860732,3094,True
L08-4,1,7,3094,2369,1,14027,14110,3725,2119940,2123035,3094,True
L08-4,1,8,3095,2997,1,14111,14112,3098,2148506,2151602,3095,True
L08-4,1,9,3093,2999,1,14113,14114,3094,2346920,2350014,3093,True
L08-4,1,10,3095,2999,1,14115,14118,3096,2432928,2436024,3095,True
L08-4,1,11,3093,2999,1,14119,14142,3094,2986480,2989574,3093,True
L08-4,1,13,3094,2999,1,14147,14148,3095,3584990,3588085,3094,True
L08-4,1,14,3094,2999,1,14149,14150,3095,3810332,3813427,3094,True
L08-4,2,0,3094,2999,1,14151,14152,3095,33488,36583,3094,True
L08-4,2,1,7,2998,1,14154,14155,-5,69480,69474,-7,True
L08-4,2,2,3093,2999,1,14156,14157,3094,852784,855878,3093,True
L08-4,2,3,3093,2999,1,14158,14211,3094,1073666,1076760,3093,True
L08-4,2,4,3093,2999,1,14213,14216,3094,1282608,1285702,3093,True
L08-4,2,5,3094,2999,1,14217,14317,3095,1305663,1308758,3094,True
L08-4,2,6,3094,2999,1,14318,14319,3095,1857465,1860560,3094,True
L08-4,2,7,3092,2999,1,14326,14409,3093,2119754,2122847,3092,True
L08-4,2,8,3094,2999,1,14410,14411,3095,2148319,2151414,3094,True
L08-4,2,9,3094,2999,1,14412,14413,3095,2349827,2352922,3094,True
L08-4,2,10,3095,2999,1,14414,14417,3096,2435831,2438927,3095,True
L08-4,2,11,3094,2999,1,14418,14441,3095,2989350,2992445,3094,True
L08-4,2,12,3094,2999,1,14445,14446,3095,3031698,3034793,3094,True
L08-4,2,14,3094,2999,1,14448,14450,3095,3621055,3624150,3094,True
L08-4,2,15,3093,2999,1,14451,14452,3094,3802751,3805845,3093,True
L09-1,1,0,4090,2999,1,14453,14461,4091,394735,398826,4090,True
L09-1,1,1,3094,2999,1,14544,14548,3095,771655,774750,3094,True
L09-1,1,2,3095,2999,1,14549,14551,3096,1088919,1092015,3095,True
L09-1,1,3,3095,2999,1,14552,14555,3096,1286892,1289988,3095,True
L09-1,1,4,4092,2997,1,14556,14557,4095,1701845,1705938,4092,True
L09-1,1,5,4089,2999,1,14558,14562,4090,1757027,1761117,4089,True
L09-1,1,6,4090,2999,1,14563,14564,4091,2264578,2268669,4090,True
L09-1,1,7,3094,2999,1,14566,14568,3095,2332555,2335650,3094,True
L09-1,1,8,3093,2999,1,14569,14570,3094,3160067,3163161,3093,True
L09-1,1,9,3094,2999,1,14572,14573,3095,3505871,3508966,3094,True
L09-1,1,10,4090,2999,1,14575,14576,4091,3583602,3587693,4090,True
L09-1,1,11,3095,2999,1,14578,14579,3096,3743054,3746150,3095,True
L09-1,2,0,4089,2999,1,14581,14582,4090,42329,46419,4089,True
L09-1,2,1,4090,2798,1,14583,14591,4292,394486,398577,4090,True
L09-1,2,2,3094,2999,1,14674,14678,3095,771375,774470,3094,True
L09-1,2,3,3094,2999,1,14679,14681,3095,1088619,1091714,3094,True
L09-1,2,4,3093,2999,1,14682,14685,3094,1286587,1289681,3093,True
L09-1,2,6,4088,2999,1,14687,14691,4089,1746773,1750862,4088,True
L09-1,2,7,4090,2999,1,14692,14693,4091,2254292,2258383,4090,True
L09-1,2,8,3095,2999,1,14695,14696,3096,2301987,2305083,3095,True
L09-1,2,9,3092,2999,1,14697,14699,3093,2322264,2325357,3092,True
L09-1,2,10,3094,2999,1,14700,14701,3095,3157547,3160642,3094,True
L09-1,2,11,3095,2999,1,14703,14704,3096,3503331,3506427,3095,True
L09-1,2,12,4087,2999,347,14706,14707,4434,3581058,3585146,4087,True
L09-1,2,13,3094,2999,1,14709,14710,3095,3740153,3743248,3094,True
L09-2,1,0,8,2999,1,14725,14733,-7,390635,390628,-8,True
L09-2,1,1,3095,2999,1,14816,14820,3096,763453,766549,3095,True
L09-2,1,2,3095,2999,1,14821,14823,3096,1080725,1083821,3095,True
L09-2,1,3,3095,2999,1,14824,14827,3096,1278707,1281803,3095,True
L09-2,1,5,4089,2665,1,14829,14830,4424,2243392,2247482,4089,True
L09-2,1,6,3095,2999,1,14832,14834,3096,2308265,2311361,3095,True
L09-2,1,7,3095,2999,1,14835,14836,3096,3135783,3138879,3095,True
L09-2,1,8,3095,2999,1,14838,14839,3096,3481600,3484696,3095,True
L09-2,1,9,4090,2999,1,14841,14842,4091,3559327,3563418,4090,True
L09-2,1,10,171529,2999,1,14844,14845,171530,3718777,3890307,171529,False
L09-2,2,0,3093,2999,1,14847,14851,3094,763447,766541,3093,True
L09-2,2,1,3094,2999,1,14852,14854,3095,1083807,1086902,3094,True
L09-2,2,2,3095,2999,1,14855,14858,3096,1281785,1284881,3095,True
L09-2,2,3,8,2999,1,14859,14860,-7,1412348,1412341,-8,True
L09-2,2,4,56471,2999,1,14864,14866,56470,1636785,1693255,-56471,False
L09-2,2,6,3095,2999,1,14869,14871,3096,2291942,2295038,3095,True
L09-2,2,7,3095,2999,1,14872,14873,3096,3119464,3122560,3095,True
L09-2,2,8,3095,2999,1,14875,14876,3096,3465283,3468379,3095,True
L09-2,2,9,4090,2795,277,14878,14879,4571,3542808,3546899,4090,True
L09-2,2,10,3094,2999,1,14881,14882,3095,3701985,3705080,3094,True
L09-2,2,11,3094,2999,1,14885,14887,3095,3873512,3876607,3094,True
L09-3,1,0,4091,2999,1,14888,14896,4092,398819,402911,4091,True
L09-3,1,1,3093,2999,1,14979,14983,3094,775726,778820,3093,True
L09-3,1,2,3093,2999,1,14984,14986,3094,1092986,1096080,3093,True
L09-3,1,3,3094,2999,1,14987,14990,3095,1290954,1294049,3094,True
L09-3,1,5,4104,2998,14,14992,14996,4119,1755373,1759478,4104,True
L09-3,1,6,4089,2999,1,14997,14998,4090,2268432,2272522,4089,True
L09-3,1,7,3095,2999,1,15000,15002,3096,2333303,2336399,3095,True
L09-3,1,8,3094,2999,1,15003,15004,3095,3160816,3163911,3094,True
L09-3,1,9,3095,2999,1,15006,15007,3096,3506626,3509722,3095,True
L09-3,1,10,4088,2999,228,15009,15010,4316,3584355,3588444,4088,True
L09-3,1,11,3095,2999,1,15012,15013,3096,3743569,3746665,3095,True
L09-3,2,0,4088,2999,143,15015,15095,4231,157045,161134,4088,True
L09-3,2,1,7,2998,1,15097,15443,-5,374902,374896,-7,True
L09-3,2,2,4093,2999,1,15444,15452,4094,394592,398686,4093,True
L09-3,2,3,3095,2999,1,15535,15539,3096,771519,774615,3095,True
L09-3,2,4,3095,2999,1,15540,15542,3096,1088796,1091892,3095,True
L09-3,2,5,3094,2999,1,15543,15546,3095,1286776,1289871,3094,True
L09-3,2,6,4091,2999,1,15547,15548,4092,1643876,1647968,4091,True
L09-3,2,7,4091,2999,1,15551,15554,4092,1700139,1704231,4091,True
L09-3,2,8,4251,2998,700,15555,15559,4952,1755338,1759590,4251,True
L09-3,2,9,7,2998,1,15561,15563,-5,1929019,1929013,-7,True
L09-3,2,10,4091,2999,1,15564,15565,4092,2184194,2188286,4091,True
L09-3,2,11,4091,2999,1,15566,15567,4092,2272908,2277000,4091,True
L09-3,2,12,3095,2999,1,15569,15571,3096,2337784,2340880,3095,True
L09-3,2,13,3094,2999,1,15572,15573,3095,3172753,3175848,3094,True
L09-3,2,14,3095,2999,1,15575,15576,3096,3522671,3525767,3095,True
L09-3,2,15,4090,2999,1,15578,15579,4091,3600401,3604492,4090,True
L09-3,2,16,3094,2999,1,15581,15582,3095,3759623,3762718,3094,True
L09-4,1,0,4089,2999,1,15584,15592,4090,386240,390330,4089,True
L09-4,1,1,3094,2999,1,15675,15679,3095,763154,766249,3094,True
L09-4,1,2,3094,2999,1,15680,15682,3095,1080421,1083516,3094,True
L09-4,1,3,3093,2999,1,15683,15686,3094,1278391,1281485,3093,True
L09-4,1,4,4092,2997,1,15687,15688,4095,1693326,1697419,4092,True
L09-4,1,5,4092,2712,1,15689,15690,4380,2251670,2255763,4092,True
L09-4,1,6,3093,2999,1,15692,15694,3094,2316550,2319644,3093,True
L09-4,1,7,3095,2999,1,15695,15696,3096,3144052,3147148,3095,True
L09-4,1,8,3094,2999,1,15698,15699,3095,3489864,3492959,3094,True
L09-4,1,9,4091,2999,1,15701,15702,4092,3567586,3571678,4091,True
L09-4,1,10,3095,2999,1,15704,15705,3096,3727034,3730130,3095,True
L09-4,2,0,4091,2999,1,15707,15708,4092,152802,156894,4091,True
L09-4,2,1,4091,2999,1,15709,15717,4092,386379,390471,4091,True
L09-4,2,2,3095,2999,1,15800,15804,3096,763305,766401,3095,True
L09-4,2,3,3094,2999,1,15805,15807,3095,1080571,1083666,3094,True
L09-4,2,4,3094,2999,1,15808,15811,3095,1278549,1281644,3094,True
L09-4,2,5,4091,2999,1,15812,15813,4092,1693502,1697594,4091,True
L09-4,2,6,4090,2999,1,15814,15815,4091,2254966,2259057,4090,True
L09-4,2,7,3094,2999,1,15817,15819,3095,2319840,2322935,3094,True
L09-4,2,8,3094,2999,1,15820,15821,3095,3147354,3150449,3094,True
L09-4,2,9,3094,2999,1,15823,15824,3095,3493175,3496270,3094,True
L09-4,2,10,4091,2999,1,15826,15827,4092,3570903,3574995,4091,True
L09-4,2,11,3095,2999,1,15829,15830,3096,3730356,3733452,3095,True
L09-4,2,12,84,2998,1,15832,15833,86,3852079,3852164,84,True
L10-1,1,0,3094,2999,1,15834,15835,3095,120548,123643,3094,True
L10-1,1,1,3095,2999,1,15836,15839,3096,1276755,1279851,3095,True
L10-1,1,2,3095,2999,1,15840,15841,3096,1918388,1921484,3095,True
L10-1,1,3,3094,2999,1,15842,15843,3095,2024619,2027714,3094,True
L10-1,1,4,3095,2999,1,15844,15845,3096,2088173,2091269,3095,True
L10-1,1,5,3094,2999,1,15846,15847,3095,2529749,2532844,3094,True
L10-1,1,6,3093,2999,1,15852,15855,3094,2768650,2771744,3093,True
L10-1,1,7,3094,2999,1,15859,15860,3095,3583493,3586588,3094,True
L10-1,1,8,8606,2999,1,15863,15865,8607,3720119,3728726,8606,True
L10-1,1,9,3094,2999,1,15869,15870,3095,3965851,3968946,3094,True
L10-1,2,0,3094,2999,1,15872,15873,3095,120548,123643,3094,True
L10-1,2,1,3095,2999,1,15874,15877,3096,850456,853552,3095,True
L10-1,2,2,3092,2999,245,15878,15881,3337,1275872,1278965,3092,True
L10-1,2,3,3094,2999,1,15882,15883,3095,1923463,1926558,3094,True
L10-1,2,4,3095,2999,1,15884,15885,3096,2029693,2032789,3095,True
L10-1,2,5,3093,2999,1,15886,15887,3094,2093248,2096342,3093,True
L10-1,2,6,3094,2999,1,15888,15889,3095,2495432,2498527,3094,True
L10-1,2,7,3093,2999,955,15890,15891,4048,2534824,2537918,3093,True
L10-1,2,8,459350,2994,1,15896,15898,-459346,3211847,2752496,459350,False
L10-1,2,9,3095,2999,1,15902,15903,3096,3564252,3567348,3095,True
L10-1,2,10,8606,2999,1,15906,15908,8607,3700879,3709486,8606,True
L10-1,2,11,7,2998,1,15912,15914,-5,3878616,3878610,-7,True
L10-2,1,0,3095,2999,1,15919,15920,3096,120558,123654,3095,True
L10-2,1,1,3095,2999,1,15923,15926,3096,1313802,1316898,3095,True
L10-2,1,3,3094,2999,1,15928,15929,3095,2052470,2055565,3094,True
L10-2,1,4,3094,2999,1,15930,15931,3095,2116022,2119117,3094,True
L10-2,1,5,3095,2999,1,15932,15933,3096,2558287,2561383,3095,True
L10-2,1,6,3094,2999,1,15939,15942,3095,2800295,2803390,3094,True
L10-2,1,7,3095,2999,1,15946,15947,3096,3630256,3633352,3095,True
L10-2,1,8,13420,2999,1,15950,15952,13421,3766881,3780302,13420,True
L10-2,2,1,2949685,2325,1,15959,15961,2950360,133002,3082688,2949685,False
L10-2,2,2,2955011,2999,1,15962,15963,-2955012,3077862,122850,2955011,False
L10-2,2,3,3094,2999,1,16055,16056,3095,133003,136098,3094,True
L10-2,2,4,3095,2999,1,16081,16082,3096,174552,177648,3095,True
L10-2,2,5,3788,2999,1,16083,16084,3789,211554,215343,3788,True
L10-2,2,6,3094,2999,1,16085,16088,3095,669060,672155,3094,True
L10-2,2,7,3094,2999,1,16090,16093,3095,1283229,1286324,3094,True
L10-2,2,8,3094,2999,1,16094,16106,3095,1303404,1306499,3094,True
L10-2,2,9,3095,2999,1,16206,16208,3096,1918551,1921647,3095,True
L10-2,2,10,3094,2999,1,16209,16210,3095,2021900,2024995,3094,True
L10-2,2,11,3094,2999,1,16211,16212,3095,2085455,2088550,3094,True
L10-2,2,12,3790,2999,1,16213,16219,3791,2516875,2520666,3790,True
L10-2,2,13,3094,2999,1,16220,16221,3095,2527721,2530816,3094,True
L10-2,2,14,3095,2999,1,16226,16227,3096,2575573,2578669,3095,True
L10-2,2,15,53360,2999,1,16228,16231,53359,2722568,2775927,-53360,False
L10-2,2,16,3789,2999,1,16235,16236,3790,3074075,3077865,3789,True
L10-2,2,17,3094,2999,1,16237,16238,3095,3082691,3085786,3094,True
L10-2,2,18,3788,2999,1,16307,16308,3789,3502190,3505979,3788,True
L10-2,2,19,3093,2999,1,16309,16310,3094,3602796,3605890,3093,True
L10-2,2,20,13421,2999,1,16313,16315,13422,3739423,3752845,13421,True
L10-2,2,21,3094,2999,1,16319,16320,3095,3972716,3975811,3094,True
L10-3,1,0,5282,2604,1,16322,16324,5676,121066,126347,-5282,False
L10-3,1,1,3094,2999,1,16325,16328,3095,1283861,1286956,3094,True
L10-3,1,2,3094,2999,1,16329,16330,3095,1914327,1917422,3094,True
L10-3,1,3,3095,2999,1,16331,16332,3096,2020554,2023650,3095,True
L10-3,1,4,3095,1728,1,16333,16334,4367,2082839,2085935,3095,True
L10-3,1,5,3095,2999,1,16335,16336,3096,2522593,2525689,3095,True
L10-3,1,6,3093,2999,1,16341,16344,3094,2761497,2764591,3093,True
L10-3,1,7,3094,2999,1,16348,16349,3095,3576338,3579433,3094,True
L10-3,1,8,9296,2999,1,16352,16354,9297,3712966,3722263,9296,True
L10-3,1,9,3093,1743,1,16358,16359,4350,3955026,3958120,3093,True
L10-3,2,0,3885697,2999,2180,16361,16366,3887877,117977,4003675,3885697,True
L10-3,2,1,3670586,818,1,16426,16486,-3668406,3793355,122768,3670586,False
L10-3,2,2,5414,2999,1,16487,16488,5415,378741,384156,5414,True
L10-3,2,3,3095,2999,1,16489,16492,3096,1287017,1290113,3095,True
L10-3,2,5,43327,2999,1,16497,16498,43328,1911396,1954724,43327,False
L10-3,2,6,3095,2999,1,16499,16500,3096,1997021,2000117,3095,True
L10-3,2,7,3093,2999,1,16501,16502,3094,2059307,2062401,3093,True
L10-3,2,8,7,2998,1,16503,16505,-5,2289133,2289127,-7,True
L10-3,2,9,3095,2999,1,16509,16510,3096,2500884,2503980,3095,True
L10-3,2,10,3094,2999,1,16515,16518,3095,2739792,2742887,3094,True
L10-3,2,11,3095,2999,1,16522,16524,3096,3630251,3633347,3095,True
L10-3,2,12,9298,2999,1,16527,16529,9299,3771459,3780758,9298,True
L10-4,1,0,3090,774,354,16536,16537,5669,118319,121410,3090,True
L10-4,1,1,3094,2999,1,16538,16541,3095,1273131,1276226,3094,True
L10-4,1,2,3094,2999,1,16542,16543,3095,1920956,1924051,3094,True
L10-4,1,3,3094,2999,1,16544,16545,3095,2027184,2030279,3094,True
L10-4,1,4,3094,2999,1,16546,16547,3095,2090737,2093832,3094,True
L10-4,1,5,3095,2999,1,16548,16549,3096,2535420,2538516,3095,True
L10-4,1,6,3095,2999,1,16554,16557,3096,2774312,2777408,3095,True
L10-4,1,7,3094,2999,1,16561,16562,3095,3589141,3592236,3094,True
L10-4,1,8,6195,2999,1,16565,16567,6196,3725760,3731956,6195,True
L10-4,1,9,3093,2830,1,16571,16572,3263,3965798,3968892,3093,True
L10-4,2,0,3091,2999,1,16574,16575,3092,121407,124499,3091,True
L10-4,2,1,3090,2999,235,16576,16579,3325,1279248,1282339,3090,True
L10-4,2,2,3094,2999,1,16580,16581,3095,1444822,1447917,3094,True
L10-4,2,3,3101,2999,1,16584,16585,3102,1732785,1735887,3101,True
L10-4,2,4,3097,2668,1,16587,16588,3429,1934727,1937825,3097,True
L10-4,2,5,3094,2999,1,16589,16590,3095,2040944,2044039,3094,True
L10-4,2,6,3093,2999,1,16591,16592,3094,2104499,2107593,3093,True
L10-4,2,7,9298,2999,1,16593,16599,9299,2356545,2365844,9298,True
L10-4,2,8,3096,2999,1,16600,16606,3097,2470562,2473659,3096,True
L10-4,2,9,3094,2999,1,16622,16623,3095,2564620,2567715,3094,True
L10-4,2,10,3094,2999,1,16628,16631,3095,2803581,2806676,3094,True
L10-4,2,11,3092,2999,1,16635,16636,3093,3663855,3666948,3092,True
L10-4,2,12,8605,2732,1,16639,16641,8873,3805340,3813946,8605,True
L10-4,2,13,3093,2999,1,16645,16646,3094,4047792,4050886,3093,True
L11-1,1,0,3095,2999,1,16648,16653,3096,76795,79891,3095,True
L11-1,1,1,3095,2999,1,16654,16656,3096,164195,167291,3095,True
L11-1,1,2,3095,2999,1,16657,16658,3096,390333,393429,3095,True
L11-1,1,3,3094,2999,1,16659,16662,3095,1287033,1290128,3094,True
L11-1,1,4,3095,2999,1,16663,16664,3096,1433678,1436774,3095,True
L11-1,1,5,3094,2999,1,16665,16666,3095,1870288,1873383,3094,True
L11-1,1,6,3094,2999,1,16670,16671,3095,2138910,2142005,3094,True
L11-1,1,7,3095,2999,1,16672,16673,3096,2190145,2193241,3095,True
L11-1,1,8,3094,2999,1,16674,16675,3095,2463133,2466228,3094,True
L11-1,1,9,3095,2999,1,16696,16697,3096,2903954,2907050,3095,True
L11-1,1,10,3095,2999,1,16698,16699,3096,3673459,3676555,3095,True
L11-1,1,11,3095,2999,1,16700,16701,3096,3934241,3937337,3095,True
L11-1,2,0,3094,2999,1,16702,16708,3095,76786,79881,3094,True
L11-1,2,1,3092,2999,195,16709,16711,3287,164178,167271,3092,True
L11-1,2,2,3091,2999,1,16712,16713,3092,192639,195731,3091,True
L11-1,2,3,3093,2999,1,16715,16716,3094,390098,393192,3093,True
L11-1,2,4,3092,2999,1,16717,16718,3093,1001141,1004234,3092,True
L11-1,2,5,3094,2999,1,16720,16723,3095,1269171,1272266,3094,True
L11-1,2,6,3093,2999,1,16724,16725,3094,1415809,1418903,3093,True
L11-1,2,7,3094,2999,1,16726,16728,3095,1602709,1605804,3094,True
L11-1,2,8,3094,2999,1,16729,16730,3095,1852385,1855480,3094,True
L11-1,2,9,3093,2999,1,16734,16735,3094,2120992,2124086,3093,True
L11-1,2,10,3092,2999,1,16736,16737,3093,2172223,2175316,3092,True
L11-1,2,11,3093,2999,1,16738,16739,3094,2445175,2448269,3093,True
L11-1,2,12,3094,2999,1,16770,16771,3095,2885975,2889070,3094,True
L11-1,2,13,3094,2999,1,16772,16773,3095,3547836,3550931,3094,True
L11-1,2,15,3095,2822,1,16775,16810,3273,3744733,3747829,3095,True
L11-1,2,16,3093,2999,1,16811,16812,3094,3917945,3921039,3093,True
L11-2,1,0,3094,2999,1,16813,16818,3095,79896,82991,3094,True
L11-2,1,1,3094,2999,1,16819,16821,3095,167290,170385,3094,True
L11-2,1,2,3094,2999,1,16822,16823,3095,390317,393412,3094,True
L11-2,1,3,3094,2999,1,16824,16827,3095,1283899,1286994,3094,True
L11-2,1,4,3093,2999,1,16829,16830,3094,1433643,1436737,3093,True
L11-2,1,5,3094,2999,1,16831,16832,3095,1891064,1894159,3094,True
L11-2,1,6,37348,2999,1,16836,16838,37349,2134947,2172296,37348,True
L11-2,1,7,8,2999,1,16839,16840,-7,2220440,2220433,-8,True
L11-2,1,8,3094,2999,1,16841,16842,3095,2493425,2496520,3094,True
L11-2,1,9,3094,2999,1,16863,16864,3095,2934243,2937338,3094,True
L11-2,1,10,3093,2999,1,16865,16866,3094,3703736,3706830,3093,True
L11-2,1,11,3095,2999,1,16867,16868,3096,3961419,3964515,3095,True
L11-2,2,0,3093,2999,1,16869,16870,3094,42963,46057,3093,True
L11-2,2,1,3091,2999,1,16871,16877,3092,79878,82970,3091,True
L11-2,2,2,3093,2999,1,16878,16880,3094,167260,170354,3093,True
L11-2,2,3,3094,2999,1,16881,16882,3095,390274,393369,3094,True
L11-2,2,4,505108,2999,1,16883,16887,505107,1240636,1745743,-505108,True
L11-2,2,5,3093,2999,80,16890,16893,3173,1325391,1328485,3093,True
L11-2,2,6,3093,2999,1,16905,16906,3094,1457345,1460439,3093,True
L11-2,2,7,402656,2999,1,16907,16908,-402655,1728043,1325388,-402656,False
L11-2,2,8,3092,2999,1,16911,16914,3093,1745746,1748839,3092,True
L11-2,2,9,3095,2999,1,16915,16916,3096,1767782,1770878,3095,True
L11-2,2,10,3091,2999,188,16917,16918,3279,1914676,1917768,3091,True
L11-2,2,11,3094,2999,1,16922,16923,3095,2146879,2149974,3094,True
L11-2,2,12,31157,2999,1,16924,16925,-31156,2186183,2155027,-31157,True
L11-2,2,13,34149,2999,1,16928,16929,34150,2186183,2220333,34149,True
L11-2,2,14,3092,2999,1,16930,16931,3093,2339369,2342462,3092,True
L11-2,2,15,3093,2999,1,16937,16938,3094,2541432,2544526,3093,True
L11-2,2,16,3094,2999,1,16970,16971,3095,2985294,2988389,3094,True
L11-2,2,17,3094,2999,1,16972,16974,3095,3325351,3328446,3094,True
L11-2,2,18,3093,2999,1,16977,16978,3094,3754721,3757815,3093,True
L11-2,2,19,3093,2999,1,16979,16980,3094,4015497,4018591,3093,True
L11-3,1,0,3095,2999,1,16981,16986,3096,76794,79890,3095,True
L11-3,1,1,3095,2999,1,16987,16989,3096,164194,167290,3095,True
L11-3,1,2,3095,2999,1,16990,16991,3096,387226,390322,3095,True
L11-3,1,3,3094,2999,1,16992,16995,3095,1280835,1283930,3094,True
L11-3,1,4,3095,2999,1,16996,16997,3096,1427484,1430580,3095,True
L11-3,1,5,3094,2999,1,16998,16999,3095,1860995,1864090,3094,True
L11-3,1,6,3094,2999,1,17003,17004,3095,2129620,2132715,3094,True
L11-3,1,7,3094,2999,1,17005,17006,3095,2180855,2183950,3094,True
L11-3,1,8,3092,2999,165,17007,17008,3257,2453840,2456933,3092,True
L11-3,1,9,3095,2999,1,17029,17030,3096,2894497,2897593,3095,True
L11-3,1,11,3094,2999,1,17032,17033,3095,3890508,3893603,3094,True
L11-3,2,0,3092,2999,1,17034,17040,3093,76778,79871,3092,True
L11-3,2,1,3095,2999,1,17041,17043,3096,164165,167261,3095,True
L11-3,2,2,3095,2999,1,17044,17045,3096,387189,390285,3095,True
L11-3,2,3,3091,2999,1,17046,17049,3092,1283861,1286953,3091,True
L11-3,2,4,3094,2999,1,17050,17051,3095,1433586,1436681,3094,True
L11-3,2,5,461198,2999,1579,17052,17053,-459619,1867044,1405847,-461198,False
L11-3,2,6,3093,2999,1,17056,17057,3094,2112731,2115825,3093,True
L11-3,2,7,3092,2999,1,17058,17059,3093,2163961,2167054,3092,True
L11-3,2,8,3094,2999,1,17060,17061,3095,2436909,2440004,3094,True
L11-3,2,9,3097,2999,1,17195,17196,3098,2877515,2880613,3097,True
L11-3,2,10,3092,2999,1,17197,17198,3093,3617802,3620895,3092,True
L11-3,2,11,3093,2999,1,17245,17246,3094,3873404,3876498,3093,True
L11-4,1,0,3094,2999,1,17247,17252,3095,76795,79890,3094,True
L11-4,1,1,3094,2999,1,17253,17255,3095,164194,167289,3094,True
L11-4,1,2,3094,2999,1,17256,17257,3095,390322,393417,3094,True
L11-4,1,3,3095,2999,1,17258,17261,3096,1290132,1293228,3095,True
L11-4,1,4,3095,2999,1,17262,17263,3096,1436775,1439871,3095,True
L11-4,1,5,3095,2999,1,17264,17265,3096,1873378,1876474,3095,True
L11-4,1,7,3095,2999,1,17270,17271,3096,2173230,2176326,3095,True
L11-4,1,8,1804918,2999,2905,17272,17273,-1802013,2446210,641293,-1804918,False
L11-4,1,9,3095,2999,1,17292,17293,3096,2889708,2892804,3095,True
L11-4,1,10,3094,2999,1,17294,17295,3095,3662311,3665406,3094,True
L11-4,1,11,3093,2999,1,17296,17297,3094,3919994,3923088,3093,True
L11-4,2,0,3092,2999,1,17298,17304,3093,76773,79866,3092,True
L11-4,2,1,3092,2999,1,17305,17307,3093,164161,167254,3092,True
L11-4,2,2,3094,2999,1,17309,17311,3095,306170,309265,3094,True
L11-4,2,3,3093,2999,1,17325,17327,3094,390249,393343,3093,True
L11-4,2,4,3092,2999,1,17328,17415,3093,496931,500024,3092,True
L11-4,2,5,3092,2999,1,17417,17418,3093,951740,954833,3092,True
L11-4,2,6,3092,2999,1,17614,17617,3093,1293018,1296111,3092,True
L11-4,2,7,3092,2999,1,17618,17619,3093,1439636,1442729,3092,True
L11-4,2,8,3094,2999,1,17620,17621,3095,1820055,1823150,3094,True
L11-4,2,9,3094,2808,1,17630,17631,3286,1880593,1883688,3094,True
L11-4,2,10,3093,2999,1,17635,17637,3094,2016349,2019443,3093,True
L11-4,2,11,3091,2999,1,17638,17639,3092,2137808,2140900,3091,True
L11-4,2,12,3093,2999,1,17726,17727,3094,2183503,2186597,3093,True
L11-4,2,13,4604,2999,1,17728,17729,4605,2459531,2464136,4604,True
L11-4,2,14,3092,2999,1,17730,17732,3093,2628899,2631992,3092,True
L11-4,2,15,3094,2999,1,17733,17734,3095,2829024,2832119,3094,True
L11-4,2,16,3094,2999,1,17735,17736,3095,2902961,2906056,3094,True
L11-4,2,17,3093,2999,1,17737,17738,3094,2960630,2963724,3093,True
L11-4,2,18,3091,2999,1,17740,17743,3092,3401008,3404100,3091,True
L11-4,2,19,3093,2999,1,17744,17745,3094,3675429,3678523,3093,True
L11-4,2,20,3093,2999,1,17746,17747,3094,4162242,4165336,3093,True
L11-4,2,21,3094,1526,1,17748,17749,4568,4221164,4224259,3094,True
