Line,Gen,is_cluster_id,min_dist,head_qend,tail_qstart,min_i,min_j,raw_dist,min_start_raw,min_end_raw,flank_dist,dir
L01-1,1,0,3093,2999,1,0,1,3094,476913,480007,3093,True
L01-1,1,1,8024,2063,311,2,3,9269,547586,555609,-8024,False
L01-1,1,2,17732,2998,2,4,9,17735,1185970,1203703,17732,False
L01-1,1,3,3093,2999,1,11,12,3094,1406378,1409472,3093,True
L01-1,1,4,4663,2999,1,15,16,4664,1500476,1505140,4663,True
L01-1,1,5,41245,2999,1,17,22,41246,1993896,2035142,41245,True
L01-1,1,6,4664,2999,1,24,25,4665,2350513,2355178,4664,True
L01-1,1,7,3093,2999,1,33,36,3094,3416549,3419643,3093,True
L01-1,1,8,3093,2999,1,40,41,3094,3914099,3917193,3093,True
L01-1,1,9,4664,2999,1,42,43,4665,4011660,4016325,4664,True
L01-1,2,0,3094,2999,1,45,46,3095,476924,480019,3094,True
L01-1,2,1,3095,2536,1,47,48,3559,552063,555159,3095,True
L01-1,2,2,3094,2999,1,49,50,3095,706058,709153,3094,True
L01-1,2,3,204261,2999,1,51,56,204262,1188620,1392882,204261,False
L01-1,2,4,3093,2999,1,57,59,-3094,1379821,1376727,3093,True
L01-1,2,5,3094,2999,1,133,134,3095,1412099,1415194,3094,True
L01-1,2,6,4664,2999,1,137,138,4665,1506198,1510863,4664,True
L01-1,2,7,3091,2448,853,139,140,4495,1681982,1685074,3091,True
L01-1,2,8,3090,2999,1,141,142,3091,1884941,1888032,3090,True
L01-1,2,9,33484,2999,1,143,146,-33483,1921515,1888032,-33484,True
L01-1,2,10,3093,2999,1,147,150,3094,1921515,1924609,3093,True
L01-1,2,11,286649,2999,171,152,153,286818,2158880,2445528,-286649,True
L01-1,2,12,3091,2999,1586,159,160,4677,2583286,2586378,3091,True
L01-1,2,13,3093,2999,1,161,163,3094,3285854,3288948,3093,True
L01-1,2,14,4662,2999,169,167,169,4831,3616796,3621459,4662,True
L01-1,2,15,3092,2999,1,170,171,3093,3786317,3789410,3092,True
L01-1,2,16,4663,2999,1,172,173,4664,3883880,3888544,4663,True
L01-2,1,0,3093,2999,1,175,176,3094,476922,480016,3093,True
L01-2,1,2,16358,2998,2463,178,183,18822,1154338,1170697,16358,False
L01-2,1,3,3093,2999,1,185,186,3094,1372270,1375364,3093,True
L01-2,1,4,4663,2999,1,189,190,4664,1466372,1471036,4663,True
L01-2,1,5,3094,2999,1,191,194,3095,1953578,1956673,3094,True
L01-2,1,6,4660,2898,1,196,197,4762,2305319,2309980,4660,True
L01-2,1,7,3094,2999,1,205,208,3095,3372458,3375553,3094,True
L01-2,1,8,6336,2857,1,211,213,6479,3867105,3873442,6336,True
L01-2,1,9,4664,2999,1,214,215,4665,3967910,3972575,4664,True
L01-2,2,0,3094,2999,1,217,218,3095,476928,480023,3094,True
L01-2,2,1,4288,2998,1,219,222,4290,531618,535907,4288,True
L01-2,2,2,1538644,2998,1871,224,226,-1536772,2082417,543774,-1538644,True
L01-2,2,3,4664,2999,1,227,232,4665,1142290,1146955,4664,True
L01-2,2,4,3094,2997,1,238,239,3097,1158642,1161737,3094,True
L01-2,2,5,3094,2999,1,311,312,3095,1360211,1363306,3094,True
L01-2,2,6,4663,2999,1,315,316,4664,1457414,1462078,4663,True
L01-2,2,7,3094,2999,1,317,320,3095,1949299,1952394,3094,True
L01-2,2,8,1527252,2757,1,322,324,-1527009,2063158,535907,-1527252,True
L01-2,2,9,3094,2999,1,326,327,3095,2093453,2096548,3094,True
L01-2,2,10,3095,2999,1,328,329,3096,2300818,2303914,3095,True
L01-2,2,11,3094,2999,1,337,340,3095,3372642,3375737,3094,True
L01-2,2,12,3094,2999,1,343,344,3095,3522870,3525965,3094,True
L01-2,2,13,2486274,2999,148,348,349,-2486126,3846483,1360210,-2486274,True
L01-2,2,14,3305800,2851,1,396,467,3305949,543776,3849577,3305800,True
L01-2,2,15,522920,2979,153,468,469,-522747,3944027,3421108,-522920,False
L01-3,1,0,3094,2999,1,470,471,3095,480016,483111,3094,True
L01-3,1,1,4655,2063,274,472,473,5863,550690,555344,-4655,False
L01-3,1,2,153447,1003,617,474,478,-150836,1332936,1179488,153447,False
L01-3,1,3,3093,2999,1,480,481,3094,1391489,1394583,3093,True
L01-3,1,4,4664,2999,1,484,485,4665,1485592,1490257,4664,True
L01-3,1,5,3093,2999,1,486,489,3094,1978531,1981625,3093,True
L01-3,1,6,4665,2997,1,491,492,4668,2296981,2301647,4665,True
L01-3,1,7,3094,2999,1,500,503,3095,3374974,3378069,3094,True
L01-3,1,8,3093,2999,1,507,508,3094,3869522,3872616,3093,True
L01-3,1,9,3093,2999,1,509,510,3094,3970181,3973275,3093,True
L01-3,2,0,3094,2999,1,512,513,3095,5309,8404,3094,True
L01-3,2,1,3093,2999,1,514,515,3094,480028,483122,3093,True
L01-3,2,2,3094,2999,1,516,588,3095,552261,555356,3094,True
L01-3,2,3,3094,2999,1,589,592,3095,1178397,1181492,3094,True
L01-3,2,4,3094,2999,1,593,594,3095,1393493,1396588,3094,True
L01-3,2,5,4664,2999,1,597,598,4665,1487596,1492261,4664,True
L01-3,2,6,3092,2999,1105,599,606,4197,1564209,1567302,3092,True
L01-3,2,7,3093,2999,1,607,608,3094,1748725,1751819,3093,True
L01-3,2,8,3093,2999,1,610,613,3094,1820157,1823251,3093,True
L01-3,2,9,11939,2824,1,614,615,12115,1836335,1848275,11939,True
L01-3,2,10,7,2998,1,616,617,-5,1932254,1932248,-7,True
L01-3,2,11,737968,2590,1,618,619,738376,1236469,1974436,-737968,False
L01-3,2,12,211747,2999,171,621,622,211918,2289797,2501545,211747,False
L01-3,2,13,3094,2999,1,629,633,3095,2501784,2504879,3094,True
L01-3,2,14,3094,2999,1,634,635,3095,2801032,2804127,3094,True
L01-3,2,15,4663,2999,1,636,637,4664,2939974,2944638,4663,True
L01-3,2,16,966462,2757,252,638,640,-965970,2196179,1229716,966462,True
L01-3,2,17,3093,2999,1,644,647,3094,3443504,3446598,3093,True
L01-3,2,20,3094,2999,1,651,652,3095,3916543,3919638,3094,True
L01-4,1,0,3094,2999,1,654,655,3095,476917,480012,3094,True
L01-4,1,1,7,2998,1,656,658,-5,557155,557149,-7,True
L01-4,1,2,17778,2998,1,659,664,17780,1184720,1202499,17778,False
L01-4,1,3,3094,2999,1,666,667,3095,1405117,1408212,3094,True
L01-4,1,4,3094,2999,1,670,671,3095,1499219,1502314,3094,True
L01-4,1,5,3094,2999,1,672,675,3095,1987963,1991058,3094,True
L01-4,1,6,193731,2999,171,677,678,193902,2312630,2506362,193731,False
L01-4,1,7,3094,2999,1,685,688,3095,3362628,3365723,3094,True
L01-4,1,8,3094,2999,1,692,693,3095,3860177,3863272,3094,True
L01-4,1,9,4645,2999,1,694,695,4646,3957739,3962385,4645,True
L01-4,2,0,3093,2999,1,697,698,3094,487150,490244,3093,True
L01-4,2,1,4663,2999,1,699,704,4664,1198064,1202728,4663,True
L01-4,2,2,3094,2999,1,705,707,3095,1215836,1218931,3094,True
L01-4,2,3,3094,2999,1,785,786,3095,1418450,1421545,3094,True
L01-4,2,4,4663,2999,1,789,790,4664,1512549,1517213,4663,True
L01-4,2,5,3094,2999,1,791,794,3095,1840908,1844003,3094,True
L01-4,2,6,3094,2999,1,795,798,3095,2140591,2143686,3094,True
L01-4,2,7,3093,2999,1,800,801,3094,2189489,2192583,3093,True
L01-4,2,8,3093,2999,1,802,803,3094,2278042,2281136,3093,True
L01-4,2,9,4662,2999,1,804,805,4663,2465257,2469920,4662,True
L01-4,2,10,3094,2999,1,809,832,3095,2599875,2602970,3094,True
L01-4,2,11,3094,1397,1,834,835,4697,2710563,2713658,3094,True
L01-4,2,12,3093,2999,1,836,839,3094,2903808,2906902,3093,True
L01-4,2,13,1143653,2757,1,843,845,1143894,2371635,3515287,-1143653,False
L01-4,2,14,4661,2999,1415,849,852,6076,3616165,3620827,4661,True
L01-4,2,15,3095,2670,1,853,854,3425,4007993,4011089,3095,True
L01-4,2,16,4646,2999,1,855,856,4647,4105560,4110207,4646,True
L02-1,1,0,3093,2999,1,858,861,3094,1279068,1282162,3093,True
L02-1,1,1,3094,2999,1,862,863,3095,1522328,1525423,3094,True
L02-1,1,2,3094,2999,1,864,865,3095,1670849,1673944,3094,True
L02-1,1,3,3093,2999,1,866,874,3094,2284979,2288073,3093,True
L02-1,1,4,3094,2999,1,875,876,3095,2380665,2383760,3094,True
L02-1,1,5,3094,2999,1,877,878,3095,2660331,2663426,3094,True
L02-1,1,6,3094,2999,1,881,889,3095,2900297,2903392,3094,True
L02-1,1,7,3092,2059,1,891,901,4033,3041023,3044116,3092,True
L02-1,1,8,3294821,2999,2427,902,953,-3292394,3353291,58471,-3294821,True
L02-1,1,9,3094,2999,1,969,970,3095,3467723,3470818,3094,True
L02-1,1,10,3094,2999,1,972,974,3095,3670984,3674079,3094,True
L02-1,1,11,3094,2999,1,1044,1046,3095,3783382,3786477,3094,True
L02-1,1,12,3743,2999,1,1048,1049,3744,3802977,3806721,3743,True
L02-1,1,13,3101,599,5,1053,1054,5506,3933830,3936932,3101,True
L02-1,1,14,3095,1846,1,1055,1056,4249,4034296,4037392,3095,True
L02-1,2,0,3094,2999,1,1059,1060,3095,590243,593338,3094,True
L02-1,2,1,2483323,2999,1,1121,1122,2483324,1251239,3734563,2483323,False
L02-1,2,2,2436333,2999,1,1123,1126,-2436334,3694417,1258083,2436333,False
L02-1,2,3,3094,2999,1,1128,1130,3095,1501350,1504445,3094,True
L02-1,2,4,3095,1616,1,1131,1132,4479,1648490,1651586,3095,True
L02-1,2,5,3094,2999,1,1133,1134,3095,1735218,1738313,3094,True
L02-1,2,6,3093,2999,1,1136,1139,3094,1806621,1809715,3093,True
L02-1,2,7,7,2998,1,1140,1194,-5,2098137,2098131,-7,True
L02-1,2,8,216444,2034,1,1195,1204,-215480,2470579,2254134,216444,False
L02-1,2,9,3093,2999,1,1205,1206,3094,2346726,2349820,3093,True
L02-1,2,10,3093,2999,1,1207,1208,3094,2632593,2635687,3093,True
L02-1,2,11,3093,2999,1,1211,1220,3094,2872560,2875654,3093,True
L02-1,2,12,3093,2999,1,1223,1236,3094,3013284,3016378,3093,True
L02-1,2,13,3094,2999,1,1237,1287,3095,3330533,3333628,3094,True
L02-1,2,14,293343,2999,1,1290,1291,293344,3444966,3738310,293343,True
L02-1,2,15,3094,2999,1,1293,1294,3095,3831089,3834184,3094,True
L02-1,2,16,3094,2999,1,1297,1299,3095,3938476,3941571,3094,True
L02-1,2,17,1743942,2992,1,1369,1370,1743950,2225873,3969816,1743942,True
L02-1,2,18,3743,2999,1,1372,1373,3744,3986315,3990059,3743,True
L02-1,2,19,19155,2998,1,1374,1377,-19153,4009213,3990059,-19155,True
L02-1,2,20,19155,2998,1,1378,1381,-19153,4009213,3990059,-19155,True
L02-1,2,21,19155,2998,1,1382,1385,-19153,4009213,3990059,-19155,True
L02-1,2,22,3093,2999,1,1386,1387,3094,4048471,4051565,3093,True
L02-1,2,23,3092,2999,1509,1388,1390,4601,4148939,4152032,3092,True
L02-2,1,0,3094,2999,1,1393,1396,3095,1281924,1285019,3094,True
L02-2,1,1,3094,2999,1,1397,1398,3095,1528292,1531387,3094,True
L02-2,1,2,3094,2999,1,1399,1400,3095,1676818,1679913,3094,True
L02-2,1,3,3094,2999,1,1401,1409,3095,2319549,2322644,3094,True
L02-2,1,5,3069,2999,1,1411,1412,3070,2693916,2696986,3069,True
L02-2,1,6,3094,2999,1,1415,1423,3095,2936966,2940061,3094,True
L02-2,1,7,11568,989,1,1425,1431,13579,3050619,3062188,11568,True
L02-2,1,8,3094,2999,1,1432,1480,3095,3371371,3374466,3094,True
L02-2,1,9,3094,2999,1,1497,1498,3095,3495849,3498944,3094,True
L02-2,1,10,35723,2999,1,1500,1502,35724,3696010,3731734,35723,False
L02-2,1,11,3094,2999,1,1569,1571,3095,3796528,3799623,3094,True
L02-2,1,12,73376,2999,1,1574,1576,73377,3816123,3889500,73376,False
L02-2,1,13,3091,2999,447,1577,1578,3538,3910229,3913321,3091,True
L02-2,1,14,3092,2999,745,1579,1580,3837,4011399,4014492,3092,True
L02-2,2,0,3742,2999,1,1583,1585,3743,554025,557768,3742,True
L02-2,2,1,3094,2999,1,1586,1587,3095,769939,773034,3094,True
L02-2,2,2,3094,2999,1,1588,1589,3095,1015788,1018883,3094,True
L02-2,2,3,3093,2999,1,1594,1597,3094,1281827,1284921,3093,True
L02-2,2,4,3094,2999,1,1598,1599,3095,1341194,1344289,3094,True
L02-2,2,5,3094,2999,1,1679,1680,3095,1528178,1531273,3094,True
L02-2,2,6,3094,2999,1,1681,1682,3095,1676689,1679784,3094,True
L02-2,2,7,3094,2999,1,1683,1684,3095,1823896,1826991,3094,True
L02-2,2,8,3091,2999,1649,1685,1695,4740,2704045,2707137,3091,True
L02-2,2,9,3095,2999,1,1696,1697,3096,2793982,2797078,3095,True
L02-2,2,10,3093,2999,1,1698,1702,3094,2230526,2233620,3093,True
L02-2,2,11,3068,2999,1,1706,1708,3069,2444896,2447965,3068,True
L02-2,2,12,638033,2999,1,1712,1714,638034,2581729,3219763,638033,True
L02-2,2,13,876232,2999,1,1715,1723,876233,3322866,4199099,876232,False
L02-2,2,14,3093,2999,1,1725,1726,-3094,4080080,4076986,3093,True
L02-2,2,15,3092,2999,679,1727,1777,-2415,3767832,3764739,3092,True
L02-2,2,16,3093,2999,1,1797,1798,-3094,3644051,3640957,3093,True
L02-2,2,17,3093,2999,1,1800,1802,-3094,3443899,3440805,3093,True
L02-2,2,18,3089,2999,2158,1803,1874,-933,3408175,3405085,3089,True
L02-2,2,19,3094,2999,1,1875,1877,-3095,3345552,3342457,3094,True
L02-2,2,20,16500,2999,1,1879,1880,16499,3325958,3342457,-16500,True
L02-2,2,21,876889,2999,1,1882,1883,876888,3325958,4202846,-876889,False
L02-2,2,22,3743,2999,1,1884,1885,3744,4252882,4256626,3743,True
L02-2,2,23,3093,2999,1,1886,1887,3094,4267402,4270496,3093,True
L02-2,2,24,3093,2999,1,1888,1889,3094,4368563,4371657,3093,True
L02-3,1,0,3094,2999,1,1892,1895,3095,1263900,1266995,3094,True
L02-3,1,1,3094,2999,1,1896,1897,3095,1510260,1513355,3094,True
L02-3,1,2,3092,2999,561,1898,1899,3653,1658785,1661878,3092,True
L02-3,1,3,3094,2999,1,1900,1908,3095,2301586,2304681,3094,True
L02-3,1,4,3092,2999,1800,1909,1910,4892,2400372,2403465,3092,True
L02-3,1,5,3094,2999,1,1911,1912,3095,2663677,2666772,3094,True
L02-3,1,6,3093,2999,1,1915,1923,3094,2906743,2909837,3093,True
L02-3,1,7,3094,2999,1,1925,1936,3095,3048405,3051500,3094,True
L02-3,1,8,3090,2999,504,1937,1985,3594,3360675,3363766,3090,True
L02-3,1,9,3093,2999,1,2001,2002,3094,3484641,3487735,3093,True
L02-3,1,10,3094,2999,1,2004,2006,3095,3687899,3690994,3094,True
L02-3,1,11,1522948,2992,1,2073,2074,1522956,2261091,3784040,1522948,True
L02-3,1,12,3743,2999,1,2076,2077,3744,3800541,3804285,3743,True
L02-3,1,13,3094,2999,1,2079,2080,3095,3887992,3891087,3094,True
L02-3,1,14,3094,2999,1,2081,2082,3095,3989606,3992701,3094,True
L02-3,2,0,163110,2999,1,2085,2086,163111,1045226,1208337,163110,False
L02-3,2,2,163120,2999,1,2088,2090,163119,1048316,1211435,-163120,False
L02-3,2,3,3093,2999,1,2091,2094,3094,1251971,1255065,3093,True
L02-3,2,4,7,2998,1,2095,2202,-5,1305532,1305526,-7,True
L02-3,2,5,3094,2999,1,2203,2204,3095,1761597,1764692,3094,True
L02-3,2,6,3093,2999,1,2205,2206,3094,1910108,1913202,3093,True
L02-3,2,7,3743,2999,1,2207,2208,3744,2524744,2528488,3743,True
L02-3,2,8,3093,2999,1,2209,2219,3094,2556606,2559700,3093,True
L02-3,2,9,3094,2999,1,2220,2221,3095,2611228,2614323,3094,True
L02-3,2,11,3094,2999,1,2229,2231,-3095,1560412,1557317,3094,True
L02-3,2,12,1428603,2999,1,2233,2235,1428602,1468235,2896837,-1428603,False
L02-3,2,13,3092,2999,1,2238,2240,3093,2932819,2935912,3092,True
L02-3,2,14,3093,2999,1,2241,2249,3094,3136792,3139886,3093,True
L02-3,2,15,3093,2999,1,2251,2264,3094,3278439,3281533,3093,True
L02-3,2,16,3092,2999,1,2265,2312,3093,3590677,3593770,3092,True
L02-3,2,17,3094,2999,1,2329,2330,3095,3714626,3717721,3094,True
L02-3,2,18,3093,2999,1,2332,2333,3094,3854961,3858055,3093,True
L02-3,2,19,3093,2999,1,2334,2336,3094,3917876,3920970,3093,True
L02-3,2,20,3093,2999,1,2403,2404,3094,4010913,4014007,3093,True
L02-3,2,21,3742,2999,1,2406,2407,3743,4030503,4034246,3742,True
L02-3,2,22,19153,2998,1,2408,2411,-19151,4053398,4034246,-19153,True
L02-3,2,23,3093,2999,1,2412,2413,3094,4095050,4098144,3093,True
L02-3,2,24,3091,2999,2006,2414,2415,5097,4196660,4199752,3091,True
L02-4,1,0,3093,2999,1,2418,2421,3094,1278710,1281804,3093,True
L02-4,1,1,3093,2999,1,2422,2423,3094,1521967,1525061,3093,True
L02-4,1,2,3094,2999,1,2424,2425,3095,1673590,1676685,3094,True
L02-4,1,3,3094,2999,1,2426,2434,3095,2322497,2325592,3094,True
L02-4,1,5,3092,2999,1,2436,2437,3093,2645748,2648841,3092,True
L02-4,1,6,3093,2999,1,2440,2448,3094,2885710,2888804,3093,True
L02-4,1,7,3095,2999,1,2450,2460,3096,3027372,3030468,3095,True
L02-4,1,8,3420570,2391,2427,2461,2507,-3417535,3479038,58469,-3420570,True
L02-4,1,9,3094,2999,1,2522,2523,-3095,3653219,3650124,3094,True
L02-4,1,10,3093,2999,1,2525,2527,-3094,3449956,3446862,3093,True
L02-4,1,11,3094,2999,1,2593,2595,-3095,3337553,3334458,3094,True
L02-4,1,13,3093,2999,1,2598,2599,3094,3825505,3828599,3093,True
L02-4,1,14,3093,2999,1,2600,2601,3094,3932887,3935981,3093,True
L02-4,2,0,1160581,2999,414,2604,2605,1160995,137368,1297950,1160581,True
L02-4,2,2,3093,2999,1,2641,2644,3094,1276436,1279530,3093,True
L02-4,2,3,3093,2999,1,2645,2646,3094,1519674,1522768,3093,True
L02-4,2,4,3093,2999,1,2647,2709,3094,1551460,1554554,3093,True
L02-4,2,5,3093,2999,1,2710,2711,3094,1671279,1674373,3093,True
L02-4,2,6,3089,2999,1,2712,2713,3090,1743289,1746379,3089,True
L02-4,2,7,6,2998,1,2714,2715,-4,2173358,2173353,-6,True
L02-4,2,8,3093,2999,1,2716,2717,3094,2207589,2210683,3093,True
L02-4,2,10,3094,2999,1,2726,2728,3095,2348111,2351206,3094,True
L02-4,2,11,98609,2999,1,2729,2730,98610,2433522,2532132,98609,True
L02-4,2,12,599196,2999,1,2731,2732,599197,2662098,3261295,599196,False
L02-4,2,13,3092,2999,1,2734,2736,3093,2729462,2732555,3092,True
L02-4,2,14,3092,2999,1,2739,2747,3093,2969410,2972503,3092,True
L02-4,2,15,3093,2999,1,2749,2762,3094,3111061,3114155,3093,True
L02-4,2,16,4818,1811,1,2763,2766,6007,3274652,3279471,4818,True
L02-4,2,17,3741,2999,1,2767,2846,3742,3465360,3469102,3741,True
L02-4,2,18,3094,2999,1,2847,2849,3095,3482629,3485724,3094,True
L02-4,2,19,1158402,2995,1,2851,2917,-1158397,3595017,2436616,-1158402,True
L02-4,2,20,7,2999,1,2919,2924,-6,3667801,3667795,-7,True
L02-4,2,21,3093,2999,1,2925,2927,3094,3701831,3704925,3093,True
L02-4,2,22,3741,2999,1,2928,2929,3742,3812642,3816384,3741,True
L02-4,2,23,3093,2999,1,2930,2931,-3094,3911550,3908456,3093,True
L02-4,2,24,3038354,2999,1242,2932,2934,-3037114,3872551,834196,3038354,False
L02-4,2,25,54162,2985,1,2936,2938,-54147,3980098,3925937,-54162,True
L02-4,2,26,676917,2740,2816,2939,2940,-673842,3984629,3307713,-676917,False
L03-1,1,0,3094,2999,1,2942,2943,3095,207966,211061,3094,True
L03-1,1,1,3094,2999,1,2944,3023,3095,1110019,1113114,3094,True
L03-1,1,2,3094,2999,1,3024,3027,3095,1278816,1281911,3094,True
L03-1,1,3,3094,2999,1,3028,3029,3095,1672321,1675416,3094,True
L03-1,1,4,5172,2999,1,3030,3031,5173,1879128,1884301,5172,True
L03-1,1,5,3094,2999,1,3032,3033,3095,2528772,2531867,3094,True
L03-1,1,6,3094,2999,1,3034,3042,3095,2590954,2594049,3094,True
L03-1,1,7,3093,2999,1,3046,3049,3094,3432837,3435931,3093,True
L03-1,1,8,3100,2999,1,3050,3051,3101,3899401,3902502,3100,True
L03-1,2,0,3094,2999,1,3052,3053,3095,207958,211053,3094,True
L03-1,2,1,3094,2999,1,3054,3132,3095,1099107,1102202,3094,True
L03-1,2,2,3094,2999,1,3133,3136,3095,1267900,1270995,3094,True
L03-1,2,4,3094,2999,1,3138,3213,3095,1461638,1464733,3094,True
L03-1,2,5,3093,2999,1,3216,3217,3094,1649949,1653043,3093,True
L03-1,2,6,60771,2638,1,3218,3219,61133,1856392,1917164,60771,False
L03-1,2,7,1360700,2999,2489,3220,3222,-1358211,2025716,665017,-1360700,True
L03-1,2,8,3093,2772,1,3224,3225,3321,2371816,2374910,3093,True
L03-1,2,9,3094,2999,1,3356,3357,3095,2502003,2505098,3094,True
L03-1,2,10,3094,2999,1,3358,3366,3095,2564178,2567273,3094,True
L03-1,2,12,3094,2999,1,3373,3377,3095,3531800,3534895,3094,True
L03-1,2,13,3093,2999,1,3379,3380,3094,3856324,3859418,3093,True
L03-2,1,0,3093,2999,1,3381,3382,3094,207963,211057,3093,True
L03-2,1,1,3091,2999,360,3383,3462,3451,1125519,1128611,3091,True
L03-2,1,2,3091,2999,1,3463,3466,3092,1293954,1297046,3091,True
L03-2,1,3,3094,2999,1,3467,3468,3095,1681250,1684345,3094,True
L03-2,1,4,5171,2999,1,3469,3470,5172,1888063,1893235,5171,True
L03-2,1,5,3094,2999,1,3471,3472,3095,2531214,2534309,3094,True
L03-2,1,6,3094,2999,1,3473,3481,3095,2593396,2596491,3094,True
L03-2,1,7,207468,2999,1,3485,3488,207469,3438393,3645862,207468,False
L03-2,1,8,3093,2999,1,3489,3490,3094,3908042,3911136,3093,True
L03-2,2,0,3093,2999,1,3491,3492,3094,207964,211058,3093,True
L03-2,2,1,3094,2999,1,3493,3624,3095,297639,300734,3094,True
L03-2,2,2,3094,2668,1,3625,3722,3426,316008,319103,3094,True
L03-2,2,3,3094,2999,1,3723,3724,3095,417863,420958,3094,True
L03-2,2,4,3094,2999,1,3726,3729,3095,859909,863004,3094,True
L03-2,2,5,3093,2999,1,3806,3832,3094,864494,867588,3093,True
L03-2,2,6,3094,2999,1,3833,3912,3095,1125193,1128288,3094,True
L03-2,2,7,3093,2999,1,3913,3916,3094,1293630,1296724,3093,True
L03-2,2,8,3093,2999,1,3917,3918,3094,1684027,1687121,3093,True
L03-2,2,9,5172,2999,1,3919,3920,5173,1890839,1896012,5172,True
L03-2,2,10,3094,2999,1,3921,3924,3095,2039498,2042593,3094,True
L03-2,2,11,3095,2832,1,3925,3926,3263,2336217,2339313,3095,True
L03-2,2,12,3094,2999,1,3934,3935,3095,2536938,2540033,3094,True
L03-2,2,13,3094,2999,1,3936,3944,3095,2599119,2602214,3094,True
L03-2,2,14,3093,2999,1,3948,3951,3094,3145194,3148288,3093,True
L03-2,2,15,3093,2999,1,3953,3956,3094,3444088,3447182,3093,True
L03-2,2,16,400555,2999,1,3957,3958,400556,3579815,3980371,400555,False
L03-2,2,17,3093,2999,1,3960,3961,-3094,3908614,3905520,3093,True
L03-2,2,18,3094,2999,1,3996,3997,-3095,3646431,3643336,3094,True
L03-3,1,0,3094,2999,1,3998,3999,3095,207967,211062,3094,True
L03-3,1,1,3093,2999,1,4000,4079,3094,1113150,1116244,3093,True
L03-3,1,2,3094,2999,1,4080,4083,3095,1281950,1285045,3094,True
L03-3,1,4,40375,2757,1,4085,4086,40618,1862409,1902785,40375,True
L03-3,1,5,3094,2999,1,4088,4089,3095,2547265,2550360,3094,True
L03-3,1,6,3094,2999,1,4090,4098,3095,2609447,2612542,3094,True
L03-3,1,7,3093,2562,2277,4102,4105,5807,3460221,3463315,3093,True
L03-3,1,8,1875,2999,2771,4106,4107,4646,3923798,3925674,1875,True
L03-3,2,0,3093,2999,1,4108,4109,3094,207965,211059,3093,True
L03-3,2,1,3093,2999,1,4110,4128,3094,346072,349166,3093,True
L03-3,2,2,3094,2999,1,4129,4205,3095,1122428,1125523,3094,True
L03-3,2,3,3093,2999,1,4206,4209,3094,1291224,1294318,3093,True
L03-3,2,4,3094,2999,1,4210,4212,3095,1453717,1456812,3094,True
L03-3,2,5,3094,2999,1,4213,4214,3095,1573164,1576259,3094,True
L03-3,2,6,7,2998,1,4218,4219,-5,1617303,1617297,-7,True
L03-3,2,7,3093,2999,1,4220,4221,3094,1705264,1708358,3093,True
L03-3,2,8,37383,2999,1,4222,4223,37384,1889094,1926478,37383,False
L03-3,2,9,4,2999,1,4224,4225,3,1894162,1894165,-4,False
L03-3,2,10,3093,2999,1,4226,4227,3094,2099529,2102623,3093,True
L03-3,2,11,3091,2999,1555,4275,4407,4646,2412025,2415117,3091,True
L03-3,2,12,3093,2999,1,4411,4412,3094,2537067,2540161,3093,True
L03-3,2,13,3093,2999,1,4413,4421,3094,2599248,2602342,3093,True
L03-3,2,14,3091,2999,1,4425,4426,3092,2853364,2856456,3091,True
L03-3,2,17,3093,2999,1,4429,4432,3094,3414062,3417156,3093,True
L03-3,2,18,3094,2999,1,4433,4434,3095,3484021,3487116,3094,True
L03-3,2,19,3102,2999,1,4435,4436,3103,3851674,3854777,3102,True
L03-4,1,0,3092,2999,1,4437,4438,3093,211069,214162,3092,True
L03-4,1,1,3094,2999,1,4439,4518,3095,1116235,1119330,3094,True
L03-4,1,2,3094,2999,1,4519,4522,3095,1288135,1291230,3094,True
L03-4,1,3,3092,2999,1,4523,4524,3093,1675443,1678536,3092,True
L03-4,1,4,5171,2999,1,4525,4526,5172,1885356,1890528,5171,True
L03-4,1,5,3094,2999,1,4527,4528,3095,2544307,2547402,3094,True
L03-4,1,6,3094,2999,1,4529,4537,3095,2606490,2609585,3094,True
L03-4,1,7,3094,2999,1,4544,4547,3095,3508160,3511255,3094,True
L03-4,1,8,3094,2999,1,4548,4549,3095,3971625,3974720,3094,True
L03-4,2,0,3094,2999,1,4550,4552,3095,26892,29987,3094,True
L03-4,2,1,3093,2999,1,4553,4554,3094,211054,214148,3093,True
L03-4,2,2,3092,2999,1,4555,4556,3093,355866,358959,3092,True
L03-4,2,3,7,2998,1,4557,4636,-5,1122383,1122377,-7,True
L03-4,2,4,3093,2999,1,4637,4638,3094,1160625,1163719,3093,True
L03-4,2,5,3093,2999,1,4639,4642,3094,1291171,1294265,3093,True
L03-4,2,6,3094,2999,1,4643,4644,3095,1678453,1681548,3094,True
L03-4,2,7,3092,2999,1,4645,4646,3093,1743841,1746934,3092,True
L03-4,2,9,3094,2999,1,4649,4650,3095,1887712,1890807,3094,True
L03-4,2,10,3092,2999,1,4652,4653,3093,1962436,1965529,3092,True
L03-4,2,11,3093,2999,1,4656,4657,3094,1988737,1991831,3093,True
L03-4,2,12,3094,2999,1,4667,4669,3095,2002718,2005813,3094,True
L03-4,2,13,3094,2999,1,4672,4675,3095,2183407,2186502,3094,True
L03-4,2,14,3094,2999,1,4676,4677,3095,2489959,2493054,3094,True
L03-4,2,15,3094,2999,1,4678,4686,3095,2552137,2555232,3094,True
L03-4,2,16,47294,2999,1,4696,4700,-47293,2602525,2555232,-47294,True
L03-4,2,17,103871,2999,1,4710,4714,103872,2602525,2706397,103871,True
L03-4,2,18,7,2998,1,4716,4718,-5,3048254,3048248,-7,True
L03-4,2,19,3094,2999,1,4719,4721,3095,3374802,3377897,3094,True
L03-4,2,20,3093,2999,1,4722,4725,3094,3513365,3516459,3093,True
L03-4,2,21,3093,2999,1,4726,4727,3094,3979909,3983003,3093,True
L04-1,1,0,3094,2999,1,4728,4729,-3095,3887270,3884175,3094,True
L04-1,1,1,3089,2351,1,4730,4731,-2442,3645930,3642840,3089,True
L04-1,1,2,3095,2999,1,4732,4733,-3096,3515461,3512365,3095,True
L04-1,1,3,3094,2999,1,4734,4735,-3095,3407879,3404784,3094,True
L04-1,1,4,3094,2999,1,4736,4737,-3095,3228720,3225625,3094,True
L04-1,1,5,8,2999,1,4740,4741,7,2929820,2929827,-8,True
L04-1,1,6,3093,2999,1,4743,4746,-3094,2742941,2739847,3093,True
L04-1,1,7,3094,2999,1,4747,4748,-3095,2577043,2573948,3094,True
L04-1,1,8,3095,1823,1,4751,4752,-1920,2056273,2053177,3095,True
L04-1,1,9,78591,2999,1,4753,4754,-78592,1764282,1685690,78591,False
L04-1,1,10,78599,2999,1,4756,4757,-78598,1761191,1682593,-78599,False
L04-1,1,11,3094,2999,1,4761,4764,-3095,1570548,1567453,3094,True
L04-1,1,13,3404538,2759,1,4777,4778,-3404297,3800437,395900,-3404538,False
L04-1,2,0,3937018,2998,1,4779,4855,3937020,59441,3996460,3937018,False
L04-1,2,1,7,2998,1,4856,4857,7,3739915,3739921,-7,True
L04-1,2,2,7,2998,1,4859,4925,7,3723399,3723405,-7,True
L04-1,2,3,3094,2999,1,4927,4928,-3095,3666201,3663106,3094,True
L04-1,2,4,3094,2999,1,4930,4932,-3095,3257752,3254657,3094,True
L04-1,2,5,26205,2999,1,4935,4947,-26206,3083878,3057672,26205,True
L04-1,2,6,3093,2415,1,4971,4972,-2510,2712538,2709444,3093,True
L04-1,2,7,3094,2999,1,4975,4976,-3095,2471117,2468022,3094,True
L04-1,2,8,3093,2999,1,4979,4982,-3094,2355976,2352882,3093,True
L04-1,2,10,3094,2999,1,4985,4986,-3095,2126681,2123586,3094,True
L04-1,2,11,3093,2999,1,4996,4999,-3094,1958536,1955442,3093,True
L04-1,2,12,3094,2999,1,5000,5003,-3095,1434674,1431579,3094,True
L04-1,2,13,3094,2999,1,5004,5005,-3095,1268777,1265682,3094,True
L04-1,2,14,3094,2999,1,5008,5011,-3095,776784,773689,3094,True
L04-1,2,15,3094,2999,1,5012,5015,-3095,719309,716214,3094,True
L04-1,2,16,3093,2999,1,5016,5017,-3094,597628,594534,3093,True
L04-1,2,17,3092,2999,2232,5018,5019,-862,490046,486953,3092,True
L04-1,2,18,3092,2999,732,5020,5021,-2362,361803,358710,3092,True
L04-1,2,19,3094,2638,1,5023,5024,-2734,121557,118462,3094,True
L04-1,2,20,8,2999,1,5025,5026,7,59432,59439,-8,True
L04-1,2,21,3971928,2998,1,5102,5104,3971928,24529,3996456,-3971928,False
L04-2,1,0,3095,674,1,5107,5108,5421,116139,119235,3095,True
L04-2,1,1,3093,2999,1,5109,5110,3094,358136,361230,3093,True
L04-2,1,2,3095,2464,1,5111,5112,3631,488082,491178,3095,True
L04-2,1,3,3093,2999,1,5113,5114,3094,595667,598761,3093,True
L04-2,1,4,3081,2999,402,5115,5116,3483,771725,774807,3081,True
L04-2,1,5,3094,2999,1,5119,5120,3095,1070219,1073314,3094,True
L04-2,1,6,3094,2999,1,5122,5125,3095,1263307,1266402,3094,True
L04-2,1,7,3093,2999,1,5126,5127,3094,1429208,1432302,3093,True
L04-2,1,8,3094,2999,1,5130,5131,3095,1954256,1957351,3094,True
L04-2,1,9,3094,2999,1,5132,5133,3095,2245702,2248797,3094,True
L04-2,1,10,3093,2999,1,5135,5136,3094,2324301,2327395,3093,True
L04-2,1,11,3091,2999,941,5140,5143,4032,2442547,2445639,3091,True
L04-2,1,12,23886,2999,2125,5144,5145,-21761,3051856,3027971,-23886,True
L04-2,1,13,3424053,2759,1,5153,5154,3424292,202979,3627031,-3424053,False
L04-2,2,0,3094,2999,1,5155,5192,3095,116137,119232,3094,True
L04-2,2,2,3092,2999,1,5194,5199,3093,452617,455710,3092,True
L04-2,2,3,3094,2999,1,5200,5201,3095,560193,563288,3094,True
L04-2,2,4,3094,2999,1,5202,5203,3095,736249,739344,3094,True
L04-2,2,6,3094,2999,1,5208,5209,3095,1204044,1207139,3094,True
L04-2,2,7,165892,2999,1,5266,5269,165893,1226239,1392132,165892,False
L04-2,2,8,165899,2999,1,5270,5271,165898,1229330,1395228,-165899,False
L04-2,2,9,3094,2999,1,5274,5284,3095,1667316,1670411,3094,True
L04-2,2,10,3093,2999,1,5286,5287,3094,1917154,1920248,3093,True
L04-2,2,11,3093,2999,1,5288,5292,3094,2179111,2182205,3093,True
L04-2,2,12,78047,2999,544,5293,5294,78591,2211692,2289740,78047,False
L04-2,2,13,78053,2999,1,5296,5297,78052,2214783,2292835,-78053,False
L04-2,2,14,12883,2999,1,5301,5305,12884,2395098,2407982,12883,False
L04-2,2,17,3093,2999,1,5310,5313,3094,3329043,3332137,3093,True
L04-2,2,18,3094,2999,1,5314,5315,3095,3579046,3582141,3094,True
L04-3,1,0,3094,2999,1,5316,5317,3095,121558,124653,3094,True
L04-3,1,2,3093,2999,1,5318,5319,3094,444530,447624,3093,True
L04-3,1,3,3094,2999,1,5320,5321,3095,552106,555201,3094,True
L04-3,1,4,3094,2999,1,5322,5323,3095,731256,734351,3094,True
L04-3,1,5,3093,2999,1,5326,5327,3094,1033241,1036335,3093,True
L04-3,1,6,3093,2999,1,5328,5331,3094,1223210,1226304,3093,True
L04-3,1,7,3093,2999,1,5333,5335,3094,1389098,1392192,3093,True
L04-3,1,8,3093,2999,1,5338,5340,3094,2079877,2082971,3093,True
L04-3,1,9,3093,2999,1,5341,5342,3094,2552475,2555569,3093,True
L04-3,1,10,3093,2999,1,5344,5345,3094,2631068,2634162,3093,True
L04-3,1,11,3093,2999,1,5349,5353,3094,2746203,2749297,3093,True
L04-3,1,12,1154947,2999,1,5354,5355,-1154946,3362622,2207676,-1154947,True
L04-3,1,13,3093,2216,1,5372,5374,3877,3947045,3950139,3093,True
L04-3,2,0,3092,2999,1,5375,5376,3093,42387,45480,3092,True
L04-3,2,1,3093,2999,1,5377,5378,3094,121555,124649,3093,True
L04-3,2,2,3094,2999,1,5379,5380,3095,358800,361895,3094,True
L04-3,2,3,3093,2999,1,5383,5384,3094,447625,450719,3093,True
L04-3,2,4,3094,2999,1,5385,5386,3095,555203,558298,3094,True
L04-3,2,5,3092,2999,1,5387,5388,3093,616670,619763,3092,True
L04-3,2,6,3094,2999,1,5389,5390,3095,734354,737449,3094,True
L04-3,2,7,3093,2999,1,5393,5402,3094,788898,791992,3093,True
L04-3,2,8,3094,2999,1,5403,5404,3095,1036348,1039443,3094,True
L04-3,2,9,3094,2999,1,5405,5408,-3095,1278830,1275735,3094,True
L04-3,2,10,285465,2999,1,5409,5410,285464,1112940,1398404,-285465,False
L04-3,2,11,805445,2998,1,5413,5414,-805443,1918387,1112943,-805445,True
L04-3,2,12,642642,2999,1,5415,5416,642643,1275738,1918381,642642,True
L04-3,2,13,6193,2999,1,5447,5544,6194,1920209,1926403,6193,True
L04-3,2,14,3094,2999,1,5545,5546,3095,2048011,2051106,3094,True
L04-3,2,15,3093,2999,1,5565,5568,3094,2225522,2228616,3093,True
L04-3,2,16,3093,2999,1,5569,5570,3094,2301349,2304443,3093,True
L04-3,2,17,6,2998,1,5571,5572,-4,2352890,2352885,-6,True
L04-3,2,18,3093,2999,1,5577,5578,3094,2395905,2398999,3093,True
L04-3,2,19,3093,2999,1,5580,5581,3094,2474497,2477591,3093,True
L04-3,2,20,3093,2999,1,5585,5588,3094,2589627,2592721,3093,True
L04-3,2,21,3094,2999,1,5589,5590,3095,2871503,2874598,3094,True
L04-3,2,22,3094,2999,1,5591,5592,3095,2912140,2915235,3094,True
L04-3,2,23,1154950,2999,1,5594,5595,-1154949,3206055,2051106,-1154950,True
L04-3,2,24,1161136,2999,1,5614,5617,1161137,2225522,3386659,1161136,True
L04-3,2,25,3094,2999,1,5620,5621,3095,3796681,3799776,3094,True
L04-4,1,0,3094,2999,1,5622,5623,3095,118465,121560,3094,True
L04-4,1,1,3092,2894,1745,5624,5625,4942,360358,363451,3092,True
L04-4,1,3,3094,2999,1,5627,5628,3095,586134,589229,3094,True
L04-4,1,4,3094,2999,1,5629,5630,3095,762194,765289,3094,True
L04-4,1,5,3092,2999,1,5633,5634,3093,1061097,1064190,3092,True
L04-4,1,6,3094,2999,1,5636,5639,3095,1251080,1254175,3094,True
L04-4,1,7,3094,2999,1,5640,5641,3095,1416979,1420074,3094,True
L04-4,1,8,3094,2999,1,5644,5645,3095,1988150,1991245,3094,True
L04-4,1,9,3093,2999,1,5646,5647,3094,2279687,2282781,3093,True
L04-4,1,10,3093,2999,1,5649,5650,3094,2358285,2361379,3093,True
L04-4,1,11,733117,2999,1,5654,5658,733116,1734089,2467205,-733117,False
L04-4,1,12,3094,2999,1,5659,5660,3095,3074366,3077461,3094,True
L04-4,1,13,3454437,2759,206,5673,5674,3454881,205303,3659739,-3454437,False
L04-4,2,0,3094,2999,1,5675,5676,3095,118465,121560,3094,True
L04-4,2,2,3095,2637,1,5685,5686,3458,470598,473694,3095,True
L04-4,2,3,3094,2999,1,5687,5688,3095,578180,581275,3094,True
L04-4,2,4,3093,2999,1,5689,5690,3094,754241,757335,3093,True
L04-4,2,5,3094,2999,1,5693,5694,3095,1053149,1056244,3094,True
L04-4,2,6,3094,2999,1,5696,5699,3095,1246243,1249338,3094,True
L04-4,2,7,3094,2999,1,5700,5701,3095,1412143,1415238,3094,True
L04-4,2,8,3093,2999,1,5704,5710,3094,1474314,1477408,3093,True
L04-4,2,9,3093,2999,1,5711,5769,3094,1523443,1526537,3093,True
L04-4,2,10,3094,2999,1,5848,5849,3095,1726170,1729265,3094,True
L04-4,2,11,3112,2999,1,5855,5859,3113,1770681,1773794,3112,True
L04-4,2,13,3094,2999,1,5862,5863,3095,1904190,1907285,3094,True
L04-4,2,14,3094,2999,1,5864,5914,3095,2082572,2085667,3094,True
L04-4,2,15,3093,2999,1,5915,5916,3094,2195735,2198829,3093,True
L04-4,2,16,3093,2999,1,5918,5919,-3094,2332599,2329505,3093,True
L04-4,2,17,500615,2999,1,5923,5924,-500616,2271294,1770678,500615,True
L04-4,2,18,701118,2999,1,5928,5934,701117,1729262,2430379,-701118,False
L04-4,2,19,204308,2999,1,5935,5936,-204307,3180187,2975880,-204308,True
L04-4,2,20,7,2998,1,5954,5955,-5,3485545,3485539,-7,True
L04-4,2,21,3094,2999,1,6035,6037,3095,3735100,3738195,3094,True
L04-4,2,22,3095,2999,1,6038,6039,3096,3977322,3980418,3095,True
L05-1,1,0,3094,2999,1,6040,6043,3095,849598,852693,3094,True
L05-1,1,1,3091,2999,1,6044,6045,3092,1240780,1243872,3091,True
L05-1,1,2,3093,2999,1,6046,6049,3094,1280686,1283780,3093,True
L05-1,1,3,3092,2999,1,6050,6054,3093,1864703,1867796,3092,True
L05-1,1,4,3094,2999,1,6056,6057,3095,1949299,1952394,3094,True
L05-1,1,5,3092,2999,306,6058,6060,3398,2072811,2075904,3092,True
L05-1,1,6,3091,2999,1616,6061,6062,4707,2544168,2547260,3091,True
L05-1,1,7,3092,2999,1,6063,6064,3093,3000916,3004009,3092,True
L05-1,1,8,3093,2999,1,6091,6094,3094,3233179,3236273,3093,True
L05-1,1,9,2479794,2686,174,6095,6099,2480279,1015685,3495478,-2479794,False
L05-1,2,0,3865,2999,1,6100,6102,3866,143390,147256,3865,True
L05-1,2,1,3094,2999,1,6115,6118,3095,855049,858144,3094,True
L05-1,2,2,3094,2999,1,6119,6120,3095,1246239,1249334,3094,True
L05-1,2,3,3094,2999,1,6121,6124,3095,1286144,1289239,3094,True
L05-1,2,4,3093,2999,1,6125,6126,3094,1499513,1502607,3093,True
L05-1,2,5,3093,2999,1,6129,6133,3094,1870185,1873279,3093,True
L05-1,2,6,3095,1892,1,6135,6136,4203,1881019,1884115,3095,True
L05-1,2,7,8,2999,1,6137,6138,-7,1935912,1935905,-8,True
L05-1,2,9,3093,2999,1,6141,6143,3094,2062434,2065528,3093,True
L05-1,2,10,3092,2999,1,6144,6145,3093,2245150,2248243,3092,True
L05-1,2,12,3093,2999,1,6150,6153,3094,2395643,2398737,3093,True
L05-1,2,13,3094,2999,1,6154,6155,3095,2529432,2532527,3094,True
L05-1,2,14,3092,2999,1,6156,6157,3093,2656884,2659977,3092,True
L05-1,2,15,3093,2999,1,6158,6159,3094,2986195,2989289,3093,True
L05-1,2,17,3094,2999,1,6189,6190,3095,3234877,3237972,3094,True
L05-1,2,18,7815,2999,1,6191,6192,7816,3464361,3472177,7815,True
L05-2,1,0,3091,2999,1465,6193,6196,4556,851453,854545,3091,True
L05-2,1,1,8,2999,1,6197,6198,-7,1244247,1244240,-8,True
L05-2,1,2,650666,2999,1,6199,6202,650667,1281069,1931736,650666,False
L05-2,1,3,3093,2999,1,6203,6207,-3094,1347661,1344567,3093,True
L05-2,1,5,3091,2999,492,6212,6214,3583,2108246,2111338,3091,True
L05-2,1,7,201663,2999,2682,6216,6217,204345,3011894,3213558,201663,True
L05-2,1,8,3094,2999,1,6224,6227,3095,3443161,3446256,3094,True
L05-2,2,0,3092,2999,1,6233,6234,3093,118227,121320,3092,True
L05-2,2,1,3094,2999,1,6235,6314,3095,488833,491928,3094,True
L05-2,2,2,3093,2999,1,6316,6319,3094,854531,857625,3093,True
L05-2,2,3,3546,2998,1,6320,6371,-3546,3207134,3203587,3546,True
L05-2,2,4,4244,2999,1,6373,6376,-4245,2994378,2990133,4244,True
L05-2,2,5,3095,2799,1,6378,6379,-2896,2978266,2975170,3095,True
L05-2,2,6,3094,2999,1,6380,6382,-3095,2929931,2926836,3094,True
L05-2,2,7,3094,2999,1,6386,6389,-3095,2696630,2693535,3094,True
L05-2,2,9,3094,2999,1,6460,6461,-3095,2352782,2349687,3094,True
L05-2,2,10,18566,2999,1,6463,6464,18565,2331122,2349687,-18566,True
L05-2,2,11,18566,2999,1,6466,6467,18565,2331122,2349687,-18566,True
L05-2,2,12,3094,2999,1,6469,6470,-3095,2331122,2328027,3094,True
L05-2,2,13,3093,2999,1,6471,6473,-3094,2227617,2224523,3093,True
L05-2,2,14,3095,1877,1,6474,6475,-1974,2144297,2141201,3095,True
L05-2,2,15,3085,2999,356,6476,6477,-2731,2043976,2040890,3085,True
L05-2,2,16,3093,2999,1,6478,6479,-3094,1909036,1905942,3093,True
L05-2,2,17,3094,2999,1,6480,6481,-3095,1753351,1750256,3094,True
L05-2,2,18,3094,2999,1,6482,6483,-3095,1320077,1316982,3094,True
L05-2,2,20,3093,2999,1,6490,6492,-3094,1007266,1004172,3093,True
L05-2,2,21,2573503,2999,1,6493,6496,2573502,891048,3464550,-2573503,True
L05-2,2,22,67341,2999,1,6497,6541,67340,3400308,3467648,-67341,False
L05-3,1,0,3093,2999,1,6596,6599,3094,853502,856596,3093,True
L05-3,1,1,3092,2999,1,6600,6601,3093,1245101,1248194,3092,True
L05-3,1,2,3093,2999,1,6602,6604,3094,1285011,1288105,3093,True
L05-3,1,3,495351,735,1,6605,6608,497614,1403812,1899162,-495351,True
L05-3,1,5,717451,360,445,6611,6612,720535,1282577,2000029,717451,True
L05-3,1,7,3093,2999,1,6614,6615,3094,2900866,2903960,3093,True
L05-3,1,8,3095,2999,1,6642,6645,3096,3136253,3139349,3095,True
L05-3,1,9,2376121,2686,932,6646,6650,2377364,1019604,3395724,-2376121,False
L05-3,2,0,3094,2999,1,6651,6652,3095,48381,51476,3094,True
L05-3,2,1,3093,2999,1,6653,6722,3094,440234,443328,3093,True
L05-3,2,2,3091,2999,1783,6773,6776,4874,842828,845920,3091,True
L05-3,2,3,3090,2999,1361,6777,6778,4451,1232648,1235739,3090,True
L05-3,2,4,3092,2999,1,6779,6781,3093,1271193,1274286,3092,True
L05-3,2,5,3092,2999,1,6782,6783,3093,1656892,1659985,3092,True
L05-3,2,8,1679726,2998,1,6786,6788,-1679726,3517702,1837975,1679726,False
L05-3,2,9,3092,2999,1,6789,6790,3093,1932648,1935741,3092,True
L05-3,2,10,3091,2999,2241,6791,6792,5332,2111944,2115036,3091,True
L05-3,2,11,3094,2999,1,6793,6928,3095,2275142,2278237,3094,True
L05-3,2,12,3093,2999,1,6930,6931,3094,2403623,2406717,3093,True
L05-3,2,13,6183,2999,1216,6932,6933,7399,2837438,2843622,6183,True
L05-3,2,15,3092,2999,1,6943,6946,3093,3040360,3043453,3092,True
L05-3,2,16,3094,2999,1,6947,6948,3095,3296738,3299833,3094,True
L05-3,2,17,3094,2999,1,6949,6950,3095,3538869,3541964,3094,True
L05-3,2,18,3094,2999,1,6951,6952,3095,3720827,3723922,3094,True
L05-4,1,0,3095,2999,1,7031,7034,-3096,2849864,2846768,3095,True
L05-4,1,1,3096,2999,464,7035,7036,-2634,2455522,2452425,3096,True
L05-4,1,2,3094,2999,1,7037,7040,-3095,2416071,2412976,3094,True
L05-4,1,3,81508,1278,1,7041,7046,-79788,1794302,1712793,81508,False
L05-4,1,4,149935,2999,1,7048,7050,-149934,1791210,1641276,-149935,False
L05-4,1,5,3093,2999,1,7051,7053,-3094,1520848,1517754,3093,True
L05-4,1,6,3092,2999,938,7054,7055,-2156,1050263,1047170,3092,True
L05-4,1,7,6417,2999,1216,7056,7057,-5203,593447,587029,6417,True
L05-4,1,8,2945687,2999,1,7065,7069,2945688,413123,3358811,2945687,True
L05-4,1,9,3092,2620,1120,7070,7075,4591,3617639,3620732,3092,True
L05-4,2,0,2846759,2998,1071,7076,7077,2847831,381933,3228693,2846759,False
L05-4,2,1,3093,2999,1,7080,7083,-3094,3198581,3195487,3093,True
L05-4,2,3,3094,2999,1,7087,7088,-3095,2960024,2956929,3094,True
L05-4,2,5,3093,2999,1,7107,7109,-3094,2373143,2370049,3093,True
L05-4,2,6,7,2998,1,7110,7111,7,2183847,2183853,-7,True
L05-4,2,7,3094,2319,1,7112,7113,-2415,2135879,2132784,3094,True
L05-4,2,8,3092,2999,1,7115,7116,3093,1991236,1994329,3092,True
L05-4,2,11,107263,2999,1,7127,7129,-107264,1994326,1887062,107263,True
L05-4,2,12,38492,2999,1,7133,7134,38491,1848571,1887062,-38492,True
L05-4,2,13,3092,2999,1,7138,7139,-3093,1848571,1845478,3092,True
L05-4,2,14,3094,2999,1,7142,7143,-3095,1296541,1293446,3094,True
L05-4,2,15,3094,2999,1,7146,7147,-3095,1257097,1254002,3094,True
L05-4,2,16,3092,2999,1,7148,7149,-3093,947923,944830,3092,True
L05-4,2,17,3094,2999,1,7157,7158,-3095,862773,859678,3094,True
L05-4,2,18,3093,2999,1,7161,7162,-3094,647844,644750,3093,True
L05-4,2,19,2816660,2998,1,7164,7165,2816660,381925,3198584,-2816660,False
L05-4,2,20,3092,1926,144,7168,7171,4309,3228693,3231786,3092,True
L05-4,2,21,3094,988,1,7172,7178,5106,3498318,3501413,3094,True
L06-1,1,0,3094,2999,1,7179,7180,3095,452035,455130,3094,True
L06-1,1,1,384798,2999,1,7181,7182,384797,517022,901819,-384798,False
L06-1,1,2,3094,2999,1,7255,7258,3095,1290148,1293243,3094,True
L06-1,1,3,3093,2999,1,7259,7260,3094,1455546,1458640,3093,True
L06-1,1,4,3094,2999,1,7263,7264,3095,1675018,1678113,3094,True
L06-1,1,5,3094,2999,1,7265,7266,3095,2324902,2327997,3094,True
L06-1,1,6,3092,2999,1,7268,7271,3093,3423343,3426436,3092,True
L06-1,1,7,3093,2999,1,7272,7273,3094,3526804,3529898,3093,True
L06-1,1,8,2513812,2999,856,7274,7275,-2512956,3545794,1031983,-2513812,False
L06-1,1,9,3093,2999,1,7278,7280,3094,3741242,3744336,3093,True
L06-1,2,0,3091,890,1,7282,7379,5201,307945,311037,3091,True
L06-1,2,1,1654839,2999,1668,7380,7382,1656505,354602,2009440,-1654839,True
L06-1,2,3,3094,2999,1,7383,7384,3095,435055,438150,3094,True
L06-1,2,4,3094,2999,1,7385,7386,3095,496953,500048,3094,True
L06-1,2,5,3096,2208,1,7387,7388,3888,609917,613014,3096,True
L06-1,2,6,3094,2999,1,7389,7392,3095,883250,886345,3094,True
L06-1,2,7,3093,2999,1,7465,7468,3094,1277778,1280872,3093,True
L06-1,2,8,3094,2999,1,7469,7470,3095,1443171,1446266,3094,True
L06-1,2,9,3093,2999,1,7473,7474,3094,1665742,1668836,3093,True
L06-1,2,10,3094,2999,1,7475,7476,3095,2318717,2321812,3094,True
L06-1,2,11,3094,2999,1,7478,7480,3095,2438962,2442057,3094,True
L06-1,2,12,3094,2999,1,7481,7482,3095,2803517,2806612,3094,True
L06-1,2,13,453682,2999,1,7483,7484,453683,2971239,3424922,453682,False
L06-1,2,14,3093,2999,1,7491,7495,-3094,3332541,3329447,3093,True
L06-1,2,15,453689,2493,1,7496,7499,454194,2974332,3428020,-453689,False
L06-1,2,16,3093,2999,1,7500,7501,3094,3528381,3531475,3093,True
L06-1,2,17,3094,2999,1,7502,7503,3095,3547370,3550465,3094,True
L06-1,2,18,3094,2999,1,7504,7506,3095,3742814,3745909,3094,True
L06-2,1,0,3094,2999,1,7508,7509,3095,431962,435057,3094,True
L06-2,1,1,3094,2999,1,7510,7511,3095,872886,875981,3094,True
L06-2,1,2,3093,2999,1,7584,7587,3094,1267412,1270506,3093,True
L06-2,1,3,3094,2999,1,7588,7589,3095,1435911,1439006,3094,True
L06-2,1,4,3093,2374,1,7592,7593,3719,1657846,1660940,3093,True
L06-2,1,5,3091,2999,2515,7594,7595,5606,2313640,2316732,3091,True
L06-2,1,6,3094,2999,1,7597,7600,3095,3409455,3412550,3094,True
L06-2,1,7,3094,2999,1,7601,7602,3095,3512914,3516009,3094,True
L06-2,1,8,3092,2999,385,7603,7604,3477,3531903,3534996,3092,True
L06-2,1,9,3092,2999,1,7608,7609,3093,3739032,3742125,3092,True
L06-2,2,0,3092,2999,1,7611,7617,3093,76756,79849,3092,True
L06-2,2,1,3093,2999,1,7618,7619,3094,435061,438155,3093,True
L06-2,2,4,126720,2999,1,7694,7697,-126721,1333745,1207024,126720,False
L06-2,2,5,3093,2999,1,7699,7701,3094,1221715,1224809,3093,True
L06-2,2,6,3093,2999,1,7713,7714,3094,1431851,1434945,3093,True
L06-2,2,7,3094,2999,1,7717,7719,3095,1639744,1642839,3094,True
L06-2,2,8,3093,2999,1,7720,7721,3094,1653793,1656887,3093,True
L06-2,2,9,3092,2999,1,7722,7724,3093,1880134,1883227,3092,True
L06-2,2,10,6190,2999,2417,7726,7727,8607,2085075,2091266,6190,True
L06-2,2,11,3093,2999,1,7728,7729,3094,2310252,2313346,3093,True
L06-2,2,12,3093,2999,1,7733,7864,3094,2446635,2449729,3093,True
L06-2,2,13,3094,2999,1,7868,7869,3095,2596896,2599991,3094,True
L06-2,2,14,77685,2999,1,7870,7871,77684,2940318,3018002,-77685,False
L06-2,2,16,3093,2999,1,7873,7911,3094,3254044,3257138,3093,True
L06-2,2,17,3093,2999,1,7912,7915,3094,3405025,3408119,3093,True
L06-2,2,18,3093,2999,1,7916,7917,3094,3508483,3511577,3093,True
L06-2,2,19,3093,2999,1,7918,7919,3094,3527472,3530566,3093,True
L06-2,2,20,3094,2999,1,7923,7924,3095,3554936,3558031,3094,True
L06-2,2,21,3092,2999,1,7925,7926,3093,3601933,3605026,3092,True
L06-2,2,22,3093,2999,1,7927,7928,3094,3734607,3737701,3093,True
L06-2,2,23,3093,2999,1,7930,7934,3094,3773091,3776185,3093,True
L06-2,2,24,47168,2999,2120,7941,7943,-45048,3956003,3908836,-47168,False
L06-2,2,25,540560,2796,1,7944,7945,540764,3421638,3962199,540560,True
L06-3,1,0,3093,2999,1,7946,7947,3094,445960,449054,3093,True
L06-3,1,1,2234002,1349,1,7948,7949,2235653,885233,3119236,2234002,False
L06-3,1,2,3093,2999,1,8022,8025,-3094,2730916,2727822,3093,True
L06-3,1,3,3094,2999,1,8026,8027,-3095,2565517,2562422,3094,True
L06-3,1,4,3091,2999,1,8030,8031,-3092,2354405,2351313,3091,True
L06-3,1,6,864991,1370,1,8034,8036,866619,2512451,3377441,-864991,False
L06-3,1,7,3094,2999,1,8037,8038,3095,3477804,3480899,3094,True
L06-3,1,8,3089,2999,449,8039,8040,3538,3496794,3499884,3089,True
L06-3,1,9,3093,2999,1,8044,8046,3094,3697664,3700758,3093,True
L06-3,2,0,2838832,2999,1814,8048,8053,2840646,398184,3237017,2838832,False
L06-3,2,1,3094,2999,1,8567,8568,3095,407772,410867,3094,True
L06-3,2,2,3798,2998,1,8569,8570,3800,853265,857064,3798,True
L06-3,2,3,3094,2999,1,8571,8572,3095,975591,978686,3094,True
L06-3,2,4,386858,2805,1,8599,8600,-386663,1685290,1298433,-386858,True
L06-3,2,5,8,2999,1,8602,8604,-7,1814403,1814396,-8,True
L06-3,2,6,3094,2999,1,8606,8608,3095,1463535,1466630,3094,True
L06-3,2,7,346275,2999,1448,8609,8612,347723,1527648,1873924,346275,True
L06-3,2,8,3094,2999,1,8613,8614,3095,2004300,2007395,3094,True
L06-3,2,9,3094,2999,1,8615,8616,3095,2303361,2306456,3094,True
L06-3,2,10,3092,2999,192,8620,8621,3284,2507344,2510437,3092,True
L06-3,2,11,3094,2999,1,8622,8623,3095,2576862,2579957,3094,True
L06-3,2,12,3094,2999,1,8624,8627,3095,2718272,2721367,3094,True
L06-3,2,13,3094,2999,1,8628,8629,3095,2883674,2886769,3094,True
L06-3,2,14,3094,2999,1,8632,8705,3095,3275107,3278202,3094,True
L06-3,2,15,3094,2999,1,8708,8709,3095,3326250,3329345,3094,True
L06-3,2,16,3094,2999,1,8711,8712,3095,3530222,3533317,3094,True
L06-3,2,17,3093,2999,1,8713,8714,3094,3626568,3629662,3093,True
L06-3,2,18,3094,2999,1,8715,8716,3095,3645557,3648652,3094,True
L06-3,2,19,3094,2999,1,8720,8722,3095,3846427,3849522,3094,True
L06-4,1,1,3094,2999,1,8725,8726,3095,869142,872237,3094,True
L06-4,1,3,3093,2999,1,8801,8802,3094,1412850,1415944,3093,True
L06-4,1,4,3094,2999,1,8805,8806,3095,1632321,1635416,3094,True
L06-4,1,5,192977,2999,1,8807,8808,192978,2288402,2481380,192977,False
L06-4,1,6,3094,2999,1,8810,8813,3095,3398686,3401781,3094,True
L06-4,1,7,3093,2999,1,8814,8815,3094,3502143,3505237,3093,True
L06-4,1,8,2518732,2999,856,8816,8817,-2517876,3521131,1002400,-2518732,False
L06-4,1,9,1836709,2999,262,8820,8823,-1836447,3720242,1883534,-1836709,True
L06-4,2,0,3094,2999,1,8825,8843,3095,305936,309031,3094,True
L06-4,2,1,440938,2999,1,8983,8985,440939,425120,866059,440938,False
L06-4,2,2,449716,2999,1,8986,8987,449715,428212,877927,-449716,False
L06-4,2,3,3094,2999,1,9058,9059,3095,1148252,1151347,3094,True
L06-4,2,4,3093,2999,1,9062,9065,3094,1272465,1275559,3093,True
L06-4,2,5,3094,2999,1,9162,9163,3095,1421645,1424740,3094,True
L06-4,2,6,3094,2999,1,9166,9167,3095,1641120,1644215,3094,True
L06-4,2,7,3093,2999,1,9168,9169,3094,1909608,1912702,3093,True
L06-4,2,8,3094,2999,1,9170,9171,3095,2300317,2303412,3094,True
L06-4,2,9,3094,2999,1,9248,9250,3095,2444029,2447124,3094,True
L06-4,2,10,3094,2999,1,9251,9253,3095,2493304,2496399,3094,True
L06-4,2,11,3094,2999,1,9255,9259,3095,3171096,3174191,3094,True
L06-4,2,12,3094,2999,1,9261,9263,3095,3252281,3255376,3094,True
L06-4,2,13,3093,2999,1,9265,9266,3094,3300411,3303505,3093,True
L06-4,2,14,3094,2999,1,9268,9269,3095,3397157,3400252,3094,True
L06-4,2,15,3094,2999,1,9270,9273,3095,3413739,3416834,3094,True
L06-4,2,16,3093,2999,1,9274,9275,3094,3517201,3520295,3093,True
L06-4,2,17,3094,2999,1,9276,9277,3095,3536190,3539285,3094,True
L06-4,2,18,1429069,2999,2819,9278,9279,-1426250,3729382,2300314,-1429069,True
L06-4,2,19,779860,180,1685,9333,9387,-775356,2447126,1667267,-779860,False
L06-4,2,20,1828775,1348,531,9388,9466,-1826593,2724547,895773,-1828775,True
L06-4,2,21,3094,2999,1,9541,9542,3095,3814484,3817579,3094,True
L07-1,1,0,3094,2999,1,9543,9544,3095,33491,36586,3094,True
L07-1,1,1,3095,2999,1,9546,9549,3096,853708,856804,3095,True
L07-1,1,2,3094,2999,1,9550,9603,3095,1074607,1077702,3094,True
L07-1,1,3,3094,2999,1,9605,9608,3095,1283563,1286658,3094,True
L07-1,1,4,3090,2455,1,9609,9709,3635,1306074,1309165,3090,True
L07-1,1,5,3094,2999,1,9710,9711,3095,1861013,1864108,3094,True
L07-1,1,6,3094,2058,944,9718,9801,4979,2122997,2126092,3094,True
L07-1,1,7,3090,2711,1,9802,9803,3379,2150334,2153425,3090,True
L07-1,1,8,3091,2999,1498,9804,9805,4589,2348748,2351840,3091,True
L07-1,1,9,3094,2999,1,9806,9809,3095,2433257,2436352,3094,True
L07-1,1,10,3093,2999,1,9810,9833,3094,2986796,2989890,3093,True
L07-1,1,11,3094,2999,1,9837,9838,3095,3021391,3024486,3094,True
L07-1,1,12,3094,2999,1,9839,9840,3095,3580636,3583731,3094,True
L07-1,1,13,3094,2999,1,9841,9842,3095,3802870,3805965,3094,True
L07-1,2,0,3094,2999,1,9843,9844,3095,33490,36585,3094,True
L07-1,2,1,3094,2999,1,9846,9848,3095,164057,167152,3094,True
L07-1,2,2,3092,2999,1,9849,9852,3093,853649,856742,3092,True
L07-1,2,3,3094,2999,1,9853,9906,3095,1074535,1077630,3094,True
L07-1,2,4,3091,2999,1,9908,9911,3092,1283487,1286579,3091,True
L07-1,2,5,896126,2067,1,9912,10008,897057,406239,1302364,-896126,False
L07-1,2,6,3095,2999,1,10009,10089,3096,1481994,1485090,3095,True
L07-1,2,7,3091,2999,1,10090,10091,3092,1854166,1857258,3091,True
L07-1,2,8,3095,2999,1,10098,10181,3096,2116139,2119235,3095,True
L07-1,2,9,3093,2999,1,10182,10183,3094,2143471,2146565,3093,True
L07-1,2,10,3093,2999,1,10184,10185,3094,2341879,2344973,3093,True
L07-1,2,11,3094,2999,1,10187,10190,3095,2426377,2429472,3094,True
L07-1,2,12,56537,2999,1,10191,10214,56536,2929557,2986093,-56537,False
L07-1,2,13,3092,2999,1,10218,10219,3093,3017591,3020684,3092,True
L07-1,2,14,3094,2999,1,10220,10269,3095,3348440,3351535,3094,True
L07-1,2,15,3095,2999,1,10286,10287,3096,3576780,3579876,3095,True
L07-1,2,16,3091,2999,1,10288,10289,3092,3799014,3802106,3091,True
L07-2,1,0,3094,2999,1,10290,10291,3095,33495,36590,3094,True
L07-2,1,1,3095,2999,1,10293,10296,3096,850641,853737,3095,True
L07-2,1,2,3092,2999,1693,10297,10350,4785,1071544,1074637,3092,True
L07-2,1,3,3095,2999,1,10352,10355,3096,1278807,1281903,3095,True
L07-2,1,4,3095,2999,1,10356,10456,3096,1301864,1304960,3095,True
L07-2,1,5,3095,2999,1,10457,10458,3096,1856814,1859910,3095,True
L07-2,1,6,3093,2999,798,10465,10548,3891,2122849,2125943,3093,True
L07-2,1,7,3096,2997,1,10549,10550,3099,2150621,2153718,3096,True
L07-2,1,9,3094,2999,1,10552,10555,3095,2431799,2434894,3094,True
L07-2,1,10,3095,2999,1,10556,10579,3096,2985360,2988456,3095,True
L07-2,1,11,3095,2999,1,10583,10584,3096,3019957,3023053,3095,True
L07-2,1,12,3094,2999,1,10585,10586,3095,3576113,3579208,3094,True
L07-2,1,13,3094,2999,1,10587,10588,3095,3798354,3801449,3094,True
L07-2,2,0,3093,2999,1,10589,10590,3094,33487,36581,3093,True
L07-2,2,1,3092,2999,1,10592,10595,3093,850367,853460,3092,True
L07-2,2,2,3090,2999,1,10596,10649,3091,1071213,1074304,3090,True
L07-2,2,3,3091,2999,1,10652,10655,3092,1278413,1281505,3091,True
L07-2,2,4,3097,2999,1,10656,10756,3098,1301464,1304562,3097,True
L07-2,2,5,3095,2999,5,10757,10836,3100,1484062,1487158,3095,True
L07-2,2,6,3090,2999,737,10837,10838,3827,1856237,1859328,3090,True
L07-2,2,7,3092,2999,1,10845,10846,3093,1921772,1924865,3092,True
L07-2,2,8,3093,2999,1,10847,10928,3094,2121460,2124554,3093,True
L07-2,2,9,3093,2999,1,10929,10930,3094,2149222,2152316,3093,True
L07-2,2,10,3091,2999,1,10931,10932,3092,2350670,2353762,3091,True
L07-2,2,11,3093,2999,1,10938,10941,3094,2433393,2436487,3093,True
L07-2,2,12,3089,2999,1,10942,10965,3090,2986817,2989907,3089,True
L07-2,2,13,3093,2999,1,10969,10970,3094,3021398,3024492,3093,True
L07-3,1,0,3095,2999,1,10973,10974,3096,33493,36589,3095,True
L07-3,1,1,3095,2999,1,10976,10979,3096,850628,853724,3095,True
L07-3,1,2,3092,2999,1,10980,11032,3093,1071529,1074622,3092,True
L07-3,1,3,3093,2999,1,11034,11037,3094,1280482,1283576,3093,True
L07-3,1,4,182116,1888,1,11038,11138,183228,1302426,1484543,182116,False
L07-3,1,5,3094,2999,1,11139,11140,3095,1860488,1863583,3094,True
L07-3,1,6,3093,2999,828,11147,11228,3921,2123419,2126513,3093,True
L07-3,1,7,3096,2997,1,11229,11230,3099,2151160,2154257,3096,True
L07-3,1,8,3097,2999,152,11231,11232,3249,2349574,2352672,3097,True
L07-3,1,9,3095,2999,1,11233,11236,3096,2435434,2438530,3095,True
L07-3,1,10,3094,2999,1,11237,11260,3095,2988985,2992080,3094,True
L07-3,1,11,3095,2540,1,11264,11265,3555,3023123,3026219,3095,True
L07-3,1,12,3095,2999,1,11266,11267,3096,3579278,3582374,3095,True
L07-3,1,13,3094,2999,1,11268,11269,3095,3783887,3786982,3094,True
L07-3,2,0,3092,2999,1,11270,11271,3093,33480,36573,3092,True
L07-3,2,1,3091,2999,1,11273,11276,3092,853551,856643,3091,True
L07-3,2,2,3092,2999,1,11277,11329,3093,1074393,1077486,3092,True
L07-3,2,3,3094,2999,1,11331,11334,3095,1283289,1286384,3094,True
L07-3,2,4,3092,2999,1,11335,11446,3093,1305229,1308322,3092,True
L07-3,2,5,3091,2999,1,11523,11524,3092,1487300,1490392,3091,True
L07-3,2,6,3095,2999,1,11528,11529,3096,1546843,1549939,3095,True
L07-3,2,7,3092,2999,1,11533,11534,3093,1863078,1866171,3092,True
L07-3,2,8,3093,2999,1,11541,11622,3094,2125928,2129022,3093,True
L07-3,2,9,3091,2999,1,11623,11624,3092,2153665,2156757,3091,True
L07-3,2,10,3089,2999,1,11625,11626,3090,2351994,2355084,3089,True
L07-3,2,11,3094,2999,1,11627,11630,3095,2437807,2440902,3094,True
L07-3,2,12,3092,2999,1,11631,11654,3093,2994310,2997403,3092,True
L07-3,2,13,3553,2998,1,11658,11659,3555,3028444,3031998,3553,True
L07-3,2,14,3092,2999,1,11660,11661,3093,3584880,3587973,3092,True
L07-3,2,15,3091,2999,479,11662,11663,3570,3712965,3716057,3091,True
L07-3,2,16,3091,2999,1,11667,11668,3092,3788954,3792046,3091,True
L07-4,1,0,3095,2999,1,11669,11670,3096,33495,36591,3095,True
L07-4,1,1,3096,709,1,11672,11675,5387,849800,852897,3096,True
L07-4,1,2,3095,2999,1,11676,11729,3096,1070703,1073799,3095,True
L07-4,1,3,3094,2999,1,11731,11734,3095,1279665,1282760,3094,True
L07-4,1,4,3092,2999,1,11735,11835,3093,1302721,1305814,3092,True
L07-4,1,5,3094,2999,1,11836,11837,3095,1854576,1857671,3094,True
L07-4,1,6,3095,2369,1,11844,11927,3726,2116884,2119980,3095,True
L07-4,1,7,3097,2997,1,11928,11929,3100,2145455,2148553,3097,True
L07-4,1,8,3095,2999,1,11930,11931,3096,2343880,2346976,3095,True
L07-4,1,9,3094,2999,1,11932,11935,3095,2429888,2432983,3094,True
L07-4,1,10,3095,2999,1,11936,11959,3096,2983461,2986557,3095,True
L07-4,1,12,3093,2999,1,11964,11965,3094,3581979,3585073,3093,True
L07-4,1,13,3095,2999,1,11966,11967,3096,3807324,3810420,3095,True
L07-4,2,0,3092,2999,1,11968,11969,3093,33485,36578,3092,True
L07-4,2,1,3944,2998,1,11971,11972,3946,852685,856630,3944,True
L07-4,2,2,3101,2293,1,11973,12025,3808,1073694,1076796,3101,True
L07-4,2,3,3093,2999,1,12027,12030,3094,1282618,1285712,3093,True
L07-4,2,4,182415,2999,1,12031,12131,182416,1305670,1488086,182415,False
L07-4,2,5,3093,2999,1,12132,12133,3094,1863541,1866635,3093,True
L07-4,2,6,3722,2999,1,12140,12221,3723,2128845,2132568,3722,True
L07-4,2,7,3093,2999,1,12222,12223,3094,2158035,2161129,3093,True
L07-4,2,8,3090,2999,1586,12224,12225,4676,2356393,2359484,3090,True
L07-4,2,9,3095,2999,1,12226,12229,3096,2440776,2443872,3095,True
L07-4,2,10,3090,2999,1,12230,12253,3091,2983114,2986205,3090,True
L07-4,2,12,3094,2999,1,12258,12259,3095,3572608,3575703,3094,True
L07-4,2,13,7,2998,1,12260,12262,-5,3616228,3616222,-7,True
L07-4,2,14,3093,2999,1,12263,12264,3094,3767078,3770172,3093,True
L08-1,1,0,3095,2999,1,12265,12266,3096,33495,36591,3095,True
L08-1,1,1,3095,2999,1,12268,12269,3096,69489,72585,3095,True
L08-1,1,2,3093,1025,190,12270,12273,5257,856309,859403,3093,True
L08-1,1,3,3095,2999,1,12274,12327,3096,1077013,1080109,3095,True
L08-1,1,5,882777,1520,1,12332,12429,884255,406294,1289070,-882777,False
L08-1,1,6,3095,2999,1,12430,12431,3096,1837821,1840917,3095,True
L08-1,1,7,3093,2999,786,12438,12521,3879,2100760,2103854,3093,True
L08-1,1,8,3096,2997,1,12522,12523,3099,2128542,2131639,3096,True
L08-1,1,10,3094,2999,1,12525,12528,3095,2394645,2397740,3094,True
L08-1,1,11,199004,2999,558,12529,12552,-198446,2948203,2749200,-199004,False
L08-1,1,13,3094,2999,1,12556,12557,3095,3520713,3523808,3094,True
L08-1,1,14,3094,2999,1,12558,12559,3095,3742953,3746048,3094,True
L08-1,2,0,3092,2999,1,12560,12561,3093,33484,36577,3092,True
L08-1,2,1,3092,2999,1,12563,12564,3093,69468,72561,3092,True
L08-1,2,2,3092,2999,1,12565,12567,3093,516600,519693,3092,True
L08-1,2,3,3092,2999,1,12568,12569,3093,856015,859108,3092,True
L08-1,2,4,134636,1130,1,12570,12622,-132768,1211069,1076432,134636,False
L08-1,2,5,3092,2999,1,12624,12627,3093,1282261,1285354,3092,True
L08-1,2,6,3093,2999,1,12628,12629,3094,1833992,1837086,3093,True
L08-1,2,7,3092,2999,1,12636,12718,3093,2096880,2099973,3092,True
L08-1,2,8,3092,2999,1,12719,12720,3093,2124657,2127750,3092,True
L08-1,2,9,886578,2999,294,12721,12722,886872,2323032,3209611,886578,False
L08-1,2,10,3093,2134,1,12726,12729,3959,2366459,2369553,3093,True
L08-1,2,11,3092,2999,1,12730,12753,3093,2919922,2923015,3092,True
L08-1,2,12,3093,2999,1,12755,12778,3094,2936267,2939361,3093,True
L08-1,2,13,3092,2999,1,12779,12780,3093,3492299,3495392,3092,True
L08-2,1,0,3093,2999,1,12782,12783,3094,33496,36590,3093,True
L08-2,1,1,3094,2999,1,12785,12786,3095,69492,72587,3094,True
L08-2,1,2,3095,2999,1,12787,12790,3096,855173,858269,3095,True
L08-2,1,3,3095,2999,1,12791,12844,3096,1076073,1079169,3095,True
L08-2,1,4,3094,2999,1,12846,12849,3095,1285028,1288123,3094,True
L08-2,1,5,3099,942,1,12850,12948,5157,1306025,1309125,3099,True
L08-2,1,6,3095,2999,1,12949,12950,3096,1857873,1860969,3095,True
L08-2,1,7,3094,2999,1,12957,13040,3095,2120801,2123896,3094,True
L08-2,1,8,3097,2997,1,13041,13042,3100,2149370,2152468,3097,True
L08-2,1,10,3095,2135,1,13044,13047,3960,2387176,2390272,3095,True
L08-2,1,11,3093,2999,1,13048,13071,3094,2940740,2943834,3093,True
L08-2,1,12,3095,2999,1,13075,13076,3096,2986795,2989891,3095,True
L08-2,1,13,3095,2999,1,13077,13078,3096,3542953,3546049,3095,True
L08-2,1,14,3094,2999,1,13079,13080,3095,3765191,3768286,3094,True
L08-2,2,0,3093,2999,1,13081,13082,3094,33487,36581,3093,True
L08-2,2,1,3093,2999,1,13084,13085,3094,69479,72573,3093,True
L08-2,2,2,3092,2999,1,13086,13089,3093,855055,858148,3092,True
L08-2,2,3,3090,2999,447,13090,13143,3537,1079033,1082124,3090,True
L08-2,2,4,3092,2999,1,13145,13148,3093,1293705,1296798,3092,True
L08-2,2,5,24090,2999,1,13150,13163,24091,1314698,1338789,24090,True
L08-2,2,6,3092,2999,1,13164,13165,3093,1887441,1890534,3092,True
L08-2,2,7,3088,2999,810,13172,13255,3898,2153435,2156524,3088,True
L08-2,2,8,3093,2999,1,13256,13257,3094,2181184,2184278,3093,True
L08-2,2,9,3094,2999,1,13258,13259,3095,2379558,2382653,3094,True
L08-2,2,10,3093,2999,1,13260,13277,3094,2418940,2422034,3093,True
L08-2,2,11,202082,2999,558,13278,13301,-201524,2975525,2773444,-202082,False
L08-2,2,13,3094,2999,1,13305,13306,3095,3559397,3562492,3094,True
L08-2,2,14,3093,2999,1,13307,13308,3094,3781614,3784708,3093,True
L08-3,1,0,3095,2999,1,13309,13310,3096,33496,36592,3095,True
L08-3,1,1,3093,2999,1,13312,13313,3094,69495,72589,3093,True
L08-3,1,2,3094,2999,1,13314,13317,3095,855175,858270,3094,True
L08-3,1,3,3094,2999,1,13318,13372,3095,1076074,1079169,3094,True
L08-3,1,4,3094,2999,1,13374,13377,3095,1285034,1288129,3094,True
L08-3,1,5,3094,2999,1,13378,13486,3095,1308090,1311185,3094,True
L08-3,1,6,3094,2999,1,13487,13488,3095,1859937,1863032,3094,True
L08-3,1,7,3092,2999,975,13495,13582,4067,2122874,2125967,3092,True
L08-3,1,8,3096,2997,1,13583,13584,3099,2150466,2153563,3096,True
L08-3,1,10,3095,2999,1,13586,13589,3096,2407556,2410652,3095,True
L08-3,1,11,199010,2999,558,13591,13614,-198452,3251172,3052163,-199010,False
L08-3,1,12,3094,2999,1,13617,13618,3095,3271055,3274150,3094,True
L08-3,1,13,3094,2999,1,13619,13620,3095,3827227,3830322,3094,True
L08-3,1,14,3094,2999,1,13621,13622,3095,4049467,4052562,3094,True
L08-3,2,0,3093,2999,1,13623,13624,3094,33492,36586,3093,True
L08-3,2,1,3092,2999,1,13626,13627,3093,69489,72582,3092,True
L08-3,2,2,3094,2999,1,13628,13631,3095,855112,858207,3094,True
L08-3,2,3,3092,2999,1,13632,13686,3093,1075999,1079092,3092,True
L08-3,2,4,3094,2999,1,13688,13691,3095,1284944,1288039,3094,True
L08-3,2,5,3105,2999,1,13692,13800,3106,1308007,1311113,3105,True
L08-3,2,6,3086,2999,1,13801,13802,3087,1862995,1866082,3086,True
L08-3,2,7,3095,2999,1,13809,13895,3096,2125941,2129037,3095,True
L08-3,2,8,3090,2978,1,13896,13897,3112,2153515,2156606,3090,True
L08-3,2,10,3094,2999,1,13899,13902,3095,2401379,2404474,3094,True
L08-3,2,11,287238,2999,1,13904,13907,-287237,2691711,2404474,-287238,True
L08-3,2,12,3093,2999,1,13909,13932,3094,3245546,3248640,3093,True
L08-3,2,13,3094,2999,1,13933,13934,3095,3265427,3268522,3094,True
L08-3,2,14,3093,2999,1,13935,13936,3094,3821538,3824632,3093,True
L08-3,2,15,3093,2999,1,13937,13938,3094,4043756,4046850,3093,True
L08-4,1,0,3095,2999,1,13939,13940,3096,33496,36592,3095,True
L08-4,1,1,3094,2999,1,13942,13943,3095,69494,72589,3094,True
L08-4,1,2,3095,709,1,13944,13947,5386,852878,855974,3095,True
L08-4,1,3,3094,2999,1,13948,14001,3095,1073780,1076875,3094,True
L08-4,1,4,3095,2999,1,14003,14006,3096,1282736,1285832,3095,True
L08-4,1,5,3095,2999,1,14007,14107,3096,1305793,1308889,3095,True
L08-4,1,6,3094,2999,1,14108,14109,3095,1857637,1860732,3094,True
L08-4,1,7,3094,2369,1,14116,14199,3725,2119940,2123035,3094,True
L08-4,1,8,3095,2997,1,14200,14201,3098,2148506,2151602,3095,True
L08-4,1,9,3093,2999,1,14202,14203,3094,2346920,2350014,3093,True
L08-4,1,10,3095,2999,1,14204,14207,3096,2432928,2436024,3095,True
L08-4,1,11,3093,2999,1,14208,14231,3094,2986480,2989574,3093,True
L08-4,1,13,3094,2999,1,14236,14237,3095,3584990,3588085,3094,True
L08-4,1,14,3094,2999,1,14238,14239,3095,3810332,3813427,3094,True
L08-4,2,0,3094,2999,1,14240,14241,3095,33488,36583,3094,True
L08-4,2,1,7,2998,1,14243,14244,-5,69480,69474,-7,True
L08-4,2,2,3093,2999,1,14245,14246,3094,852784,855878,3093,True
L08-4,2,3,3093,2999,1,14247,14300,3094,1073666,1076760,3093,True
L08-4,2,4,3093,2999,1,14302,14305,3094,1282608,1285702,3093,True
L08-4,2,5,3094,2999,1,14306,14406,3095,1305663,1308758,3094,True
L08-4,2,6,3094,2999,1,14407,14408,3095,1857465,1860560,3094,True
L08-4,2,7,3092,2999,1,14415,14498,3093,2119754,2122847,3092,True
L08-4,2,8,3094,2999,1,14499,14500,3095,2148319,2151414,3094,True
L08-4,2,9,3094,2999,1,14501,14502,3095,2349827,2352922,3094,True
L08-4,2,10,3095,2999,1,14503,14506,3096,2435831,2438927,3095,True
L08-4,2,11,3094,2999,1,14507,14530,3095,2989350,2992445,3094,True
L08-4,2,12,3094,2999,1,14534,14535,3095,3031698,3034793,3094,True
L08-4,2,14,3094,2999,1,14537,14539,3095,3621055,3624150,3094,True
L08-4,2,15,3093,2999,1,14540,14541,3094,3802751,3805845,3093,True
L09-1,1,0,4090,2999,1,14542,14550,4091,394735,398826,4090,True
L09-1,1,1,3094,2999,1,14633,14637,3095,771655,774750,3094,True
L09-1,1,2,3095,2999,1,14638,14640,3096,1088919,1092015,3095,True
L09-1,1,3,3095,2999,1,14641,14644,3096,1286892,1289988,3095,True
L09-1,1,4,4092,2997,1,14645,14646,4095,1701845,1705938,4092,True
L09-1,1,5,4089,2999,1,14647,14651,4090,1757027,1761117,4089,True
L09-1,1,6,4090,2999,1,14652,14653,4091,2264578,2268669,4090,True
L09-1,1,7,3094,2999,1,14655,14657,3095,2332555,2335650,3094,True
L09-1,1,8,3093,2999,1,14658,14659,3094,3160067,3163161,3093,True
L09-1,1,9,3094,2999,1,14661,14662,3095,3505871,3508966,3094,True
L09-1,1,10,4090,2999,1,14664,14665,4091,3583602,3587693,4090,True
L09-1,1,11,3095,2999,1,14667,14668,3096,3743054,3746150,3095,True
L09-1,2,0,4089,2999,1,14670,14671,4090,42329,46419,4089,True
L09-1,2,1,4090,2798,1,14672,14680,4292,394486,398577,4090,True
L09-1,2,2,3094,2999,1,14763,14767,3095,771375,774470,3094,True
L09-1,2,3,3094,2999,1,14768,14770,3095,1088619,1091714,3094,True
L09-1,2,4,3093,2999,1,14771,14774,3094,1286587,1289681,3093,True
L09-1,2,6,4088,2999,1,14776,14780,4089,1746773,1750862,4088,True
L09-1,2,7,4090,2999,1,14781,14782,4091,2254292,2258383,4090,True
L09-1,2,8,3095,2999,1,14784,14785,3096,2301987,2305083,3095,True
L09-1,2,9,3092,2999,1,14786,14788,3093,2322264,2325357,3092,True
L09-1,2,10,3094,2999,1,14789,14790,3095,3157547,3160642,3094,True
L09-1,2,11,3095,2999,1,14792,14793,3096,3503331,3506427,3095,True
L09-1,2,12,4087,2999,347,14795,14796,4434,3581058,3585146,4087,True
L09-1,2,13,3094,2999,1,14798,14799,3095,3740153,3743248,3094,True
L09-2,1,0,8,2999,1,14814,14822,-7,390635,390628,-8,True
L09-2,1,1,3095,2999,1,14905,14909,3096,763453,766549,3095,True
L09-2,1,2,3095,2999,1,14910,14912,3096,1080725,1083821,3095,True
L09-2,1,3,3095,2999,1,14913,14916,3096,1278707,1281803,3095,True
L09-2,1,5,4089,2665,1,14918,14919,4424,2243392,2247482,4089,True
L09-2,1,6,3095,2999,1,14921,14923,3096,2308265,2311361,3095,True
L09-2,1,7,3095,2999,1,14924,14925,3096,3135783,3138879,3095,True
L09-2,1,8,3095,2999,1,14927,14928,3096,3481600,3484696,3095,True
L09-2,1,9,4090,2999,1,14930,14931,4091,3559327,3563418,4090,True
L09-2,1,10,171529,2999,1,14933,14934,171530,3718777,3890307,171529,False
L09-2,2,0,3093,2999,1,14936,14940,3094,763447,766541,3093,True
L09-2,2,1,3094,2999,1,14941,14943,3095,1083807,1086902,3094,True
L09-2,2,2,3095,2999,1,14944,14947,3096,1281785,1284881,3095,True
L09-2,2,3,8,2999,1,14948,14949,-7,1412348,1412341,-8,True
L09-2,2,4,56471,2999,1,14953,14955,56470,1636785,1693255,-56471,False
L09-2,2,6,3095,2999,1,14958,14960,3096,2291942,2295038,3095,True
L09-2,2,7,3095,2999,1,14961,14962,3096,3119464,3122560,3095,True
L09-2,2,8,3095,2999,1,14964,14965,3096,3465283,3468379,3095,True
L09-2,2,9,4090,2795,277,14967,14968,4571,3542808,3546899,4090,True
L09-2,2,10,3094,2999,1,14970,14971,3095,3701985,3705080,3094,True
L09-2,2,11,3094,2999,1,14974,14976,3095,3873512,3876607,3094,True
L09-3,1,0,4091,2999,1,14977,14985,4092,398819,402911,4091,True
L09-3,1,1,3093,2999,1,15068,15072,3094,775726,778820,3093,True
L09-3,1,2,3093,2999,1,15073,15075,3094,1092986,1096080,3093,True
L09-3,1,3,3094,2999,1,15076,15079,3095,1290954,1294049,3094,True
L09-3,1,5,4104,2998,14,15081,15085,4119,1755373,1759478,4104,True
L09-3,1,6,4089,2999,1,15086,15087,4090,2268432,2272522,4089,True
L09-3,1,7,3095,2999,1,15089,15091,3096,2333303,2336399,3095,True
L09-3,1,8,3094,2999,1,15092,15093,3095,3160816,3163911,3094,True
L09-3,1,9,3095,2999,1,15095,15096,3096,3506626,3509722,3095,True
L09-3,1,10,4088,2999,228,15098,15099,4316,3584355,3588444,4088,True
L09-3,1,11,3095,2999,1,15101,15102,3096,3743569,3746665,3095,True
L09-3,2,0,4089,2999,143,15104,15184,4232,157047,161137,4089,True
L09-3,2,1,7,2998,1,15186,15532,-5,374905,374899,-7,True
L09-3,2,2,4093,2999,1,15533,15541,4094,394595,398689,4093,True
L09-3,2,3,3095,2999,1,15624,15628,3096,771526,774622,3095,True
L09-3,2,4,3095,2999,1,15629,15631,3096,1088802,1091898,3095,True
L09-3,2,5,3094,2999,1,15632,15635,3095,1286783,1289878,3094,True
L09-3,2,6,4091,2999,1,15636,15637,4092,1643887,1647979,4091,True
L09-3,2,7,4091,2999,1,15640,15643,4092,1700150,1704242,4091,True
L09-3,2,8,4251,2998,700,15644,15648,4952,1755349,1759601,4251,True
L09-3,2,10,4091,2999,1,15652,15653,4092,2181094,2185186,4091,True
L09-3,2,11,4091,2999,1,15654,15655,4092,2269808,2273900,4091,True
L09-3,2,12,3095,2999,1,15657,15659,3096,2334688,2337784,3095,True
L09-3,2,13,3096,2999,1,15660,15661,3097,3169731,3172828,3096,True
L09-3,2,14,3095,2999,1,15663,15664,3096,3519655,3522751,3095,True
L09-3,2,15,4090,2999,1,15666,15667,4091,3597385,3601476,4090,True
L09-3,2,16,3094,2999,1,15669,15670,3095,3756608,3759703,3094,True
L09-4,1,0,4089,2999,1,15672,15680,4090,386240,390330,4089,True
L09-4,1,1,3094,2999,1,15763,15767,3095,763154,766249,3094,True
L09-4,1,2,3094,2999,1,15768,15770,3095,1080421,1083516,3094,True
L09-4,1,3,3093,2999,1,15771,15774,3094,1278391,1281485,3093,True
L09-4,1,4,4092,2997,1,15775,15776,4095,1693326,1697419,4092,True
L09-4,1,5,4092,2712,1,15777,15778,4380,2251670,2255763,4092,True
L09-4,1,6,3093,2999,1,15780,15782,3094,2316550,2319644,3093,True
L09-4,1,7,3095,2999,1,15783,15784,3096,3144052,3147148,3095,True
L09-4,1,8,3094,2999,1,15786,15787,3095,3489864,3492959,3094,True
L09-4,1,9,4091,2999,1,15789,15790,4092,3567586,3571678,4091,True
L09-4,1,10,3095,2999,1,15792,15793,3096,3727034,3730130,3095,True
L09-4,2,0,4091,2999,1,15795,15796,4092,152802,156894,4091,True
L09-4,2,1,4091,2999,1,15797,15805,4092,386379,390471,4091,True
L09-4,2,2,3095,2999,1,15888,15892,3096,763305,766401,3095,True
L09-4,2,3,3094,2999,1,15893,15895,3095,1080571,1083666,3094,True
L09-4,2,4,3094,2999,1,15896,15899,3095,1278549,1281644,3094,True
L09-4,2,5,4091,2999,1,15900,15901,4092,1693502,1697594,4091,True
L09-4,2,6,4090,2999,1,15902,15903,4091,2254966,2259057,4090,True
L09-4,2,7,3094,2999,1,15905,15907,3095,2319840,2322935,3094,True
L09-4,2,8,3094,2999,1,15908,15909,3095,3147354,3150449,3094,True
L09-4,2,9,3094,2999,1,15911,15912,3095,3493175,3496270,3094,True
L09-4,2,10,4091,2999,1,15914,15915,4092,3570903,3574995,4091,True
L09-4,2,11,3095,2999,1,15917,15918,3096,3730356,3733452,3095,True
L09-4,2,12,84,2998,1,15920,15921,86,3852079,3852164,84,True
L10-1,1,0,3094,2999,1,15922,15923,3095,120548,123643,3094,True
L10-1,1,1,3095,2999,1,15924,15927,3096,1276755,1279851,3095,True
L10-1,1,2,3095,2999,1,15928,15929,3096,1918388,1921484,3095,True
L10-1,1,3,3094,2999,1,15930,15931,3095,2024619,2027714,3094,True
L10-1,1,4,3095,2999,1,15932,15933,3096,2088173,2091269,3095,True
L10-1,1,5,3094,2999,1,15934,15935,3095,2529749,2532844,3094,True
L10-1,1,6,3093,2999,1,15940,15943,3094,2768650,2771744,3093,True
L10-1,1,7,3094,2999,1,15947,15948,3095,3583493,3586588,3094,True
L10-1,1,8,8606,2999,1,15951,15953,8607,3720119,3728726,8606,True
L10-1,1,9,3094,2999,1,15957,15958,3095,3965851,3968946,3094,True
L10-1,2,0,3094,2999,1,15960,15961,3095,120548,123643,3094,True
L10-1,2,1,3095,2999,1,15962,15965,3096,850456,853552,3095,True
L10-1,2,2,3092,2999,245,15966,15969,3337,1275872,1278965,3092,True
L10-1,2,3,3094,2999,1,15970,15971,3095,1923463,1926558,3094,True
L10-1,2,4,3095,2999,1,15972,15973,3096,2029693,2032789,3095,True
L10-1,2,5,3093,2999,1,15974,15975,3094,2093248,2096342,3093,True
L10-1,2,6,3094,2999,1,15976,15977,3095,2495432,2498527,3094,True
L10-1,2,7,3093,2999,955,15978,15979,4048,2534824,2537918,3093,True
L10-1,2,8,459350,2994,1,15984,15986,-459346,3211847,2752496,459350,False
L10-1,2,9,3095,2999,1,15990,15991,3096,3564252,3567348,3095,True
L10-1,2,10,8606,2999,1,15994,15996,8607,3700879,3709486,8606,True
L10-1,2,11,7,2998,1,16000,16002,-5,3878616,3878610,-7,True
L10-2,1,0,3095,2999,1,16007,16008,3096,120558,123654,3095,True
L10-2,1,1,3095,2999,1,16011,16014,3096,1313802,1316898,3095,True
L10-2,1,3,3094,2999,1,16016,16017,3095,2052470,2055565,3094,True
L10-2,1,4,3094,2999,1,16018,16019,3095,2116022,2119117,3094,True
L10-2,1,5,3095,2999,1,16020,16021,3096,2558287,2561383,3095,True
L10-2,1,6,3094,2999,1,16027,16030,3095,2800295,2803390,3094,True
L10-2,1,7,3095,2999,1,16034,16035,3096,3630256,3633352,3095,True
L10-2,1,8,13420,2999,1,16038,16040,13421,3766881,3780302,13420,True
L10-2,2,1,2949685,2325,1,16047,16049,2950360,133002,3082688,2949685,False
L10-2,2,2,2955011,2999,1,16050,16051,-2955012,3077862,122850,2955011,False
L10-2,2,3,3094,2999,1,16143,16144,3095,133003,136098,3094,True
L10-2,2,4,3095,2999,1,16169,16170,3096,174552,177648,3095,True
L10-2,2,5,3788,2999,1,16171,16172,3789,211554,215343,3788,True
L10-2,2,6,3094,2999,1,16173,16176,3095,669060,672155,3094,True
L10-2,2,7,3094,2999,1,16178,16181,3095,1283229,1286324,3094,True
L10-2,2,8,3094,2999,1,16182,16194,3095,1303404,1306499,3094,True
L10-2,2,9,3095,2999,1,16294,16296,3096,1918551,1921647,3095,True
L10-2,2,10,3094,2999,1,16297,16298,3095,2021900,2024995,3094,True
L10-2,2,11,3094,2999,1,16299,16300,3095,2085455,2088550,3094,True
L10-2,2,12,3790,2999,1,16301,16307,3791,2516875,2520666,3790,True
L10-2,2,13,3094,2999,1,16308,16309,3095,2527721,2530816,3094,True
L10-2,2,14,3095,2999,1,16314,16315,3096,2575573,2578669,3095,True
L10-2,2,15,53360,2999,1,16316,16319,53359,2722568,2775927,-53360,False
L10-2,2,16,3789,2999,1,16323,16324,3790,3074075,3077865,3789,True
L10-2,2,17,3094,2999,1,16325,16326,3095,3082691,3085786,3094,True
L10-2,2,18,3788,2999,1,16395,16396,3789,3502190,3505979,3788,True
L10-2,2,19,3093,2999,1,16397,16398,3094,3602796,3605890,3093,True
L10-2,2,20,13421,2999,1,16401,16403,13422,3739423,3752845,13421,True
L10-2,2,21,3094,2999,1,16407,16408,3095,3972716,3975811,3094,True
L10-3,1,0,5282,2604,1,16410,16412,5676,121070,126351,-5282,False
L10-3,1,1,3094,2999,1,16413,16416,3095,1283872,1286967,3094,True
L10-3,1,2,3094,2999,1,16417,16418,3095,1914345,1917440,3094,True
L10-3,1,3,3095,2999,1,16419,16420,3096,2020574,2023670,3095,True
L10-3,1,4,3095,1728,1,16421,16422,4367,2082859,2085955,3095,True
L10-3,1,5,3095,2999,1,16423,16424,3096,2528315,2531411,3095,True
L10-3,1,6,3094,2999,1,16429,16432,3095,2767220,2770315,3094,True
L10-3,1,7,3094,2999,1,16436,16437,3095,3582069,3585164,3094,True
L10-3,1,8,9296,2999,1,16440,16442,9297,3718697,3727994,9296,True
L10-3,1,9,3093,1743,1,16446,16447,4350,3960757,3963851,3093,True
L10-3,2,0,3885697,2999,2180,16449,16454,3887877,117977,4003675,3885697,True
L10-3,2,1,3670586,818,1,16514,16574,-3668406,3793355,122768,3670586,False
L10-3,2,2,5414,2999,1,16575,16576,5415,378741,384156,5414,True
L10-3,2,3,3095,2999,1,16577,16580,3096,1287017,1290113,3095,True
L10-3,2,5,43327,2999,1,16585,16586,43328,1911396,1954724,43327,False
L10-3,2,6,3095,2999,1,16587,16588,3096,1997021,2000117,3095,True
L10-3,2,7,3093,2999,1,16589,16590,3094,2059307,2062401,3093,True
L10-3,2,8,7,2998,1,16591,16593,-5,2289133,2289127,-7,True
L10-3,2,9,3095,2999,1,16597,16598,3096,2500884,2503980,3095,True
L10-3,2,10,3094,2999,1,16603,16606,3095,2739792,2742887,3094,True
L10-3,2,11,3095,2999,1,16610,16612,3096,3630251,3633347,3095,True
L10-3,2,12,9298,2999,1,16615,16617,9299,3771459,3780758,9298,True
L10-4,1,0,3090,774,354,16624,16625,5669,118319,121410,3090,True
L10-4,1,1,3094,2999,1,16626,16629,3095,1273131,1276226,3094,True
L10-4,1,2,3094,2999,1,16630,16631,3095,1920956,1924051,3094,True
L10-4,1,3,3094,2999,1,16632,16633,3095,2027184,2030279,3094,True
L10-4,1,4,3094,2999,1,16634,16635,3095,2090737,2093832,3094,True
L10-4,1,5,3095,2999,1,16636,16637,3096,2535420,2538516,3095,True
L10-4,1,6,3095,2999,1,16642,16645,3096,2774312,2777408,3095,True
L10-4,1,7,3094,2999,1,16649,16650,3095,3589141,3592236,3094,True
L10-4,1,8,6195,2999,1,16653,16655,6196,3725760,3731956,6195,True
L10-4,1,9,3093,2830,1,16659,16660,3263,3965798,3968892,3093,True
L10-4,2,0,3091,2999,1,16662,16663,3092,121407,124499,3091,True
L10-4,2,1,3090,2999,235,16664,16667,3325,1279248,1282339,3090,True
L10-4,2,2,3094,2999,1,16668,16669,3095,1444822,1447917,3094,True
L10-4,2,3,3101,2999,1,16672,16673,3102,1732785,1735887,3101,True
L10-4,2,4,3097,2668,1,16675,16676,3429,1934727,1937825,3097,True
L10-4,2,5,3094,2999,1,16677,16678,3095,2040944,2044039,3094,True
L10-4,2,6,3093,2999,1,16679,16680,3094,2104499,2107593,3093,True
L10-4,2,7,9298,2999,1,16681,16687,9299,2356545,2365844,9298,True
L10-4,2,8,3096,2999,1,16688,16694,3097,2470562,2473659,3096,True
L10-4,2,9,3094,2999,1,16710,16711,3095,2564620,2567715,3094,True
L10-4,2,10,3094,2999,1,16716,16719,3095,2803581,2806676,3094,True
L10-4,2,11,3092,2999,1,16723,16724,3093,3663855,3666948,3092,True
L10-4,2,12,8605,2732,1,16727,16729,8873,3805340,3813946,8605,True
L10-4,2,13,3093,2999,1,16733,16734,3094,4047792,4050886,3093,True
L11-1,1,0,3095,2999,1,16736,16741,3096,76795,79891,3095,True
L11-1,1,1,3095,2999,1,16742,16744,3096,164195,167291,3095,True
L11-1,1,2,3095,2999,1,16745,16746,3096,390333,393429,3095,True
L11-1,1,3,3094,2999,1,16747,16750,3095,1287033,1290128,3094,True
L11-1,1,4,3095,2999,1,16751,16752,3096,1433678,1436774,3095,True
L11-1,1,5,3094,2999,1,16753,16754,3095,1870288,1873383,3094,True
L11-1,1,6,3094,2999,1,16758,16759,3095,2138910,2142005,3094,True
L11-1,1,7,3095,2999,1,16760,16761,3096,2190145,2193241,3095,True
L11-1,1,8,3094,2999,1,16762,16763,3095,2463133,2466228,3094,True
L11-1,1,9,3095,2999,1,16784,16785,3096,2903954,2907050,3095,True
L11-1,1,10,3095,2999,1,16786,16787,3096,3673459,3676555,3095,True
L11-1,1,11,3095,2999,1,16788,16789,3096,3934241,3937337,3095,True
L11-1,2,0,3094,2999,1,16790,16796,3095,76786,79881,3094,True
L11-1,2,1,3092,2999,195,16797,16799,3287,164178,167271,3092,True
L11-1,2,2,3091,2999,1,16800,16801,3092,192639,195731,3091,True
L11-1,2,3,3093,2999,1,16803,16804,3094,390098,393192,3093,True
L11-1,2,4,3092,2999,1,16805,16806,3093,1001141,1004234,3092,True
L11-1,2,5,3094,2999,1,16808,16811,3095,1269171,1272266,3094,True
L11-1,2,6,3093,2999,1,16812,16813,3094,1415809,1418903,3093,True
L11-1,2,7,3094,2999,1,16814,16816,3095,1602709,1605804,3094,True
L11-1,2,8,3094,2999,1,16817,16818,3095,1852385,1855480,3094,True
L11-1,2,9,3093,2999,1,16822,16823,3094,2120992,2124086,3093,True
L11-1,2,10,3092,2999,1,16824,16825,3093,2172223,2175316,3092,True
L11-1,2,11,3093,2999,1,16826,16827,3094,2445175,2448269,3093,True
L11-1,2,12,3094,2999,1,16858,16859,3095,2885975,2889070,3094,True
L11-1,2,13,3094,2999,1,16860,16861,3095,3547836,3550931,3094,True
L11-1,2,15,3095,2822,1,16863,16898,3273,3744733,3747829,3095,True
L11-1,2,16,3093,2999,1,16899,16900,3094,3917945,3921039,3093,True
L11-2,1,0,3094,2999,1,16901,16906,3095,79896,82991,3094,True
L11-2,1,1,3094,2999,1,16907,16909,3095,167290,170385,3094,True
L11-2,1,2,3094,2999,1,16910,16911,3095,390317,393412,3094,True
L11-2,1,3,3094,2999,1,16912,16917,3095,1283899,1286994,3094,True
L11-2,1,4,3093,2999,1,16919,16920,3094,1433643,1436737,3093,True
L11-2,1,5,3094,2999,1,16921,16922,3095,1891064,1894159,3094,True
L11-2,1,6,76658,2999,1,16926,16929,76659,2162783,2239442,76658,True
L11-2,1,7,8,2999,1,16930,16931,-7,2287586,2287579,-8,True
L11-2,1,8,3094,2999,1,16932,16933,3095,2560571,2563666,3094,True
L11-2,1,9,3094,2999,1,16954,16955,3095,3001389,3004484,3094,True
L11-2,1,10,3093,2999,1,16956,16957,3094,3770882,3773976,3093,True
L11-2,1,11,3095,2999,1,16958,16959,3096,4028565,4031661,3095,True
L11-2,2,0,3093,2999,1,16960,16961,3094,42970,46064,3093,True
L11-2,2,1,3092,2999,1,16962,16968,3093,79886,82979,3092,True
L11-2,2,2,3093,2999,1,16969,16971,3094,167276,170370,3093,True
L11-2,2,3,3095,2999,1,16972,16973,3096,390298,393394,3095,True
L11-2,2,4,505217,2999,1,16974,16978,505216,1240717,1745933,-505217,True
L11-2,2,5,3092,2999,80,16981,16984,3172,1325561,1328654,3092,True
L11-2,2,6,3092,2999,1,16996,16997,3093,1457520,1460613,3092,True
L11-2,2,7,402674,2999,1,16998,16999,-402673,1728231,1325558,-402674,False
L11-2,2,8,3093,2999,1,17002,17005,3094,1745936,1749030,3093,True
L11-2,2,9,3095,2999,1,17006,17007,3096,1767975,1771071,3095,True
L11-2,2,10,3091,2999,188,17008,17009,3279,1914887,1917979,3091,True
L11-2,2,11,3094,2999,1,17013,17014,3095,2147104,2150199,3094,True
L11-2,2,12,36211,2999,1,17015,17016,-36210,2186409,2150199,-36211,True
L11-2,2,13,31163,2999,1,17017,17018,-31162,2186409,2155247,-31163,True
L11-2,2,14,32114,2999,1,17021,17022,32115,2186409,2218524,32114,True
L11-2,2,15,3092,2999,1,17023,17024,3093,2337562,2340655,3092,True
L11-2,2,16,3093,2999,1,17030,17031,3094,2539670,2542764,3093,True
L11-2,2,17,3094,2999,1,17063,17064,3095,2983554,2986649,3094,True
L11-2,2,18,3093,2999,1,17065,17067,3094,3323620,3326714,3093,True
L11-2,2,19,3093,2999,1,17070,17071,3094,3753013,3756107,3093,True
L11-2,2,20,3094,2999,1,17072,17073,3095,4013789,4016884,3094,True
L11-3,1,0,3095,2999,1,17074,17079,3096,76794,79890,3095,True
L11-3,1,1,3095,2999,1,17080,17082,3096,164194,167290,3095,True
L11-3,1,2,3095,2999,1,17083,17084,3096,387226,390322,3095,True
L11-3,1,3,3094,2999,1,17085,17088,3095,1280835,1283930,3094,True
L11-3,1,4,3095,2999,1,17089,17090,3096,1427484,1430580,3095,True
L11-3,1,5,3094,2999,1,17091,17092,3095,1860995,1864090,3094,True
L11-3,1,6,3094,2999,1,17096,17097,3095,2129620,2132715,3094,True
L11-3,1,7,3094,2999,1,17098,17099,3095,2180855,2183950,3094,True
L11-3,1,8,3092,2999,165,17100,17101,3257,2453840,2456933,3092,True
L11-3,1,9,3095,2999,1,17122,17123,3096,2894497,2897593,3095,True
L11-3,1,11,3094,2999,1,17125,17126,3095,3890508,3893603,3094,True
L11-3,2,0,3092,2999,1,17127,17133,3093,76778,79871,3092,True
L11-3,2,1,3095,2999,1,17134,17136,3096,164165,167261,3095,True
L11-3,2,2,3095,2999,1,17137,17138,3096,387189,390285,3095,True
L11-3,2,3,3091,2999,1,17139,17142,3092,1283861,1286953,3091,True
L11-3,2,4,3094,2999,1,17143,17144,3095,1433586,1436681,3094,True
L11-3,2,5,461198,2999,1579,17145,17146,-459619,1867044,1405847,-461198,False
L11-3,2,6,3093,2999,1,17149,17150,3094,2112731,2115825,3093,True
L11-3,2,7,3092,2999,1,17151,17152,3093,2163961,2167054,3092,True
L11-3,2,8,3094,2999,1,17153,17154,3095,2436909,2440004,3094,True
L11-3,2,9,3097,2999,1,17288,17289,3098,2877515,2880613,3097,True
L11-3,2,10,3092,2999,1,17290,17291,3093,3617802,3620895,3092,True
L11-3,2,11,3093,2999,1,17338,17339,3094,3873404,3876498,3093,True
L11-4,1,0,3094,2999,1,17340,17345,3095,76795,79890,3094,True
L11-4,1,1,3094,2999,1,17346,17348,3095,164194,167289,3094,True
L11-4,1,2,3094,2999,1,17349,17350,3095,390322,393417,3094,True
L11-4,1,3,3095,2999,1,17351,17354,3096,1290132,1293228,3095,True
L11-4,1,4,3095,2999,1,17355,17356,3096,1436775,1439871,3095,True
L11-4,1,5,3095,2999,1,17357,17358,3096,1873378,1876474,3095,True
L11-4,1,7,3095,2999,1,17363,17364,3096,2173230,2176326,3095,True
L11-4,1,8,1804918,2999,2905,17365,17366,-1802013,2446210,641293,-1804918,False
L11-4,1,9,3095,2999,1,17385,17386,3096,2889708,2892804,3095,True
L11-4,1,10,3094,2999,1,17387,17388,3095,3662311,3665406,3094,True
L11-4,1,11,3093,2999,1,17389,17390,3094,3919994,3923088,3093,True
L11-4,2,0,3092,2999,1,17391,17397,3093,76773,79866,3092,True
L11-4,2,1,3092,2999,1,17398,17400,3093,164161,167254,3092,True
L11-4,2,2,3094,2999,1,17402,17404,3095,306170,309265,3094,True
L11-4,2,3,3093,2999,1,17418,17420,3094,390249,393343,3093,True
L11-4,2,4,3092,2999,1,17421,17508,3093,496931,500024,3092,True
L11-4,2,5,3092,2999,1,17510,17511,3093,951740,954833,3092,True
L11-4,2,6,3092,2999,1,17707,17710,3093,1293018,1296111,3092,True
L11-4,2,7,3092,2999,1,17711,17712,3093,1439636,1442729,3092,True
L11-4,2,8,3094,2999,1,17713,17714,3095,1820055,1823150,3094,True
L11-4,2,9,3094,2808,1,17723,17724,3286,1880593,1883688,3094,True
L11-4,2,10,3093,2999,1,17728,17730,3094,2016349,2019443,3093,True
L11-4,2,11,3091,2999,1,17731,17732,3092,2137808,2140900,3091,True
L11-4,2,12,3093,2999,1,17819,17820,3094,2183503,2186597,3093,True
L11-4,2,13,4604,2999,1,17821,17822,4605,2459531,2464136,4604,True
L11-4,2,14,3092,2999,1,17823,17825,3093,2628899,2631992,3092,True
L11-4,2,15,3094,2999,1,17826,17827,3095,2829024,2832119,3094,True
L11-4,2,16,3094,2999,1,17828,17829,3095,2902961,2906056,3094,True
L11-4,2,17,3093,2999,1,17830,17831,3094,2960630,2963724,3093,True
L11-4,2,18,3091,2999,1,17833,17836,3092,3401008,3404100,3091,True
L11-4,2,19,3093,2999,1,17837,17838,3094,3675429,3678523,3093,True
L11-4,2,20,3093,2999,1,17839,17840,3094,4162242,4165336,3093,True
L11-4,2,21,3094,1526,1,17841,17842,4568,4221164,4224259,3094,True
