chr1,start1,end1,REF,ALT,chr2,start2,end2,ID,parent,SVTYPE,MISC,start1_is_rm,end1_is_rm,start2_is_rm,end2_is_rm,start1_is,end1_is,start2_is,end2_is,SVLEN_ISDEL,start1_fixed,end1_fixed,start2_fixed,end2_fixed,start1_is_status,start1_is_status_right,end1_is_status,end1_is_status_right,start2_is_status_f,start2_is_status_r,end2_is_status_f,end2_is_status_r,new_cnt,dstart1_,dend1_,dstart2_,dend2_,SVLEN,SVLEN_fixed
contig_1,476924,476924,a,aAAGCGGCG,contig_1,476915,476923,INS45,SYN1,INS,-,476924,476924,476915,476923,1,1,0,0,9,476924,476924,476915,476923,new,new,new,new,new,new,new,new,2,0,0,0.0,0.0,9,9
contig_1,548975,554376,-,-,contig_1,552063,552063,DEL1,SYN1,DEL,-,548975,554376,548970,548970,2,3,1,1,5402,548975,554376,552063,552063,new,new,new,new,new,new,new,new,2,0,0,0.0,0.0,5402,5402
contig_1,705275,705275,c,cGCGTTTTT,contig_1,706048,706056,INS63,SYN1,INS,-,705275,705275,699862,699870,4,4,2,2,9,705275,705275,706048,706056,new,new,new,new,new,new,new,new,2,0,0,0.0,0.0,9,9
contig_1,783459,783459,c,cCTGTAAGACTCAATGTAAGCCGTGCCAAAATATGATGGCTAGGACGAGCTA,contig_1,787331,787382,INS68,SYN1,INS,-,783459,783459,778052,778103,-1,-1,-1,-1,52,783459,783459,787331,787382,NA,NA,NA,NA,NA,NA,NA,NA,0,0,0,0.0,0.0,52,52
contig_1,1058303,1058303,a,aGGCATTATG,contig_1,1062217,1062226,INS84,SYN1,INS,-,1058303,1058303,1052938,1052947,5,5,3,3,10,1058303,1058303,1062217,1062226,new,new,new,new,new,new,new,new,2,0,0,0.0,0.0,10,10
contig_1,1181597,1291824,-,-,contig_1,1395977,1510861,INVTR9,-,INVTR,-,1181597,1288732,1372761,1479889,6,9,6,8,107136,1181597,1291824,1395977,1506197,new,original,new,new,new,new,new,new,2,0,0,0.0,-4664.0,110228,110228
contig_1,1475265,1488328,-,-,contig_1,1379822,1395977,INV6,-,INV,-,1472173,1485236,1359698,1372761,10,11,5,6,13064,1475265,1488328,1379822,1392884,new,new,new,new,new,new,new,new,2,0,0,0.0,-3093.0,13064,13064
contig_1,1488329,1488996,-,-,-,-,-,NOTAL2,-,DEL,-,1485237,1485904,-,-,11,12,-1,-1,668,1488329,1488996,-,-,new,new,new,new,NA,NA,NA,NA,2,0,0,,,668,668
contig_1,1660129,1661524,-,-,contig_1,1685074,1685074,DEL2,SYN3,DEL,-,1657037,1658432,1651010,1651010,13,14,9,9,1396,1660129,1661524,1685074,1685074,new,new,new,new,new,new,new,new,2,0,0,0.0,0.0,1396,1396
contig_1,1727296,1727296,c,cCATAAAGCG,contig_1,1750840,1750849,INS165,SYN3,INS,-,1724204,1724204,1716776,1716785,15,15,10,10,10,1727296,1727296,1750840,1750849,new,new,new,new,new,new,new,new,2,0,0,0.0,0.0,10,10
contig_1,1755915,1755915,t,tGCCAGCGGG,contig_1,1782559,1782568,INS168,SYN3,INS,-,1752823,1752823,1745403,1745412,16,16,11,11,10,1755915,1755915,1782559,1782568,new,new,new,new,new,new,new,new,2,0,0,0.0,0.0,10,10
contig_1,1772596,1773191,-,-,contig_1,1802341,1802341,DEL170,SYN3,DEL,-,1769504,1770099,1762092,1762092,17,18,12,12,596,1772596,1773191,1802341,1802341,new,new,new,new,new,new,new,new,2,0,0,0.0,0.0,596,596
contig_1,1819566,1908031,-,-,contig_1,1851803,1851803,DEL3,SYN3,DEL,-,1816474,1904939,1808461,1808461,19,20,13,13,88466,1819566,1908031,1851803,1851803,new,new,new,new,new,new,new,new,2,0,0,0.0,0.0,88466,88466
contig_1,1938074,1938074,t,tCGGATTCAG,contig_1,1884931,1884940,INS183,SYN3,INS,-,1934982,1934982,1838497,1838506,21,21,14,14,10,1938074,1938074,1884931,1884940,new,new,new,new,new,new,new,new,2,0,0,0.0,0.0,10,10
contig_1,1971559,1980793,-,-,contig_1,1921514,1921514,DEL4,SYN3,DEL,-,1968467,1977701,1871991,1871991,22,23,15,15,9235,1971559,1980793,1921514,1921514,new,new,new,new,new,new,new,new,2,0,0,0.0,0.0,9235,9235
contig_1,2119653,2119653,g,gATTGATATT,contig_1,2063461,2063470,INS195,SYN3,INS,-,2116561,2116561,2010846,2010855,24,24,16,16,10,2119653,2119653,2063461,2063470,new,new,new,new,new,new,new,new,2,0,0,0.0,0.0,10,10
contig_1,2163269,2163269,c,cACGCTTGAT,contig_1,2110176,2110185,INS199,SYN3,INS,-,2160177,2160177,2054468,2054477,25,25,17,17,10,2163269,2163269,2110176,2110185,new,new,new,new,new,new,new,new,2,0,0,0.0,0.0,10,10
contig_1,2204213,2215321,-,-,-,-,-,NOTAL3,-,DEL,-,2201121,2212229,-,-,26,27,-1,-1,11109,2204213,2215321,-,-,new,new,new,new,NA,NA,NA,NA,2,0,0,,,11109,11109
contig_1,2215322,2296170,-,-,contig_1,2158881,2242817,INV7,-,INV,-,2212230,2293078,2095419,2176262,27,28,18,19,80849,2215322,2296170,2158881,2239723,new,new,new,new,new,new,new,new,2,0,0,0.0,-3094.0,80849,80849
contig_1,2296171,2304468,-,-,-,-,-,NOTAL4,-,DEL,-,2293079,2301376,-,-,28,29,-1,-1,8298,2296171,2304468,-,-,new,new,new,new,NA,NA,NA,NA,2,0,0,,,8298,8298
contig_1,2387523,2392008,-,-,contig_1,2328959,2328959,DEL5,SYN4,DEL,-,2384431,2388916,2259311,2259311,30,31,20,20,4486,2387523,2392008,2328959,2328959,new,new,new,new,new,new,new,new,2,0,0,0.0,0.0,4486,4486
contig_1,2646350,2652147,-,-,contig_1,2586379,2586379,DEL6,SYN4,DEL,-,2643258,2649055,2513638,2513638,32,33,21,21,5798,2646350,2652147,2586379,2586379,new,new,new,new,new,new,new,new,2,0,0,0.0,0.0,5798,5798
contig_1,2658716,2658720,tcccc,t,contig_1,2592947,2592947,DEL244,SYN4,DEL,-,2655624,2655628,2520206,2520206,-1,-1,-1,-1,5,2658716,2658720,2592947,2592947,NA,NA,NA,NA,NA,NA,NA,NA,0,0,0,0.0,0.0,5,5
contig_1,2800220,2800220,t,tTCATCATTA,contig_1,2734438,2734447,INS265,SYN4,INS,-,2797128,2797128,2661697,2661706,34,34,22,22,10,2800220,2800220,2734438,2734447,new,new,new,new,new,new,new,new,2,0,0,0.0,0.0,10,10
contig_1,3039517,3052297,-,-,contig_1,2976832,2992704,INV8,-,INV,-,3036425,3049205,2900998,2913778,35,36,23,24,12781,3039517,3052297,2979925,2992704,new,new,new,new,new,new,new,new,2,0,0,3093.0,0.0,12781,12781
contig_1,3052298,3070734,-,-,-,-,-,NOTAL5,-,DEL,-,3049206,3067642,-,-,36,37,-1,-1,18437,3052298,3070734,-,-,new,new,new,new,NA,NA,NA,NA,2,0,0,,,18437,18437
contig_1,3358682,3358682,a,aAACACGGTC,contig_1,3285844,3285853,INS306,SYN5,INS,-,3355590,3355590,3201706,3201715,38,38,25,25,10,3358682,3358682,3285844,3285853,new,new,new,new,new,new,new,new,2,0,0,0.0,0.0,10,10
contig_1,3686548,3686709,-,-,contig_1,3616795,3616795,DEL333,SYN5,DEL,-,3683456,3683617,3529565,3529565,39,40,26,26,162,3686548,3686709,3616795,3616795,new,new,new,new,new,new,new,new,2,0,0,0.0,0.0,162,162
contig_1,3817075,3817075,t,tTCTCCAGCC,contig_1,3751818,3751827,INS341,SYN5,INS,-,3813983,3813983,3659925,3659934,41,41,27,27,10,3817075,3817075,3751818,3751827,new,new,new,new,new,new,new,new,2,0,0,0.0,0.0,10,10
contig_1,3848463,3848463,c,cATACATCGG,contig_1,3786306,3786315,INS346,SYN5,INS,-,3845371,3845371,3691319,3691328,42,42,28,28,10,3848463,3848463,3786306,3786315,new,new,new,new,new,new,new,new,2,0,0,0.0,0.0,10,10
contig_1,3870530,3870612,ccgccttctgcgtcgctacaatggattcgattcccctcgggccagagccaacaagatgagtagctcttcatgggtgaacggct,c,contig_1,3811475,3811475,DEL371,SYN5,DEL,-,3867438,3867520,3713397,3713397,-1,-1,-1,-1,83,3870530,3870612,3811475,3811475,NA,NA,NA,NA,NA,NA,NA,NA,0,0,0,0.0,0.0,83,83
contig_1,3943019,3945328,-,-,contig_1,3883879,3883879,DEL7,SYN5,DEL,-,3939927,3942236,3785801,3785801,43,44,29,29,2310,3943019,3945328,3883879,3883879,new,new,new,NA,new,new,new,new,2,0,0,0.0,0.0,2310,2310
