subject_id,query_id,q_start,q_end,s_start,s_end,alignment_length,evalue,Crossing,IS_strand,IS_pos,Complete,SyRI_genome_id,SyRI_prefix
MDS42(AP012306),IS1,1,3092,1275701,1272610,3092,0.0,False,reverse,1274155.5,True,0,L01-1
L01_Anc_m1,IS1,1,3092,560259,557167,3093,0.0,False,reverse,558713.0,True,1,L01-1
L01_Anc_m1,IS1,1,3092,1189410,1192502,3093,0.0,False,forward,1190956.0,True,1,L01-1
L01_Anc_m1,IS1,1,3092,1405123,1408215,3093,0.0,False,forward,1406669.0,True,1,L01-1
L01_Anc_m1,IS1,1,3092,1502322,1499230,3093,0.0,False,reverse,1500776.0,True,1,L01-1
L01_Anc_m1,IS1,1,3092,1988018,1991110,3093,0.0,False,forward,1989564.0,True,1,L01-1
L01_Anc_m1,IS1,1,3092,3376737,3373645,3093,0.0,False,reverse,3375191.0,True,1,L01-1
L01_Anc_m1,IS1,1,3092,480020,476928,3093,0.0,False,reverse,478474.0,True,1,L01-1
L01_Anc_m1,IS1,1,3092,2309577,2306486,3093,0.0,False,reverse,2308031.5,True,1,L01-1
L01_Anc_m1,IS1,1,3092,3965663,3968754,3093,0.0,False,forward,3967208.5,True,1,L01-1
L01_Anc_m1,IS1,1,3092,3866530,3869621,3092,0.0,False,forward,3868075.5,True,1,L01-1
L01_Anc_m1,IS1,1,1570,1187831,1189401,1571,0.0,False,forward,1188616.0,False,1,L01-1
L01_Anc_m1,IS1,1,1569,1503892,1502323,1570,0.0,False,reverse,1503107.5,False,1,L01-1
L01_Anc_m1,IS1,1,1569,1986448,1988017,1570,0.0,False,forward,1987232.5,False,1,L01-1
L01_Anc_m1,IS1,1,1569,2311148,2309578,1571,0.0,False,reverse,2310363.0,False,1,L01-1
L01_Anc_m1,IS1,1,1569,3964094,3965662,1570,0.0,False,forward,3964878.0,False,1,L01-1
L01-1_genome.2_m,IS1,1,3092,709590,706499,3092,0.0,False,reverse,708044.5,True,2,L01-1
L01-1_genome.2_m,IS1,1,3092,1406354,1409445,3092,0.0,False,forward,1407899.5,True,2,L01-1
L01-1_genome.2_m,IS1,1,3092,3383006,3379915,3092,0.0,False,reverse,3381460.5,True,2,L01-1
L01-1_genome.2_m,IS1,1,3092,2668732,2671823,3092,0.0,False,forward,2670277.5,True,2,L01-1
L01-1_genome.2_m,IS1,1,3092,555599,552507,3093,0.0,False,reverse,554053.0,True,2,L01-1
L01-1_genome.2_m,IS1,1,3092,1187533,1190625,3093,0.0,False,forward,1189079.0,True,2,L01-1
L01-1_genome.2_m,IS1,1,3092,1206783,1203691,3093,0.0,False,reverse,1205237.0,True,2,L01-1
L01-1_genome.2_m,IS1,1,3092,1503544,1500452,3093,0.0,False,reverse,1501998.0,True,2,L01-1
L01-1_genome.2_m,IS1,1,3092,1679878,1676786,3093,0.0,False,reverse,1678332.0,True,2,L01-1
L01-1_genome.2_m,IS1,1,3092,1957284,1960376,3093,0.0,False,forward,1958830.0,True,2,L01-1
L01-1_genome.2_m,IS1,1,3092,1995432,1998524,3093,0.0,False,forward,1996978.0,True,2,L01-1
L01-1_genome.2_m,IS1,1,3092,2316986,2313894,3093,0.0,False,reverse,2315440.0,True,2,L01-1
L01-1_genome.2_m,IS1,1,3092,3712439,3715531,3093,0.0,False,forward,3713985.0,True,2,L01-1
L01-1_genome.2_m,IS1,1,3092,3976587,3979679,3093,0.0,False,forward,3978133.0,True,2,L01-1
L01-1_genome.2_m,IS1,1,3092,479996,476905,3093,0.0,False,reverse,478450.5,True,2,L01-1
L01-1_genome.2_m,IS1,1,3092,3877459,3880550,3093,0.0,False,forward,3879004.5,True,2,L01-1
L01-1_genome.2_m,IS1,1,1569,1185963,1187532,1570,0.0,False,forward,1186747.5,False,2,L01-1
L01-1_genome.2_m,IS1,1,1569,1993862,1995431,1570,0.0,False,forward,1994646.5,False,2,L01-1
L01-1_genome.2_m,IS1,1,1569,2318556,2316987,1570,0.0,False,reverse,2317771.5,False,2,L01-1
L01-1_genome.2_m,IS1,1,1569,3710869,3712438,1570,0.0,False,forward,3711653.5,False,2,L01-1
L01-1_genome.2_m,IS1,1,1569,3975017,3976586,1570,0.0,False,forward,3975801.5,False,2,L01-1
L01-1_genome.2_m,IS1,1,1569,1505113,1503545,1569,0.0,False,reverse,1504329.0,False,2,L01-1
contig_1,IS1,1,3092,1395976,1392885,3092,0.0,False,reverse,1394430.5,True,3,L01-1
contig_1,IS1,1,3092,1921515,1924606,3092,0.0,False,forward,1923060.5,True,3,L01-1
contig_1,IS1,1,3092,2155789,2158880,3092,0.0,False,forward,2157334.5,True,3,L01-1
contig_1,IS1,1,3092,1376730,1379821,3092,0.0,False,forward,1378275.5,True,3,L01-1
contig_1,IS1,1,3092,480016,476924,3093,0.0,False,reverse,478470.0,True,3,L01-1
contig_1,IS1,1,3092,555156,552064,3093,0.0,False,reverse,553610.0,True,3,L01-1
contig_1,IS1,1,3092,709150,706058,3093,0.0,False,reverse,707604.0,True,3,L01-1
contig_1,IS1,1,3092,1412099,1415191,3093,0.0,False,forward,1413645.0,True,3,L01-1
contig_1,IS1,1,3092,1509290,1506198,3093,0.0,False,reverse,1507744.0,True,3,L01-1
contig_1,IS1,1,3092,1785661,1782569,3093,0.0,False,reverse,1784115.0,True,3,L01-1
contig_1,IS1,1,3092,2066564,2063472,3093,0.0,False,reverse,2065018.0,True,3,L01-1
contig_1,IS1,1,3092,2242816,2239724,3093,0.0,False,reverse,2241270.0,True,3,L01-1
contig_1,IS1,1,3092,2328957,2325865,3093,0.0,False,reverse,2327411.0,True,3,L01-1
contig_1,IS1,1,3092,2583286,2586378,3093,0.0,False,forward,2584832.0,True,3,L01-1
contig_1,IS1,1,3092,2737541,2734449,3093,0.0,False,reverse,2735995.0,True,3,L01-1
contig_1,IS1,1,3092,2992705,2995797,3093,0.0,False,forward,2994251.0,True,3,L01-1
contig_1,IS1,1,3092,3618366,3621458,3093,0.0,False,forward,3619912.0,True,3,L01-1
contig_1,IS1,1,3092,3885449,3888541,3093,0.0,False,forward,3886995.0,True,3,L01-1
contig_1,IS1,1,3092,1062227,1065319,3093,0.0,False,forward,1063773.0,True,3,L01-1
contig_1,IS1,1,3092,1802343,1805435,3093,0.0,False,forward,1803889.0,True,3,L01-1
contig_1,IS1,1,3092,3754921,3751828,3094,0.0,False,reverse,3753374.5,True,3,L01-1
contig_1,IS1,1,3092,1685073,1681982,3093,0.0,False,reverse,1683527.5,True,3,L01-1
contig_1,IS1,1,3092,1753941,1750850,3093,0.0,False,reverse,1752395.5,True,3,L01-1
contig_1,IS1,1,3092,1854895,1851804,3093,0.0,False,reverse,1853349.5,True,3,L01-1
contig_1,IS1,1,3092,2110187,2113278,3093,0.0,False,forward,2111732.5,True,3,L01-1
contig_1,IS1,1,3092,2979924,2976833,3093,0.0,False,reverse,2978378.5,True,3,L01-1
contig_1,IS1,1,3092,3288945,3285854,3093,0.0,False,reverse,3287399.5,True,3,L01-1
contig_1,IS1,1,3092,1190189,1193279,3092,0.0,False,forward,1191734.0,True,3,L01-1
contig_1,IS1,1,3092,3786317,3789407,3092,0.0,False,forward,3787862.0,True,3,L01-1
contig_1,IS1,1,3092,1884941,1888029,3092,0.0,False,forward,1886485.0,True,3,L01-1
contig_1,IS1,1,2119,2997916,2995798,2119,0.0,False,reverse,2996857.0,False,3,L01-1
contig_1,IS1,1,1569,1510860,1509291,1570,0.0,False,reverse,1510075.5,False,3,L01-1
contig_1,IS1,1,1569,2154219,2155788,1570,0.0,False,forward,2155003.5,False,3,L01-1
contig_1,IS1,1,1569,3616796,3618365,1570,0.0,False,forward,3617580.5,False,3,L01-1
contig_1,IS1,1,1569,1188620,1190188,1570,0.0,False,forward,1189404.0,False,3,L01-1
contig_1,IS1,1,1569,3883880,3885448,1570,0.0,False,forward,3884664.0,False,3,L01-1
