group,start,end,depth,length,start_fix,end_fix,is_start,is_end,line,gen_id
1,1,549437,1.0,549437,1,552530,-1,3,L01-1,2
2,549438,554384,0.0,4947,552531,560570,3,6,L01-1,2
3,554385,2633390,1.0,2079006,560571,2661330,6,21,L01-1,2
4,2633391,2637598,0.0,4208,2661331,2665538,21,22,L01-1,2
5,2637599,3965065,1.0,1327467,2665539,4003851,22,-1,L01-1,2
1,1,548975,1.0,548975,1,552068,-1,3,L01-1,3
2,548976,554385,0.0,5410,552069,560571,3,6,L01-1,3
3,554386,1656407,1.0,1102022,560572,1675021,6,17,L01-1,3
4,1656408,1657802,0.0,1395,1675022,1676416,17,18,L01-1,3
5,1657803,1768871,1.0,111069,1676417,1787485,18,21,L01-1,3
6,1768872,1769466,0.0,595,1787486,1788080,21,22,L01-1,3
7,1769467,1815841,1.0,46375,1788081,1834455,22,23,L01-1,3
8,1815842,1904307,0.0,88466,1834456,1922921,23,24,L01-1,3
9,1904308,2191251,1.0,286944,1922922,2214528,24,30,L01-1,3
10,2191252,2202360,0.0,11109,2214529,2225637,30,31,L01-1,3
11,2202361,2283209,1.0,80849,2225638,2311149,31,32,L01-1,3
12,2283210,2291514,0.0,8305,2311150,2319454,32,34,L01-1,3
13,2291515,2374568,1.0,83054,2319455,2402508,34,35,L01-1,3
14,2374569,2379053,0.0,4485,2402509,2406993,35,36,L01-1,3
15,2379054,2633391,1.0,254338,2406994,2661331,36,37,L01-1,3
16,2633392,2639187,0.0,5796,2661332,2667127,37,38,L01-1,3
17,2639188,3039318,1.0,400131,2667128,3067258,38,41,L01-1,3
18,3039319,3057756,0.0,18438,3067259,3085696,41,42,L01-1,3
19,3057757,3673573,1.0,615817,3085697,3704606,42,45,L01-1,3
20,3673574,3673734,0.0,161,3704607,3704767,45,46,L01-1,3
21,3673735,3965065,1.0,291331,3704768,4003851,46,-1,L01-1,3
1,1,528524,1.0,528524,1,531617,-1,3,L01-2,2
2,528525,554074,0.0,25550,531618,560260,3,4,L01-2,2
3,554075,565109,1.0,11035,560261,571295,4,6,L01-2,2
4,565110,581265,2.0,16156,571296,587451,6,7,L01-2,2
5,581266,1181644,1.0,600379,587452,1187830,7,8,L01-2,2
6,1181645,1184107,0.0,2463,1192503,1194965,8,10,L01-2,2
7,1184108,2283108,1.0,1099001,1194966,2306385,10,19,L01-2,2
8,2283109,2283210,0.0,102,2306386,2311150,19,20,L01-2,2
9,2283211,3492845,1.0,1209635,2311151,3523878,20,24,L01-2,2
10,3492846,3494004,0.0,1159,3523879,3525037,24,25,L01-2,2
11,3494005,3965065,1.0,471061,3525038,4003851,25,-1,L01-2,2
1,1,529718,1.0,529718,1,532811,-1,3,L01-2,3
2,529719,554074,0.0,24356,532812,560260,3,4,L01-2,3
3,554075,576496,1.0,22422,560261,582682,4,6,L01-2,3
4,576497,581275,2.0,4779,582683,587461,6,7,L01-2,3
5,581276,583138,0.0,1863,587462,589324,7,8,L01-2,3
6,583139,1181644,1.0,598506,589325,1187830,8,9,L01-2,3
7,1181645,1184108,0.0,2464,1192503,1194966,9,11,L01-2,3
8,1184109,2078598,1.0,894490,1194967,2101875,11,21,L01-2,3
9,2078599,2078830,0.0,232,2101876,2102107,21,22,L01-2,3
10,2078831,2283108,1.0,204278,2102108,2306385,22,23,L01-2,3
11,2283109,2283208,0.0,100,2306386,2306485,23,24,L01-2,3
12,2283209,3492845,1.0,1209637,2311149,3523878,24,31,L01-2,3
13,3492846,3494004,0.0,1159,3523879,3525037,31,32,L01-2,3
14,3494005,3689309,1.0,195305,3525038,3720342,32,33,L01-2,3
15,3689310,3716331,0.0,27022,3720343,3747364,33,34,L01-2,3
16,3716332,3835354,1.0,119023,3747365,3866387,34,36,L01-2,3
17,3835355,3835495,0.0,141,3866388,3866528,36,37,L01-2,3
18,3835496,3929950,1.0,94455,3866529,3964075,37,39,L01-2,3
19,3929951,3935378,0.0,5428,3964076,3974164,39,41,L01-2,3
20,3935379,3965065,1.0,29687,3974165,4003851,41,-1,L01-2,3
1,1,546067,1.0,546067,1,549160,-1,4,L01-3,2
2,546068,554348,0.0,8281,549161,560534,4,7,L01-3,2
3,554349,1175424,1.0,621076,560535,1181610,7,8,L01-3,2
4,1175425,1182262,0.0,6838,1181611,1193120,8,11,L01-3,2
5,1182263,1821331,1.0,639069,1193121,1839945,11,19,L01-3,2
6,1821332,1831092,0.0,9761,1839946,1849706,19,20,L01-3,2
7,1831093,3446720,1.0,1615628,1849707,3477753,20,31,L01-3,2
8,3446721,3448128,0.0,1408,3477754,3479161,31,32,L01-3,2
9,3448129,3965065,1.0,516937,3479162,4003851,32,-1,L01-3,2
1,1,546067,1.0,546067,1,549160,-1,4,L01-3,3
2,546068,554348,0.0,8281,549161,560534,4,7,L01-3,3
3,554349,1044828,1.0,490480,560535,1051014,7,8,L01-3,3
4,1044829,1045954,0.0,1126,1051015,1052140,8,9,L01-3,3
5,1045955,1175424,1.0,129470,1052141,1181610,9,10,L01-3,3
6,1175425,1182262,0.0,6838,1181611,1193120,10,13,L01-3,3
7,1182263,1557226,1.0,374964,1193121,1575840,13,18,L01-3,3
8,1557227,1558323,0.0,1097,1575841,1576937,18,19,L01-3,3
9,1558324,1808079,1.0,249756,1576938,1826693,19,21,L01-3,3
10,1808080,1808246,0.0,167,1826694,1826860,21,22,L01-3,3
11,1808247,1821331,1.0,13085,1826861,1839945,22,23,L01-3,3
12,1821332,1822245,0.0,914,1839946,1840859,23,24,L01-3,3
13,1822246,1954165,1.0,131920,1840860,1972779,24,25,L01-3,3
14,1954166,1967833,0.0,13668,1972780,1986447,25,26,L01-3,3
15,1967834,2283208,1.0,315375,1991111,2306485,26,28,L01-3,3
16,2283209,2291640,0.0,8432,2311149,2319580,28,30,L01-3,3
17,2291641,3116935,1.0,825295,2319581,3144875,30,35,L01-3,3
18,3116936,3117904,0.0,969,3144876,3145844,35,36,L01-3,3
19,3117905,3323105,1.0,205201,3145845,3351045,36,37,L01-3,3
20,3323106,3348323,0.0,25218,3351046,3379356,37,40,L01-3,3
21,3348324,3446720,1.0,98397,3379357,3477753,40,41,L01-3,3
22,3446721,3448128,0.0,1408,3477754,3479161,41,42,L01-3,3
23,3448129,3830940,1.0,382812,3479162,3861973,42,43,L01-3,3
24,3830941,3835496,0.0,4556,3861974,3866529,43,44,L01-3,3
25,3835497,3896098,1.0,60602,3869622,3930223,44,46,L01-3,3
26,3896099,3909608,0.0,13510,3930224,3943733,46,47,L01-3,3
27,3909609,3965065,1.0,55457,3943734,4003851,47,-1,L01-3,3
1,1,2283208,1.0,2283208,1,2306485,-1,17,L01-4,2
2,2283209,2309660,0.0,26452,2311149,2337600,17,19,L01-4,2
3,2309661,3965065,1.0,1655405,2337601,4003851,19,-1,L01-4,2
1,1,434054,1.0,434054,1,434054,-1,4,L01-4,3
2,434055,436237,0.0,2183,434055,436237,4,5,L01-4,3
3,436238,2283208,1.0,1846971,436238,2306485,5,23,L01-4,3
4,2283209,2309660,0.0,26452,2311149,2337600,23,25,L01-4,3
5,2309661,2547206,1.0,237546,2337601,2575146,25,27,L01-4,3
6,2547207,2548798,0.0,1592,2575147,2576738,27,28,L01-4,3
7,2548799,3338020,1.0,789222,2576739,3365960,28,32,L01-4,3
8,3338021,3345704,0.0,7684,3365961,3373644,32,33,L01-4,3
9,3345705,3446590,1.0,100886,3376738,3477623,33,35,L01-4,3
10,3446591,3447996,0.0,1406,3477624,3479029,35,36,L01-4,3
11,3447997,3835168,1.0,387172,3479030,3866201,36,37,L01-4,3
12,3835169,3835496,0.0,328,3866202,3866529,37,38,L01-4,3
13,3835497,3965065,1.0,129569,3869622,4003851,38,-1,L01-4,3
1,1,1232073,1.0,1232073,1,1232073,-1,2,L02-1,2
2,1232074,1232489,0.0,416,1232074,1232489,2,3,L02-1,2
3,1232490,1810176,1.0,577687,1232490,1819454,3,11,L02-1,2
4,1810177,1844962,0.0,34786,1819455,1854240,11,12,L02-1,2
5,1844963,3038436,1.0,1193474,1854241,3060085,12,22,L02-1,2
6,3038437,3039378,0.0,942,3060086,3061027,22,23,L02-1,2
7,3039379,3348558,1.0,309180,3064121,3373300,23,25,L02-1,2
8,3348559,3358599,0.0,10041,3376394,3386434,25,27,L02-1,2
9,3358600,3851229,1.0,492630,3386435,3894537,27,37,L02-1,2
10,3851230,3853634,0.0,2405,3894538,3900034,37,38,L02-1,2
11,3853635,3951002,1.0,97368,3900035,3997402,38,40,L02-1,2
12,3951003,3952154,0.0,1152,3997403,3998554,40,41,L02-1,2
13,3952155,3977353,1.0,25199,4001648,4026846,41,-1,L02-1,2
1,1,101579,1.0,101579,1,101579,-1,-1,L02-1,3
2,101580,101677,0.0,98,101580,101677,-1,-1,L02-1,3
3,101678,1232076,1.0,1130399,101678,1232076,-1,6,L02-1,3
4,1232077,1232490,0.0,414,1232077,1232490,6,7,L02-1,3
5,1232491,1272640,1.0,40150,1232491,1272640,7,8,L02-1,3
6,1272641,1512807,2.0,240167,1275734,1515900,8,11,L02-1,3
7,1512808,1656856,1.0,144049,1518993,1663041,11,13,L02-1,3
8,1656857,1658238,0.0,1382,1663042,1664423,13,14,L02-1,3
9,1658239,1810176,1.0,151938,1667517,1819454,14,17,L02-1,3
10,1810177,1844962,0.0,34786,1819455,1854240,17,18,L02-1,3
11,1844963,2283190,1.0,438228,1854241,2292468,18,20,L02-1,3
12,2283191,2294763,0.0,11573,2292469,2304041,20,21,L02-1,3
13,2294764,3038436,1.0,743673,2304042,3060085,21,31,L02-1,3
14,3038437,3039378,0.0,942,3060086,3061027,31,32,L02-1,3
15,3039379,3348558,1.0,309180,3064121,3373300,32,35,L02-1,3
16,3348559,3358599,0.0,10041,3376394,3386434,35,37,L02-1,3
17,3358600,3692158,1.0,333559,3386435,3726178,37,43,L02-1,3
18,3692159,3776311,0.0,84153,3726179,3810331,43,44,L02-1,3
19,3776312,3851229,1.0,74918,3813425,3894537,44,48,L02-1,3
20,3851230,3853634,0.0,2405,3894538,3900034,48,49,L02-1,3
21,3853635,3951003,1.0,97369,3900035,3997403,49,51,L02-1,3
22,3951004,3953664,0.0,2661,3997404,4003157,51,54,L02-1,3
23,3953665,3977353,1.0,23689,4003158,4026846,54,-1,L02-1,3
1,1,554066,1.0,554066,1,554066,-1,1,L02-2,2
2,554067,554747,0.0,681,554067,554747,1,2,L02-2,2
3,554748,2383268,1.0,1828521,554748,2395638,2,15,L02-2,2
4,2383269,2387361,0.0,4093,2395639,2399731,15,16,L02-2,2
5,2387362,3019843,1.0,632482,2399732,3041492,16,24,L02-2,2
6,3019844,3039376,0.0,19533,3041493,3061025,24,25,L02-2,2
7,3039377,3699635,1.0,660259,3061026,3733655,25,33,L02-2,2
8,3699636,3714615,0.0,14980,3733656,3748635,33,34,L02-2,2
9,3714616,3776310,1.0,61695,3748636,3810330,34,35,L02-2,2
10,3776311,3792813,2.0,16503,3810331,3829926,35,37,L02-2,2
11,3792814,3853625,1.0,60812,3836122,3896933,37,40,L02-2,2
12,3853626,3854074,0.0,449,3896934,3900474,40,42,L02-2,2
13,3854075,3952152,1.0,98078,3900475,3998552,42,43,L02-2,2
14,3952153,3952898,0.0,746,3998553,4002391,43,45,L02-2,2
15,3952899,3977353,1.0,24455,4002392,4026846,45,-1,L02-2,2
1,1,554066,1.0,554066,1,554066,-1,1,L02-2,3
2,554067,554747,0.0,681,554067,554747,1,2,L02-2,3
3,554748,2294766,1.0,1740019,554748,2304044,2,14,L02-2,3
4,2294767,2296417,0.0,1651,2307137,2308787,14,16,L02-2,3
5,2296418,2383269,1.0,86852,2308788,2395639,16,17,L02-2,3
6,2383270,2387362,0.0,4093,2395640,2399732,17,18,L02-2,3
7,2387363,2425365,1.0,38003,2402826,2440828,18,20,L02-2,3
8,2425366,2797714,2.0,372349,2440829,2816270,20,24,L02-2,3
9,2797715,3019843,1.0,222129,2816271,3041492,24,27,L02-2,3
10,3019844,3039376,0.0,19533,3041493,3061025,27,28,L02-2,3
11,3039377,3348558,1.0,309182,3061026,3373300,28,30,L02-2,3
12,3348559,3349238,0.0,680,3376394,3377073,30,32,L02-2,3
13,3349239,3699635,1.0,350397,3377074,3733655,32,37,L02-2,3
14,3699636,3716776,0.0,17141,3733656,3750796,37,38,L02-2,3
15,3716777,3853625,1.0,136849,3750797,3896933,38,44,L02-2,3
16,3853626,3854074,0.0,449,3896934,3900474,44,46,L02-2,3
17,3854075,3952152,1.0,98078,3900475,3998552,46,47,L02-2,3
18,3952153,3952898,0.0,746,3998553,4002391,47,49,L02-2,3
19,3952899,3977353,1.0,24455,4002392,4026846,49,-1,L02-2,3
1,1,1214066,1.0,1214066,1,1214066,-1,3,L02-3,2
2,1214067,1232094,0.0,18028,1214067,1232094,3,4,L02-3,2
3,1232095,1658237,1.0,426143,1232095,1664422,4,10,L02-3,2
4,1658238,1658799,0.0,562,1664423,1668077,10,12,L02-3,2
5,1658800,2387362,1.0,728563,1668078,2399732,12,17,L02-3,2
6,2387363,2389162,0.0,1800,2402826,2404625,17,19,L02-3,2
7,2389163,2557187,1.0,168025,2404626,2572650,19,20,L02-3,2
8,2557188,2574834,0.0,17647,2572651,2590297,20,21,L02-3,2
9,2574835,3348556,1.0,773722,2590298,3373298,21,29,L02-3,2
10,3348557,3349063,0.0,507,3373299,3376898,29,31,L02-3,2
11,3349064,3756953,1.0,407890,3376899,3790973,31,37,L02-3,2
12,3756954,3776310,0.0,19357,3790974,3810330,37,38,L02-3,2
13,3776311,3977353,1.0,201043,3810331,4026846,38,-1,L02-3,2
1,1,1098869,1.0,1098869,1,1098869,-1,2,L02-3,3
2,1098870,1113789,0.0,14920,1098870,1113789,2,3,L02-3,3
3,1113790,1214066,1.0,100277,1113790,1214066,3,5,L02-3,3
4,1214067,1232096,0.0,18030,1214067,1232096,5,6,L02-3,3
5,1232097,1658237,1.0,426141,1232097,1664422,6,12,L02-3,3
6,1658238,1658799,0.0,562,1664423,1668077,12,14,L02-3,3
7,1658800,2362436,1.0,703637,1668078,2374806,14,20,L02-3,3
8,2362437,2389163,0.0,26727,2374807,2404626,20,23,L02-3,3
9,2389164,2557187,2.0,168024,2404627,2572650,23,24,L02-3,3
10,2557188,2574834,0.0,17647,2572651,2590297,24,25,L02-3,3
11,2574835,2663935,2.0,89101,2590298,2679398,25,26,L02-3,3
12,2663936,3348556,1.0,684621,2682492,3373298,26,33,L02-3,3
13,3348557,3349063,0.0,507,3373299,3376898,33,35,L02-3,3
14,3349064,3756953,1.0,407890,3376899,3790973,35,41,L02-3,3
15,3756954,3776310,0.0,19357,3790974,3810330,41,42,L02-3,3
16,3776311,3952156,1.0,175846,3810331,4001649,42,48,L02-3,3
17,3952157,3954161,0.0,2005,4001650,4003654,48,50,L02-3,3
18,3954162,3977353,1.0,23192,4003655,4026846,50,-1,L02-3,3
1,1,1190355,1.0,1190355,1,1190355,-1,-1,L02-4,2
2,1190356,1190464,0.0,109,1190356,1190464,-1,-1,L02-4,2
3,1190465,2329068,1.0,1138604,1190465,2341438,-1,15,L02-4,2
4,2329069,2387362,0.0,58294,2341439,2399732,15,16,L02-4,2
5,2387363,3135390,1.0,748028,2402826,3160132,16,26,L02-4,2
6,3135391,3144870,0.0,9480,3160133,3169612,26,27,L02-4,2
7,3144871,3330774,1.0,185904,3169613,3355516,27,28,L02-4,2
8,3330775,3362205,0.0,31431,3355517,3390040,28,31,L02-4,2
9,3362206,3789842,1.0,427637,3390041,3826955,31,39,L02-4,2
10,3789843,3792812,0.0,2970,3826956,3829925,39,40,L02-4,2
11,3792813,3894552,1.0,101740,3829926,3940952,40,45,L02-4,2
12,3894553,3895629,0.0,1077,3940953,3942029,45,46,L02-4,2
13,3895630,3977353,1.0,81724,3942030,4026846,46,-1,L02-4,2
1,1,137380,1.0,137380,1,137380,-1,1,L02-4,3
2,137381,144380,0.0,7000,137381,144380,1,2,L02-4,3
3,144381,1190355,1.0,1045975,144381,1190355,2,-1,L02-4,3
4,1190356,1190464,0.0,109,1190356,1190464,-1,-1,L02-4,3
5,1190465,2174294,1.0,983830,1190465,2183572,-1,15,L02-4,3
6,2174295,2183404,0.0,9110,2183573,2192682,15,16,L02-4,3
7,2183405,2294766,1.0,111362,2192683,2304044,16,18,L02-4,3
8,2294767,2301229,0.0,6463,2307137,2313599,18,20,L02-4,3
9,2301230,2329068,1.0,27839,2313600,2341438,20,21,L02-4,3
10,2329069,2387362,0.0,58294,2341439,2399732,21,22,L02-4,3
11,2387363,2599653,1.0,212291,2402826,2615116,22,25,L02-4,3
12,2599654,2663937,2.0,64284,2615117,2682493,25,26,L02-4,3
13,2663938,3119170,1.0,455233,2682494,3143912,26,32,L02-4,3
14,3119171,3123938,0.0,4768,3143913,3148680,32,33,L02-4,3
15,3123939,3134203,1.0,10265,3148681,3158945,33,34,L02-4,3
16,3134204,3144872,0.0,10669,3158946,3169614,34,35,L02-4,3
17,3144873,3330774,1.0,185902,3169615,3355516,35,36,L02-4,3
18,3330775,3362205,0.0,31431,3355517,3390040,36,39,L02-4,3
19,3362206,3573664,1.0,211459,3390041,3604591,39,42,L02-4,3
20,3573665,3574573,0.0,909,3604592,3605500,42,43,L02-4,3
21,3574574,3789842,1.0,215269,3605501,3826955,43,48,L02-4,3
22,3789843,3792812,0.0,2970,3826956,3829925,48,49,L02-4,3
23,3792813,3842794,1.0,49982,3829926,3886102,49,52,L02-4,3
24,3842795,3842983,0.0,189,3886103,3886291,52,53,L02-4,3
25,3842984,3889537,1.0,46554,3886292,3935937,53,56,L02-4,3
26,3889538,3895628,0.0,6091,3935938,3942028,56,57,L02-4,3
27,3895629,3912138,1.0,16510,3942029,3958538,57,58,L02-4,3
28,3912139,3912793,0.0,655,3958539,3959193,58,59,L02-4,3
29,3912794,3951895,1.0,39102,3959194,3998295,59,60,L02-4,3
30,3951896,3957714,0.0,5819,3998296,4007207,60,63,L02-4,3
31,3957715,3977353,1.0,19639,4007208,4026846,63,-1,L02-4,3
1,1,3916002,1.0,3916002,1,3945915,-1,-1,L03-1,2
1,1,493532,1.0,493532,1,496624,-1,-1,L03-1,3
2,493533,494595,0.0,1063,496625,497687,-1,-1,L03-1,3
3,494596,1028901,1.0,534306,497688,1031993,-1,4,L03-1,3
4,1028902,1044915,0.0,16014,1031994,1048007,4,5,L03-1,3
5,1044916,1334031,1.0,289116,1048008,1343309,5,10,L03-1,3
6,1334032,1345470,0.0,11439,1343310,1354748,10,11,L03-1,3
7,1345471,1860257,1.0,514787,1354749,1872627,11,15,L03-1,3
8,1860258,1860613,0.0,356,1872628,1872983,15,16,L03-1,3
9,1860614,2023632,1.0,163019,1872984,2041173,16,19,L03-1,3
10,2023633,2028552,0.0,4920,2041174,2046093,19,20,L03-1,3
11,2028553,2371571,1.0,343019,2046094,2389112,20,21,L03-1,3
12,2371572,2371788,0.0,217,2389113,2389329,21,22,L03-1,3
13,2371789,3396784,1.0,1024996,2389330,3423604,22,28,L03-1,3
14,3396785,3416143,0.0,19359,3423605,3442963,28,30,L03-1,3
15,3416144,3916002,1.0,499859,3442964,3945915,30,-1,L03-1,3
1,1,1106962,1.0,1106962,1,1110054,-1,8,L03-2,2
2,1106963,1107323,0.0,361,1113148,1113508,8,10,L03-2,2
3,1107324,2004108,1.0,896785,1113509,2021649,10,17,L03-2,2
4,2004109,2009833,0.0,5725,2021650,2027374,17,18,L03-2,2
5,2009834,2300519,1.0,290686,2027375,2318060,18,19,L03-2,2
6,2300520,2301252,0.0,733,2318061,2318793,19,20,L03-2,2
7,2301253,3916002,1.0,1614750,2318794,3945915,20,-1,L03-2,2
1,1,309827,1.0,309827,1,312919,-1,4,L03-2,3
2,309828,310148,0.0,321,312920,313240,4,5,L03-2,3
3,310149,1106962,1.0,796814,313241,1110054,5,9,L03-2,3
4,1106963,1107323,0.0,361,1113148,1113508,9,11,L03-2,3
5,1107324,2004108,1.0,896785,1113509,2021649,11,19,L03-2,3
6,2004109,2009833,0.0,5725,2021650,2027374,19,20,L03-2,3
7,2009834,2300350,1.0,290517,2027375,2317891,20,22,L03-2,3
8,2300351,2301249,0.0,899,2317892,2318790,22,23,L03-2,3
9,2301250,3417125,1.0,1115876,2318791,3443945,23,31,L03-2,3
10,3417126,3465446,2.0,48321,3443946,3492266,31,32,L03-2,3
11,3465447,3916002,1.0,450556,3492267,3945915,32,-1,L03-2,3
1,1,1656889,1.0,1656889,1,1669259,-1,11,L03-3,2
2,1656890,1679621,0.0,22732,1669260,1691991,11,13,L03-3,2
3,1679622,1860374,1.0,180753,1691992,1872744,13,14,L03-3,2
4,1860375,1860615,0.0,241,1872745,1872985,14,15,L03-3,2
5,1860616,1892934,2.0,32319,1878157,1910475,15,17,L03-3,2
6,1892935,3396347,1.0,1503413,1910476,3420074,17,27,L03-3,2
7,3396348,3399061,0.0,2714,3420075,3425881,27,30,L03-3,2
8,3399062,3465934,1.0,66873,3425882,3492754,30,31,L03-3,2
9,3465935,3466644,0.0,710,3492755,3493464,31,32,L03-3,2
10,3466645,3857161,1.0,390517,3493465,3887074,32,33,L03-3,2
11,3857162,3859933,0.0,2772,3887075,3889846,33,35,L03-3,2
12,3859934,3916002,1.0,56069,3889847,3945915,35,-1,L03-3,2
1,1,1656889,1.0,1656889,1,1669259,-1,14,L03-3,3
2,1656890,1679621,0.0,22732,1669260,1691991,14,16,L03-3,3
3,1679622,1860374,1.0,180753,1691992,1872744,16,17,L03-3,3
4,1860375,1860615,0.0,241,1872745,1872985,17,18,L03-3,3
5,1860616,2375384,1.0,514769,1878157,2392925,18,21,L03-3,3
6,2375385,2376933,0.0,1549,2392926,2394474,21,22,L03-3,3
7,2376934,2945833,1.0,568900,2394475,2969560,22,29,L03-3,3
8,2945834,2957924,0.0,12091,2969561,2981651,29,30,L03-3,3
9,2957925,2972269,1.0,14345,2981652,2995996,30,31,L03-3,3
10,2972270,2973074,0.0,805,2995997,2996801,31,32,L03-3,3
11,2973075,3069110,1.0,96036,2996802,3092837,32,33,L03-3,3
12,3069111,3086698,0.0,17588,3092838,3110425,33,34,L03-3,3
13,3086699,3241172,1.0,154474,3110426,3264899,34,35,L03-3,3
14,3241173,3241551,0.0,379,3264900,3265278,35,36,L03-3,3
15,3241552,3396347,1.0,154796,3265279,3420074,36,38,L03-3,3
16,3396348,3399061,0.0,2714,3420075,3425881,38,41,L03-3,3
17,3399062,3465934,1.0,66873,3425882,3492754,41,42,L03-3,3
18,3465935,3466644,0.0,710,3492755,3493464,42,43,L03-3,3
19,3466645,3587806,1.0,121162,3493465,3614626,43,44,L03-3,3
20,3587807,3616851,0.0,29045,3614627,3643671,44,45,L03-3,3
21,3616852,3857160,1.0,240309,3643672,3883980,45,46,L03-3,3
22,3857161,3859924,0.0,2764,3887074,3889837,46,48,L03-3,3
23,3859925,3916002,1.0,56078,3889838,3945915,48,-1,L03-3,3
1,1,3916002,1.0,3916002,1,3945915,-1,-1,L03-4,2
1,1,1799174,1.0,1799174,1,1811544,-1,15,L03-4,3
2,1799175,1860615,0.0,61441,1811545,1872985,15,16,L03-4,3
3,1860616,2557972,1.0,697357,1878157,2578606,16,27,L03-4,3
4,2557973,2605270,3.0,47298,2578607,2628997,27,29,L03-4,3
5,2605271,3916002,1.0,1310732,2628998,3945915,29,-1,L03-4,3
1,1,24530,1.0,24530,1,24530,-1,1,L04-1,2
2,24531,59443,2.0,34913,24531,59443,1,2,L04-1,2
3,59444,356712,1.0,297269,59444,359804,2,5,L04-1,2
4,356713,357365,0.0,653,359805,360457,5,6,L04-1,2
5,357366,1925403,1.0,1568038,363551,1950146,6,21,L04-1,2
6,1925404,1926577,0.0,1174,1950147,1951320,21,22,L04-1,2
7,1926578,2983996,1.0,1057419,1954414,3021110,22,32,L04-1,2
8,2983997,3007109,0.0,23113,3021111,3044223,32,33,L04-1,2
9,3007110,3179998,1.0,172889,3047317,3220205,33,35,L04-1,2
10,3179999,3180894,0.0,896,3220206,3221101,35,36,L04-1,2
11,3180895,3583153,1.0,402259,3221102,3623360,36,37,L04-1,2
12,3583154,3586617,0.0,3464,3623361,3626824,37,38,L04-1,2
13,3586618,3949534,1.0,362917,3629918,3992834,38,-1,L04-1,2
1,1,118466,1.0,118466,1,118466,-1,1,L04-1,3
2,118467,118826,0.0,360,121559,121918,1,3,L04-1,3
3,118827,355979,1.0,237153,121919,359071,3,4,L04-1,3
4,355980,357365,0.0,1386,359072,360457,4,5,L04-1,3
5,357366,482521,1.0,125156,363551,488706,5,7,L04-1,3
6,482522,484753,0.0,2232,488707,490938,7,8,L04-1,3
7,484754,1925403,1.0,1440650,494032,1950146,8,23,L04-1,3
8,1925404,1926577,0.0,1174,1950147,1951320,23,24,L04-1,3
9,1926578,1945921,1.0,19344,1954414,1973757,24,26,L04-1,3
10,1945922,1949876,0.0,3955,1973758,1977712,26,27,L04-1,3
11,1949877,2270723,1.0,320847,1977713,2301652,27,31,L04-1,3
12,2270724,2287889,0.0,17166,2301653,2318818,31,32,L04-1,3
13,2287890,2638277,1.0,350388,2318819,2675391,32,36,L04-1,3
14,2638278,2638852,0.0,575,2675392,2675966,36,37,L04-1,3
15,2638853,3088590,1.0,449738,2675967,3128797,37,40,L04-1,3
16,3088591,3093787,0.0,5197,3128798,3133994,40,41,L04-1,3
17,3093788,3179998,1.0,86211,3133995,3220205,41,42,L04-1,3
18,3179999,3180894,0.0,896,3220206,3221101,42,43,L04-1,3
19,3180895,3583153,1.0,402259,3221102,3623360,43,45,L04-1,3
20,3583154,3586617,0.0,3464,3623361,3626824,45,46,L04-1,3
21,3586618,3949534,1.0,362917,3629918,3992834,46,-1,L04-1,3
1,1,116142,1.0,116142,1,116142,-1,1,L04-2,2
2,116143,118466,0.0,2324,116143,118466,1,2,L04-2,2
3,118467,484219,1.0,365753,121559,490404,2,6,L04-2,2
4,484220,484753,0.0,534,490405,490938,6,7,L04-2,2
5,484754,762208,1.0,277455,494032,774579,7,11,L04-2,2
6,762209,762622,0.0,414,774580,778086,11,13,L04-2,2
7,762623,2182351,1.0,1419729,778087,2210187,13,24,L04-2,2
8,2182352,2182894,0.0,543,2210188,2210730,24,25,L04-2,2
9,2182895,2399944,1.0,217050,2210731,2433965,25,31,L04-2,2
10,2399945,2400886,0.0,942,2437059,2438000,31,33,L04-2,2
11,2400887,3007109,1.0,606223,2438001,3044223,33,34,L04-2,2
12,3007110,3011187,0.0,4078,3047317,3051394,34,36,L04-2,2
13,3011188,3577077,1.0,565890,3051395,3617284,36,38,L04-2,2
14,3577078,3586617,0.0,9540,3617285,3626824,38,39,L04-2,2
15,3586618,3949534,1.0,362917,3629918,3992834,39,-1,L04-2,2
1,1,116142,1.0,116142,1,116142,-1,1,L04-2,3
2,116143,118466,0.0,2324,116143,118466,1,2,L04-2,3
3,118467,296548,1.0,178082,121559,299640,2,4,L04-2,3
4,296549,326272,0.0,29724,299641,329364,4,5,L04-2,3
5,326273,349920,1.0,23648,329365,353012,5,6,L04-2,3
6,349921,358729,0.0,8809,353013,364914,6,9,L04-2,3
7,358730,484219,1.0,125490,364915,490404,9,10,L04-2,3
8,484220,484753,0.0,534,490405,490938,10,11,L04-2,3
9,484754,762208,1.0,277455,494032,774579,11,15,L04-2,3
10,762209,762622,0.0,414,774580,778086,15,17,L04-2,3
11,762623,1054842,1.0,292220,778087,1070306,17,18,L04-2,3
12,1054843,1058022,0.0,3180,1070307,1073486,18,19,L04-2,3
13,1058023,1182063,1.0,124041,1076580,1200620,19,21,L04-2,3
14,1182064,1183554,0.0,1491,1200621,1202111,21,22,L04-2,3
15,1183555,2182351,1.0,998797,1202112,2210187,22,32,L04-2,3
16,2182352,2182894,0.0,543,2210188,2210730,32,33,L04-2,3
17,2182895,2212385,1.0,29491,2210731,2243314,33,34,L04-2,3
18,2212386,2212930,0.0,545,2243315,2243859,34,36,L04-2,3
19,2212931,2399944,1.0,187014,2243860,2433965,36,40,L04-2,3
20,2399945,2409730,0.0,9786,2437059,2446844,40,42,L04-2,3
21,2409731,2991797,1.0,582067,2446845,3028911,42,46,L04-2,3
22,2991798,3011187,0.0,19390,3028912,3051394,46,49,L04-2,3
23,3011188,3577077,1.0,565890,3051395,3617284,49,52,L04-2,3
24,3577078,3586617,0.0,9540,3617285,3626824,52,53,L04-2,3
25,3586618,3730293,1.0,143676,3629918,3773593,53,55,L04-2,3
26,3730294,3734429,0.0,4136,3773594,3777729,55,56,L04-2,3
27,3734430,3866748,1.0,132319,3777730,3910048,56,57,L04-2,3
28,3866749,3899577,0.0,32829,3910049,3942877,57,58,L04-2,3
29,3899578,3949534,1.0,49957,3942878,3992834,58,-1,L04-2,3
1,1,349525,1.0,349525,1,352617,-1,4,L04-3,2
2,349526,399012,0.0,49487,352618,405197,4,7,L04-3,2
3,399013,1244918,1.0,845906,405198,1263475,7,18,L04-3,2
4,1244919,1407725,2.0,162807,1266569,1429375,18,20,L04-3,2
5,1407726,1535163,1.0,127438,1432469,1559906,20,-1,L04-3,2
6,1535164,1535270,0.0,107,1559907,1560013,-1,-1,L04-3,2
7,1535271,3007109,1.0,1471839,1560014,3044223,-1,36,L04-3,2
8,3007110,3178432,2.0,171323,3047317,3218639,36,38,L04-3,2
9,3178433,3178885,0.0,453,3218640,3219092,38,39,L04-3,2
10,3178886,3585835,1.0,406950,3219093,3626042,39,40,L04-3,2
11,3585836,3586617,0.0,782,3626043,3626824,40,41,L04-3,2
12,3586618,3949534,1.0,362917,3629918,3992834,41,-1,L04-3,2
1,1,349525,1.0,349525,1,352617,-1,5,L04-3,3
2,349526,399012,0.0,49487,352618,405197,5,8,L04-3,3
3,399013,1535163,1.0,1136151,405198,1559906,8,-1,L04-3,3
4,1535164,1535270,0.0,107,1559907,1560013,-1,-1,L04-3,3
5,1535271,3007109,1.0,1471839,1560014,3044223,-1,37,L04-3,3
6,3007110,3178438,2.0,171329,3047317,3218645,37,40,L04-3,3
7,3178439,3178883,0.0,445,3218646,3219090,40,41,L04-3,3
8,3178884,3585835,1.0,406952,3219091,3626042,41,43,L04-3,3
9,3585836,3586617,0.0,782,3626043,3626824,43,44,L04-3,3
10,3586618,3949534,1.0,362917,3629918,3992834,44,-1,L04-3,3
1,1,357261,1.0,357261,1,360353,-1,3,L04-4,2
2,357262,359111,0.0,1850,360354,365296,3,6,L04-4,2
3,359112,474212,1.0,115101,365297,480397,6,7,L04-4,2
4,474213,484753,0.0,10541,480398,490938,7,8,L04-4,2
5,484754,1512825,1.0,1028072,494032,1537568,8,21,L04-4,2
6,1512826,1514509,0.0,1684,1537569,1539252,21,22,L04-4,2
7,1514510,1879770,1.0,365261,1539253,1904513,22,24,L04-4,2
8,1879771,1885732,0.0,5962,1904514,1910475,24,25,L04-4,2
9,1885733,2101863,1.0,216131,1910476,2129699,25,28,L04-4,2
10,2101864,2102317,0.0,454,2129700,2130153,28,29,L04-4,2
11,2102318,2346104,1.0,243787,2130154,2380125,29,34,L04-4,2
12,2346105,2358525,0.0,12421,2380126,2392546,34,35,L04-4,2
13,2358526,2399944,2.0,41419,2392547,2433965,35,36,L04-4,2
14,2399945,3583197,1.0,1183253,2437059,3623404,36,41,L04-4,2
15,3583198,3586824,0.0,3627,3623405,3630124,41,44,L04-4,2
16,3586825,3949534,1.0,362710,3630125,3992834,44,-1,L04-4,2
1,1,349670,1.0,349670,1,352762,-1,3,L04-4,3
2,349671,359111,0.0,9441,352763,365296,3,6,L04-4,3
3,359112,473851,1.0,114740,365297,480036,6,7,L04-4,3
4,473852,484753,0.0,10902,480037,490938,7,8,L04-4,3
5,484754,1512825,1.0,1028072,494032,1537568,8,22,L04-4,3
6,1512826,1514509,0.0,1684,1537569,1539252,22,23,L04-4,3
7,1514510,1794639,1.0,280130,1539253,1819382,23,25,L04-4,3
8,1794640,1879761,0.0,85122,1819383,1904504,25,26,L04-4,3
9,1879762,2101863,1.0,222102,1904505,2129699,26,29,L04-4,3
10,2101864,2102317,0.0,454,2129700,2130153,29,30,L04-4,3
11,2102318,2237250,1.0,134933,2130154,2268179,30,33,L04-4,3
12,2237251,2243919,0.0,6669,2268180,2274848,33,34,L04-4,3
13,2243920,2346105,1.0,102186,2274849,2380126,34,38,L04-4,3
14,2346106,2358525,0.0,12420,2380127,2392546,38,39,L04-4,3
15,2358526,2399944,4.0,41419,2392547,2433965,39,40,L04-4,3
16,2399945,2550767,1.0,150823,2437059,2587881,40,42,L04-4,3
17,2550768,2552003,0.0,1236,2587882,2589117,42,43,L04-4,3
18,2552004,3007103,1.0,455100,2589118,3044217,43,45,L04-4,3
19,3007104,3097198,2.0,90095,3044218,3137405,45,47,L04-4,3
20,3097199,3130764,0.0,33566,3137406,3170971,47,48,L04-4,3
21,3130765,3583197,1.0,452433,3170972,3623404,48,51,L04-4,3
22,3583198,3586824,0.0,3627,3623405,3630124,51,54,L04-4,3
23,3586825,3687063,1.0,100239,3630125,3730363,54,56,L04-4,3
24,3687064,3690910,0.0,3847,3730364,3734210,56,57,L04-4,3
25,3690911,3742108,1.0,51198,3734211,3785408,57,-1,L04-4,3
26,3742109,3742210,0.0,102,3785409,3785510,-1,-1,L04-4,3
27,3742211,3949534,1.0,207324,3785511,3992834,-1,-1,L04-4,3
1,1,143395,1.0,143395,1,143395,-1,1,L05-1,2
2,143396,144160,0.0,765,143396,144160,1,2,L05-1,2
3,144161,2045821,1.0,1901661,144161,2061280,2,16,L05-1,2
4,2045822,2046128,0.0,307,2064373,2064679,16,18,L05-1,2
5,2046129,2224776,1.0,178648,2064680,2243327,18,19,L05-1,2
6,2224777,2226718,0.0,1942,2243328,2245269,19,20,L05-1,2
7,2226719,2507089,1.0,280371,2245270,2525640,20,23,L05-1,2
8,2507090,2508706,0.0,1617,2528733,2530349,23,25,L05-1,2
9,2508707,3439889,1.0,931183,2530350,3467718,25,32,L05-1,2
10,3439890,3447843,0.0,7954,3467719,3478764,32,35,L05-1,2
11,3447844,3916230,1.0,468387,3478765,3947151,35,-1,L05-1,2
1,1,1857837,1.0,1857837,1,1870204,-1,12,L05-1,3
2,1857838,1858933,0.0,1096,1870205,1871300,12,13,L05-1,3
3,1858934,1913743,1.0,54810,1871301,1926110,13,14,L05-1,3
4,1913744,1925400,0.0,11657,1926111,1937767,14,15,L05-1,3
5,1925401,2045821,1.0,120421,1937768,2061280,15,17,L05-1,3
6,2045822,2046128,0.0,307,2064373,2064679,17,19,L05-1,3
7,2046129,2160705,1.0,114577,2064680,2179256,19,20,L05-1,3
8,2160706,2162812,0.0,2107,2179257,2181363,20,21,L05-1,3
9,2162813,2224776,1.0,61964,2181364,2243327,21,22,L05-1,3
10,2224777,2226718,0.0,1942,2243328,2245269,22,23,L05-1,3
11,2226719,2352366,1.0,125648,2245270,2370917,23,24,L05-1,3
12,2352367,2357740,0.0,5374,2370918,2376291,24,25,L05-1,3
13,2357741,2507089,1.0,149349,2376292,2525640,25,27,L05-1,3
14,2507090,2508706,0.0,1617,2528733,2530349,27,29,L05-1,3
15,2508707,3188472,1.0,679766,2530350,3213208,29,33,L05-1,3
16,3188473,3200175,0.0,11703,3216302,3228004,33,35,L05-1,3
17,3200176,3439889,1.0,239714,3228005,3467718,35,37,L05-1,3
18,3439890,3447843,0.0,7954,3467719,3478764,37,40,L05-1,3
19,3447844,3916230,1.0,468387,3478765,3947151,40,-1,L05-1,3
1,1,118237,1.0,118237,1,118237,-1,1,L05-2,2
2,118238,120255,0.0,2018,118238,120255,1,2,L05-2,2
3,120256,847275,1.0,727020,120256,847275,2,4,L05-2,2
4,847276,848741,0.0,1466,850369,851834,4,6,L05-2,2
5,848742,1066050,1.0,217309,851835,1069143,6,7,L05-2,2
6,1066051,1066492,0.0,442,1069144,1069585,7,8,L05-2,2
7,1066493,1907220,1.0,840728,1069586,1919587,8,18,L05-2,2
8,1907221,1907780,2.0,560,1919588,1920147,18,19,L05-2,2
9,1907781,1925789,1.0,18009,1920148,1938156,19,20,L05-2,2
10,1925790,1937778,0.0,11989,1941249,1953237,20,22,L05-2,2
11,1937779,2046208,1.0,108430,1953238,2061667,22,23,L05-2,2
12,2046209,2046701,0.0,493,2061668,2065252,23,25,L05-2,2
13,2046702,2124948,1.0,78247,2065253,2143499,25,26,L05-2,2
14,2124949,2125467,0.0,519,2143500,2144018,26,27,L05-2,2
15,2125468,2507477,1.0,382010,2144019,2526028,27,30,L05-2,2
16,2507478,2533100,0.0,25623,2529121,2554743,30,32,L05-2,2
17,2533101,2959665,1.0,426565,2554744,2981308,32,33,L05-2,2
18,2959666,2962347,0.0,2682,2984402,2987083,33,35,L05-2,2
19,2962348,3447240,1.0,484893,2987084,3475069,35,40,L05-2,2
20,3447241,3452210,0.0,4970,3475070,3483131,40,43,L05-2,2
21,3452211,3916618,1.0,464408,3483132,3947539,43,-1,L05-2,2
1,1,118237,1.0,118237,1,118237,-1,1,L05-2,3
2,118238,120255,0.0,2018,118238,120255,1,2,L05-2,3
3,120256,847275,1.0,727020,120256,847275,2,5,L05-2,3
4,847276,848741,0.0,1466,850369,851834,5,7,L05-2,3
5,848742,1344483,1.0,495742,851835,1353759,7,16,L05-2,3
6,1344484,1357588,0.0,13105,1353760,1366864,16,17,L05-2,3
7,1357589,1895720,1.0,538132,1366865,1908087,17,22,L05-2,3
8,1895721,1895910,0.0,190,1908088,1908277,22,23,L05-2,3
9,1895911,1907220,1.0,11310,1908278,1919587,23,24,L05-2,3
10,1907221,1907780,2.0,560,1919588,1920147,24,25,L05-2,3
11,1907781,1925789,1.0,18009,1920148,1938156,25,26,L05-2,3
12,1925790,1937778,0.0,11989,1941249,1953237,26,28,L05-2,3
13,1937779,2013889,1.0,76111,1953238,2029348,28,29,L05-2,3
14,2013890,2024997,0.0,11108,2029349,2040456,29,30,L05-2,3
15,2024998,2046208,1.0,21211,2040457,2061667,30,31,L05-2,3
16,2046209,2046701,0.0,493,2061668,2065252,31,33,L05-2,3
17,2046702,2123827,1.0,77126,2065253,2142378,33,35,L05-2,3
18,2123828,2125467,0.0,1640,2142379,2144018,35,36,L05-2,3
19,2125468,2222698,1.0,97231,2144019,2241249,36,37,L05-2,3
20,2222699,2223053,0.0,355,2241250,2241604,37,38,L05-2,3
21,2223054,2507477,1.0,284424,2241605,2526028,38,40,L05-2,3
22,2507478,2533100,0.0,25623,2529121,2554743,40,42,L05-2,3
23,2533101,2615421,1.0,82321,2554744,2637064,42,43,L05-2,3
24,2615422,2615623,0.0,202,2637065,2637266,43,44,L05-2,3
25,2615624,2959665,1.0,344042,2637267,2981308,44,45,L05-2,3
26,2959666,2970591,0.0,10926,2984402,2995327,45,47,L05-2,3
27,2970592,3176974,1.0,206383,2995328,3201710,47,49,L05-2,3
28,3176975,3177171,0.0,197,3201711,3201907,49,50,L05-2,3
29,3177172,3447240,1.0,270069,3201908,3475069,50,55,L05-2,3
30,3447241,3452212,0.0,4972,3475070,3483133,55,58,L05-2,3
31,3452213,3916618,1.0,464406,3483134,3947539,58,-1,L05-2,3
1,1,1798562,1.0,1798562,1,1807838,-1,10,L05-3,2
2,1798563,1850482,0.0,51920,1807839,1859758,10,11,L05-3,2
3,1850483,1885952,1.0,35470,1862850,1898319,11,13,L05-3,2
4,1885953,1886582,0.0,630,1898320,1898949,13,14,L05-3,2
5,1886583,1925789,1.0,39207,1898950,1938156,14,15,L05-3,2
6,1925790,1947615,0.0,21826,1941249,1963074,15,17,L05-3,2
7,1947616,2042289,1.0,94674,1963075,2057748,17,18,L05-3,2
8,2042290,2046655,0.0,4366,2057749,2065206,18,21,L05-3,2
9,2046656,2507477,1.0,460822,2065207,2526028,21,24,L05-3,2
10,2507478,2528952,0.0,21475,2529121,2550595,24,26,L05-3,2
11,2528953,3442137,1.0,913185,2550596,3469966,26,32,L05-3,2
12,3442138,3448983,0.0,6846,3469967,3479904,32,35,L05-3,2
13,3448984,3916618,1.0,467635,3479905,3947539,35,-1,L05-3,2
1,1,105802,1.0,105802,1,105802,-1,2,L05-3,3
2,105803,106013,0.0,211,105803,106013,2,3,L05-3,3
3,106014,137402,1.0,31389,106014,137402,3,4,L05-3,3
4,137403,154018,0.0,16616,137403,154018,4,5,L05-3,3
5,154019,847275,1.0,693257,154019,847275,5,7,L05-3,3
6,847276,849059,0.0,1784,850369,852152,7,9,L05-3,3
7,849060,1235793,1.0,386734,852153,1238886,9,10,L05-3,3
8,1235794,1237154,0.0,1361,1241978,1243338,10,12,L05-3,3
9,1237155,1798562,1.0,561408,1243339,1807838,12,16,L05-3,3
10,1798563,1850482,0.0,51920,1807839,1859758,16,17,L05-3,3
11,1850483,1851561,1.0,1079,1862850,1863928,17,19,L05-3,3
12,1851562,1861664,0.0,10103,1863929,1874031,19,20,L05-3,3
13,1861665,1885952,1.0,24288,1874032,1898319,20,21,L05-3,3
14,1885953,1947615,0.0,61663,1898320,1963074,21,24,L05-3,3
15,1947616,2042289,1.0,94674,1963075,2057748,24,25,L05-3,3
16,2042290,2046655,0.0,4366,2057749,2065206,25,28,L05-3,3
17,2046656,2222862,1.0,176207,2065207,2241413,28,29,L05-3,3
18,2222863,2225095,0.0,2233,2241414,2243646,29,30,L05-3,3
19,2225096,2507477,1.0,282382,2243647,2526028,30,33,L05-3,3
20,2507478,2528952,0.0,21475,2529121,2550595,33,35,L05-3,3
21,2528953,2959665,1.0,430713,2550596,2981308,35,36,L05-3,3
22,2959666,2983795,0.0,24130,2984402,3008531,36,38,L05-3,3
23,2983796,3003160,1.0,19365,3008532,3027896,38,-1,L05-3,3
24,3003161,3003604,0.0,444,3027897,3028340,-1,-1,L05-3,3
25,3003605,3006395,1.0,2791,3028341,3031131,-1,39,L05-3,3
26,3006396,3014273,0.0,7878,3031132,3039009,39,40,L05-3,3
27,3014274,3442137,1.0,427864,3039010,3469966,40,43,L05-3,3
28,3442138,3448983,0.0,6846,3469967,3479904,43,46,L05-3,3
29,3448984,3916618,1.0,467635,3479905,3947539,46,-1,L05-3,3
1,1,1235405,1.0,1235405,1,1238498,-1,6,L05-4,2
2,1235406,1235870,0.0,465,1241590,1242054,6,8,L05-4,2
3,1235871,1807708,1.0,571838,1242055,1816984,8,11,L05-4,2
4,1807709,1809879,0.0,2171,1816985,1819155,11,12,L05-4,2
5,1809880,1848374,1.0,38495,1819156,1857650,12,13,L05-4,2
6,1848375,1850093,0.0,1719,1857651,1859369,13,14,L05-4,2
7,1850094,2507089,1.0,656996,1859370,2525640,14,23,L05-4,2
8,2507090,2508028,0.0,939,2528733,2529671,23,25,L05-4,2
9,2508029,2879866,1.0,371838,2529672,2901509,25,26,L05-4,2
10,2879867,2880518,0.0,652,2901510,2902161,26,27,L05-4,2
11,2880519,2959277,1.0,78759,2902162,2980920,27,28,L05-4,2
12,2959278,2983172,0.0,23895,2984014,3007908,28,30,L05-4,2
13,2983173,3157296,1.0,174124,3007909,3182032,30,31,L05-4,2
14,3157297,3188474,2.0,31178,3182033,3216303,31,32,L05-4,2
15,3188475,3447286,1.0,258812,3216304,3475115,32,34,L05-4,2
16,3447287,3448783,0.0,1497,3475116,3479704,34,37,L05-4,2
17,3448784,3916230,1.0,467447,3479705,3947151,37,-1,L05-4,2
1,1,1235405,1.0,1235405,1,1238498,-1,8,L05-4,3
2,1235406,1235870,0.0,465,1241590,1242054,8,10,L05-4,3
3,1235871,1566882,1.0,331012,1242055,1576158,10,14,L05-4,3
4,1566883,1570211,0.0,3329,1576159,1579487,14,15,L05-4,3
5,1570212,1807708,1.0,237497,1579488,1816984,15,16,L05-4,3
6,1807709,1809879,0.0,2171,1816985,1819155,16,17,L05-4,3
7,1809880,1848374,1.0,38495,1819156,1857650,17,18,L05-4,3
8,1848375,1850094,0.0,1720,1857651,1859370,18,19,L05-4,3
9,1850095,1857581,4.0,7487,1862462,1869948,19,21,L05-4,3
10,1857582,1867892,0.0,10311,1869949,1880259,21,22,L05-4,3
11,1867893,1868358,1.0,466,1880260,1880725,22,23,L05-4,3
12,1868359,1925401,2.0,57043,1880726,1937768,23,24,L05-4,3
13,1925402,2026475,1.0,101074,1940861,2041934,24,26,L05-4,3
14,2026476,2028098,0.0,1623,2041935,2043557,26,27,L05-4,3
15,2028099,2045820,1.0,17722,2043558,2061279,27,28,L05-4,3
16,2045821,2046499,0.0,679,2061280,2065050,28,30,L05-4,3
17,2046500,2507092,1.0,460593,2065051,2528735,30,32,L05-4,3
18,2507093,2525607,0.0,18515,2528736,2547250,32,34,L05-4,3
19,2525608,2879866,1.0,354259,2547251,2901509,34,35,L05-4,3
20,2879867,2880518,0.0,652,2901510,2902161,35,36,L05-4,3
21,2880519,2959277,1.0,78759,2902162,2980920,36,37,L05-4,3
22,2959278,2988914,0.0,29637,2984014,3013650,37,39,L05-4,3
23,2988915,3071160,1.0,82246,3013651,3095896,39,40,L05-4,3
24,3071161,3099603,0.0,28443,3095897,3124339,40,41,L05-4,3
25,3099604,3157296,1.0,57693,3124340,3182032,41,42,L05-4,3
26,3157297,3158361,0.0,1065,3182033,3183097,42,43,L05-4,3
27,3158362,3188474,1.0,30113,3183098,3216303,43,44,L05-4,3
28,3188475,3188617,0.0,143,3216304,3216446,44,46,L05-4,3
29,3188618,3318542,1.0,129925,3216447,3346371,46,47,L05-4,3
30,3318543,3322345,0.0,3803,3346372,3350174,47,48,L05-4,3
31,3322346,3445274,1.0,122929,3350175,3473103,48,49,L05-4,3
32,3445275,3448783,0.0,3509,3473104,3479704,49,52,L05-4,3
33,3448784,3725670,1.0,276887,3479705,3756591,52,53,L05-4,3
34,3725671,3753368,0.0,27698,3756592,3784289,53,54,L05-4,3
35,3753369,3916230,1.0,162862,3784290,3947151,54,-1,L05-4,3
1,1,411460,1.0,411460,1,411460,-1,2,L06-1,2
2,411461,411556,0.0,96,411461,411556,2,3,L06-1,2
3,411557,501664,1.0,90108,411557,504757,3,7,L06-1,2
4,501665,502096,0.0,432,504758,505189,7,8,L06-1,2
5,502097,3028076,1.0,2525980,505190,3046633,8,23,L06-1,2
6,3028077,3033705,0.0,5629,3046634,3052262,23,24,L06-1,2
7,3033706,3499402,1.0,465697,3052263,3524144,24,29,L06-1,2
8,3499403,3505278,0.0,5876,3527238,3533113,29,31,L06-1,2
9,3505279,3947678,1.0,442400,3533114,3978605,31,-1,L06-1,2
1,1,307951,1.0,307951,1,307951,-1,1,L06-1,3
2,307952,310053,0.0,2102,307952,310053,1,2,L06-1,3
3,310054,411460,1.0,101407,310054,411460,2,4,L06-1,3
4,411461,426434,0.0,14974,411461,426434,4,5,L06-1,3
5,426435,501664,1.0,75230,426435,504757,5,8,L06-1,3
6,501665,502096,0.0,432,504758,505189,8,9,L06-1,3
7,502097,772349,1.0,270253,505190,775442,9,10,L06-1,3
8,772350,773130,0.0,781,775443,776223,10,11,L06-1,3
9,773131,848236,1.0,75106,776224,851329,11,12,L06-1,3
10,848237,849026,0.0,790,851330,852119,12,13,L06-1,3
11,849027,2431921,1.0,1582895,852120,2450478,13,28,L06-1,3
12,2431922,2432935,0.0,1014,2450479,2451492,28,29,L06-1,3
13,2432936,3028076,1.0,595141,2451493,3046633,29,32,L06-1,3
14,3028077,3033705,0.0,5629,3046634,3052262,32,33,L06-1,3
15,3033706,3382633,1.0,348928,3052263,3401190,33,36,L06-1,3
16,3382634,3383136,0.0,503,3401191,3401693,36,37,L06-1,3
17,3383137,3499402,1.0,116266,3404786,3524144,37,41,L06-1,3
18,3499403,3505278,0.0,5876,3527238,3533113,41,43,L06-1,3
19,3505279,3947678,1.0,442400,3533114,3978605,43,-1,L06-1,3
1,1,76761,1.0,76761,1,76761,-1,1,L06-2,2
2,76762,90730,0.0,13969,76762,90730,1,2,L06-2,2
3,90731,1647107,1.0,1556377,90731,1659478,2,14,L06-2,2
4,1647108,1647731,0.0,624,1659479,1660102,14,15,L06-2,2
5,1647732,1870989,1.0,223258,1660103,1886453,15,17,L06-2,2
6,1870990,1871265,0.0,276,1886454,1886729,17,18,L06-2,2
7,1871266,2294530,1.0,423265,1886730,2309994,18,20,L06-2,2
8,2294531,2297046,0.0,2516,2313088,2315603,20,22,L06-2,2
9,2297047,3226423,1.0,929377,2315604,3244980,22,27,L06-2,2
10,3226424,3235241,0.0,8818,3244981,3253798,27,28,L06-2,2
11,3235242,3499402,1.0,264161,3253799,3524144,28,33,L06-2,2
12,3499403,3499788,0.0,386,3527238,3527623,33,35,L06-2,2
13,3499789,3920611,1.0,420823,3527624,3951538,35,42,L06-2,2
14,3920612,3921149,0.0,538,3951539,3952076,42,43,L06-2,2
15,3921150,3947678,1.0,26529,3952077,3978605,43,-1,L06-2,2
1,1,76761,1.0,76761,1,76761,-1,1,L06-2,3
2,76762,90730,0.0,13969,76762,90730,1,2,L06-2,3
3,90731,874345,1.0,783615,90731,877438,2,6,L06-2,3
4,874346,880703,0.0,6358,877439,883796,6,7,L06-2,3
5,880704,1213101,1.0,332398,886889,1219286,7,9,L06-2,3
6,1213102,1233594,0.0,20493,1219287,1239779,9,10,L06-2,3
7,1233595,1269039,1.0,35445,1239780,1275224,10,11,L06-2,3
8,1269040,1283732,2.0,14693,1278318,1293010,11,13,L06-2,3
9,1283733,1647107,1.0,363375,1293011,1659478,13,18,L06-2,3
10,1647108,1647731,0.0,624,1659479,1660102,18,19,L06-2,3
11,1647732,1870989,1.0,223258,1660103,1886453,19,21,L06-2,3
12,1870990,1871265,0.0,276,1886454,1886729,21,22,L06-2,3
13,1871266,2073125,1.0,201860,1886730,2088589,22,23,L06-2,3
14,2073126,2075533,0.0,2408,2088590,2090997,23,24,L06-2,3
15,2075534,2294530,1.0,218997,2090998,2309994,24,25,L06-2,3
16,2294531,2297046,0.0,2516,2313088,2315603,25,27,L06-2,3
17,2297047,3120323,1.0,823277,2315604,3138880,27,32,L06-2,3
18,3120324,3124465,0.0,4142,3138881,3143022,32,33,L06-2,3
19,3124466,3226423,1.0,101958,3143023,3244980,33,34,L06-2,3
20,3226424,3235241,0.0,8818,3244981,3253798,34,35,L06-2,3
21,3235242,3499402,1.0,264161,3253799,3524144,35,40,L06-2,3
22,3499403,3499788,0.0,386,3527238,3527623,40,42,L06-2,3
23,3499789,3912837,1.0,413049,3527624,3943764,42,48,L06-2,3
24,3912838,3921148,0.0,8311,3943765,3952075,48,49,L06-2,3
25,3921149,3947678,1.0,26530,3952076,3978605,49,-1,L06-2,3
1,1,879058,1.0,879058,1,882151,-1,4,L06-3,2
2,879059,880702,0.0,1644,882152,883795,4,5,L06-3,2
3,880703,1569665,1.0,688963,883796,1582036,5,11,L06-3,2
4,1569666,1581114,0.0,11449,1582037,1593485,11,12,L06-3,2
5,1581115,2144575,1.0,563461,1593486,2160039,12,16,L06-3,2
6,2144576,2147154,0.0,2579,2160040,2162618,16,17,L06-3,2
7,2147155,2278978,1.0,131824,2162619,2294442,17,18,L06-3,2
8,2278979,2294529,0.0,15551,2294443,2309993,18,19,L06-3,2
9,2294530,2355546,1.0,61017,2309994,2374103,19,21,L06-3,2
10,2355547,2376173,0.0,20627,2374104,2394730,21,22,L06-3,2
11,2376174,3376747,1.0,1000574,2394731,3395304,22,28,L06-3,2
12,3376748,3383135,0.0,6388,3395305,3401692,28,29,L06-3,2
13,3383136,3499402,1.0,116267,3401693,3524144,29,33,L06-3,2
14,3499403,3499855,0.0,453,3527238,3527690,33,35,L06-3,2
15,3499856,3947678,1.0,447823,3527691,3978605,35,-1,L06-3,2
1,1,398183,1.0,398183,1,398183,-1,1,L06-3,3
2,398184,436361,0.0,38178,398184,436361,1,2,L06-3,3
3,436362,879757,1.0,443396,436362,882850,2,7,L06-3,3
4,879758,880702,0.0,945,882851,883795,7,8,L06-3,3
5,880703,1569665,1.0,688963,883796,1582036,8,14,L06-3,3
6,1569666,1581114,0.0,11449,1582037,1593485,14,15,L06-3,3
7,1581115,1647539,1.0,66425,1593486,1659910,15,16,L06-3,3
8,1647540,1647732,0.0,193,1659911,1660103,16,17,L06-3,3
9,1647733,2144575,1.0,496843,1663197,2160039,17,20,L06-3,3
10,2144576,2147154,0.0,2579,2160040,2162618,20,21,L06-3,3
11,2147155,2277532,1.0,130378,2162619,2292996,21,22,L06-3,3
12,2277533,2294530,0.0,16998,2292997,2309994,22,23,L06-3,3
13,2294531,2355546,2.0,61016,2313088,2374103,23,25,L06-3,3
14,2355547,2376173,0.0,20627,2374104,2394730,25,26,L06-3,3
15,2376174,2541056,2.0,164883,2394731,2559613,26,27,L06-3,3
16,2541057,2541236,0.0,180,2559614,2559793,27,28,L06-3,3
17,2541237,3376747,1.0,835511,2559794,3395304,28,34,L06-3,3
18,3376748,3383135,0.0,6388,3395305,3401692,34,35,L06-3,3
19,3383136,3452867,1.0,69732,3401693,3474516,35,37,L06-3,3
20,3452868,3463077,0.0,10210,3474517,3484726,37,38,L06-3,3
21,3463078,3499402,1.0,36325,3484727,3524144,38,41,L06-3,3
22,3499403,3499855,0.0,453,3527238,3527690,41,43,L06-3,3
23,3499856,3947678,1.0,447823,3527691,3978605,43,-1,L06-3,3
1,1,305940,1.0,305940,1,305940,-1,1,L06-4,2
2,305941,321099,0.0,15159,305941,321099,1,2,L06-4,2
3,321100,437188,1.0,116089,321100,437188,2,3,L06-4,2
4,437189,442856,0.0,5668,437189,442856,3,4,L06-4,2
5,442857,1269039,1.0,826183,445950,1275224,4,9,L06-4,2
6,1269040,1285260,0.0,16221,1278318,1294538,9,11,L06-4,2
7,1285261,3499402,1.0,2214142,1294539,3524144,11,29,L06-4,2
8,3499403,3504719,0.0,5317,3527238,3532554,29,31,L06-4,2
9,3504720,3697629,1.0,192910,3532555,3725464,31,33,L06-4,2
10,3697630,3700080,0.0,2451,3728557,3731007,33,35,L06-4,2
11,3700081,3947678,1.0,247598,3731008,3978605,35,-1,L06-4,2
1,1,305940,1.0,305940,1,305940,-1,1,L06-4,3
2,305941,321099,0.0,15159,305941,321099,1,2,L06-4,3
3,321100,1269039,1.0,947940,321100,1275224,2,10,L06-4,3
4,1269040,1285260,0.0,16221,1278318,1294538,10,12,L06-4,3
5,1285261,3499402,1.0,2214142,1294539,3524144,12,33,L06-4,3
6,3499403,3504719,0.0,5317,3527238,3532554,33,35,L06-4,3
7,3504720,3694816,1.0,190097,3532555,3722651,35,36,L06-4,3
8,3694817,3752035,0.0,57219,3722652,3782962,36,39,L06-4,3
9,3752036,3947678,1.0,195643,3782963,3978605,39,-1,L06-4,3
1,1,1290567,1.0,1290567,1,1302938,-1,10,L07-1,2
2,1290568,1291114,0.0,547,1302939,1303485,10,11,L07-1,2
3,1291115,2098722,1.0,807608,1303486,2117278,11,16,L07-1,2
4,2098723,2100606,0.0,1884,2117279,2122256,16,19,L07-1,2
5,2100607,2124845,1.0,24239,2122257,2146495,19,20,L07-1,2
6,2124846,2125138,0.0,293,2146496,2146788,20,21,L07-1,2
7,2125139,2320451,1.0,195313,2146789,2345194,21,23,L07-1,2
8,2320452,2321951,0.0,1500,2348288,2349787,23,25,L07-1,2
9,2321952,3941898,1.0,1619947,2349788,3985195,25,-1,L07-1,2
1,1,1283845,1.0,1283845,1,1296216,-1,10,L07-1,3
2,1283846,1291116,0.0,7271,1296217,1303487,10,11,L07-1,3
3,1291117,2098722,1.0,807606,1306580,2117278,11,16,L07-1,3
4,2098723,2100606,0.0,1884,2117279,2122256,16,19,L07-1,3
5,2100607,2124845,1.0,24239,2122257,2146495,19,20,L07-1,3
6,2124846,2125138,0.0,293,2146496,2146788,20,21,L07-1,3
7,2125139,2320451,1.0,195313,2146789,2345194,21,23,L07-1,3
8,2320452,2321951,0.0,1500,2348288,2349787,23,25,L07-1,3
9,2321952,3941898,1.0,1619947,2349788,3985195,25,-1,L07-1,3
1,1,1065295,1.0,1065295,1,1071480,-1,5,L07-2,2
2,1065296,1066989,0.0,1694,1074573,1076266,5,7,L07-2,2
3,1066990,2099662,1.0,1032673,1076267,2118218,7,16,L07-2,2
4,2099663,2100461,0.0,799,2121313,2122111,16,18,L07-2,2
5,2100462,2320455,1.0,219994,2122112,2348291,18,21,L07-2,2
6,2320456,2323703,0.0,3248,2348292,2351539,21,23,L07-2,2
7,2323704,3941898,1.0,1618195,2351540,3985195,23,-1,L07-2,2
1,1,1065295,1.0,1065295,1,1071480,-1,5,L07-2,3
2,1065296,1066989,0.0,1694,1074573,1076266,5,7,L07-2,3
3,1066990,1839836,1.0,772847,1076267,1855299,7,13,L07-2,3
4,1839837,1840573,0.0,737,1858393,1859129,13,15,L07-2,3
5,1840574,2099662,1.0,259089,1859130,2118218,15,17,L07-2,3
6,2099663,2100461,0.0,799,2121313,2122111,17,19,L07-2,3
7,2100462,2320455,1.0,219994,2122112,2348291,19,23,L07-2,3
8,2320456,2323703,0.0,3248,2348292,2351539,23,25,L07-2,3
9,2323704,3531355,1.0,1207652,2351540,3568467,25,32,L07-2,3
10,3531356,3538371,0.0,7016,3568468,3575483,32,33,L07-2,3
11,3538372,3751475,1.0,213104,3578577,3791680,33,36,L07-2,3
12,3751476,3757507,0.0,6032,3791681,3797712,36,37,L07-2,3
13,3757508,3941898,1.0,184391,3797713,3985195,37,-1,L07-2,3
1,1,1290006,1.0,1290006,1,1302377,-1,9,L07-3,2
2,1290007,1291115,0.0,1109,1302378,1303486,9,10,L07-3,2
3,1291116,2099662,1.0,808547,1303487,2118218,10,16,L07-3,2
4,2099663,2100491,0.0,829,2121313,2122141,16,18,L07-3,2
5,2100492,2320456,1.0,219965,2122142,2348292,18,21,L07-3,2
6,2320457,2320604,0.0,148,2348293,2348440,21,23,L07-3,2
7,2320605,2984864,1.0,664260,2348441,3018883,23,28,L07-3,2
8,2984865,2985322,0.0,458,3018884,3019341,28,29,L07-3,2
9,2985323,3663383,1.0,678061,3022435,3703588,29,33,L07-3,2
10,3663384,3684101,0.0,20718,3703589,3724306,33,34,L07-3,2
11,3684102,3941898,1.0,257797,3724307,3985195,34,-1,L07-3,2
1,1,1290006,1.0,1290006,1,1302377,-1,10,L07-3,3
2,1290007,1291115,0.0,1109,1302378,1303486,10,11,L07-3,3
3,1291116,2099662,1.0,808547,1303487,2118218,11,17,L07-3,3
4,2099663,2100491,0.0,829,2121313,2122141,17,19,L07-3,3
5,2100492,2320456,1.0,219965,2122142,2348292,19,22,L07-3,3
6,2320457,2320604,0.0,148,2348293,2348440,22,24,L07-3,3
7,2320605,3663383,1.0,1342779,2348441,3703588,24,34,L07-3,3
8,3663384,3684582,0.0,21199,3703589,3724787,34,35,L07-3,3
9,3684583,3941898,1.0,257316,3724788,3985195,35,-1,L07-3,3
1,1,846646,1.0,846646,1,849738,-1,3,L07-4,2
2,846647,848936,0.0,2290,849739,852028,3,4,L07-4,2
3,848937,1066029,1.0,217093,855122,1072214,4,6,L07-4,2
4,1066030,1066736,0.0,707,1072215,1072921,6,7,L07-4,2
5,1066737,2994523,1.0,1927787,1076014,3028542,7,27,L07-4,2
6,2994524,2998225,0.0,3702,3028543,3032244,27,28,L07-4,2
7,2998226,3673930,1.0,675705,3035338,3714135,28,32,L07-4,2
8,3673931,3704758,0.0,30828,3714136,3744963,32,33,L07-4,2
9,3704759,3954801,1.0,250043,3744964,3998098,33,-1,L07-4,2
1,1,847495,1.0,847495,1,850587,-1,4,L07-4,3
2,847496,848936,0.0,1441,850588,852028,4,5,L07-4,3
3,848937,1066029,1.0,217093,855122,1072214,5,7,L07-4,3
4,1066030,1066736,0.0,707,1072215,1072921,7,8,L07-4,3
5,1066737,2321892,1.0,1255156,1076014,2346635,8,23,L07-4,3
6,2321893,2323479,0.0,1587,2349729,2351315,23,25,L07-4,3
7,2323480,2578651,1.0,255172,2351316,2609578,25,28,L07-4,3
8,2578652,2595942,0.0,17291,2609579,2626869,28,29,L07-4,3
9,2595943,2985644,1.0,389702,2626870,3019663,29,33,L07-4,3
10,2985645,2998225,0.0,12581,3019664,3032244,33,34,L07-4,3
11,2998226,3673930,1.0,675705,3035338,3714135,34,38,L07-4,3
12,3673931,3704758,0.0,30828,3714136,3744963,38,39,L07-4,3
13,3704759,3954801,1.0,250043,3744964,3998098,39,-1,L07-4,3
1,1,846973,1.0,846973,1,853159,-1,6,L08-1,2
2,846974,849136,0.0,2163,853160,858415,6,9,L08-1,2
3,849137,1272602,1.0,423466,858416,1284973,9,12,L08-1,2
4,1272603,1292564,0.0,19962,1288068,1308029,12,14,L08-1,2
5,1292565,2101112,1.0,808548,1308030,2122762,14,18,L08-1,2
6,2101113,2101899,0.0,787,2122763,2126643,18,20,L08-1,2
7,2101900,2321902,1.0,220003,2126644,2349739,20,23,L08-1,2
8,2321903,2340230,0.0,18328,2352833,2371160,23,25,L08-1,2
9,2340231,2955280,1.0,615050,2371161,2992393,25,28,L08-1,2
10,2955281,2978126,0.0,22846,2992394,3015239,28,30,L08-1,2
11,2978127,2991383,1.0,13257,3015240,3028496,30,31,L08-1,2
12,2991384,2998235,0.0,6852,3028497,3035348,31,32,L08-1,2
13,2998236,3954810,1.0,956575,3038442,4001201,32,-1,L08-1,2
1,1,682584,1.0,682584,1,688770,-1,-1,L08-1,3
2,682585,682669,0.0,85,688771,688855,-1,-1,L08-1,3
3,682670,846973,1.0,164304,688856,853159,-1,6,L08-1,3
4,846974,849136,0.0,2163,853160,858415,6,9,L08-1,3
5,849137,1063400,1.0,214264,858416,1072679,9,10,L08-1,3
6,1063401,1066746,0.0,3346,1072680,1076025,10,11,L08-1,3
7,1066747,1272602,1.0,205856,1079118,1284973,11,13,L08-1,3
8,1272603,1292564,0.0,19962,1288068,1308029,13,15,L08-1,3
9,1292565,2101112,1.0,808548,1308030,2122762,15,19,L08-1,3
10,2101113,2101899,0.0,787,2122763,2126643,19,21,L08-1,3
11,2101900,2321902,1.0,220003,2126644,2349739,21,24,L08-1,3
12,2321903,2363600,0.0,41698,2352833,2394530,24,26,L08-1,3
13,2363601,2403949,1.0,40349,2394531,2434879,26,27,L08-1,3
14,2403950,2404812,0.0,863,2434880,2435742,27,28,L08-1,3
15,2404813,2955280,1.0,550468,2435743,2992393,28,30,L08-1,3
16,2955281,2978126,0.0,22846,2992394,3015239,30,32,L08-1,3
17,2978127,2991383,1.0,13257,3015240,3028496,32,33,L08-1,3
18,2991384,2998235,0.0,6852,3028497,3035348,33,34,L08-1,3
19,2998236,3770423,1.0,772188,3038442,3816814,34,38,L08-1,3
20,3770424,3774426,0.0,4003,3816815,3820817,38,40,L08-1,3
21,3774427,3954810,1.0,180384,3820818,4001201,40,-1,L08-1,3
1,1,1290510,1.0,1290510,1,1305975,-1,11,L08-2,2
2,1290511,1292567,0.0,2057,1305976,1308032,11,12,L08-2,2
3,1292568,2321902,1.0,1029335,1311125,2349739,12,20,L08-2,2
4,2321903,2367658,0.0,45756,2352833,2398588,20,22,L08-2,2
5,2367659,2403949,1.0,36291,2398589,2434879,22,23,L08-2,2
6,2403950,2404812,0.0,863,2434880,2435742,23,24,L08-2,2
7,2404813,3954810,1.0,1549998,2435743,4001201,24,-1,L08-2,2
1,1,1066746,1.0,1066746,1,1076025,-1,8,L08-2,3
2,1066747,1067194,0.0,448,1079118,1079565,8,10,L08-2,3
3,1067195,1272602,1.0,205408,1079566,1284973,10,13,L08-2,3
4,1272603,1290512,2.0,17910,1288068,1305977,13,15,L08-2,3
5,1290513,1292567,0.0,2055,1305978,1308032,15,16,L08-2,3
6,1292568,2101111,1.0,808544,1311125,2122761,16,21,L08-2,3
7,2101112,2101923,0.0,812,2122762,2126667,21,23,L08-2,3
8,2101924,2321902,1.0,219979,2126668,2349739,23,26,L08-2,3
9,2321903,2367658,0.0,45756,2352833,2398588,26,28,L08-2,3
10,2367659,2403949,1.0,36291,2398589,2434879,28,29,L08-2,3
11,2403950,2404812,0.0,863,2434880,2435742,29,30,L08-2,3
12,2404813,2955274,1.0,550462,2435743,2992387,30,33,L08-2,3
13,2955275,2978639,0.0,23365,2992388,3015752,33,35,L08-2,3
14,2978640,2994057,1.0,15418,3015753,3031170,35,36,L08-2,3
15,2994058,2998231,0.0,4174,3031171,3035344,36,37,L08-2,3
16,2998232,3954810,1.0,956579,3035345,4001201,37,-1,L08-2,3
1,1,2101113,1.0,2101113,1,2122763,-1,15,L08-3,2
2,2101114,2102089,0.0,976,2125858,2126833,15,17,L08-3,2
3,2102090,2321902,1.0,219813,2126834,2349739,17,20,L08-3,2
4,2321903,2349238,0.0,27336,2352833,2380168,20,22,L08-3,2
5,2349239,2955273,1.0,606035,2380169,2989294,22,25,L08-3,2
6,2955274,2981447,0.0,26174,2992387,3018560,25,27,L08-3,2
7,2981448,3954810,1.0,973363,3018561,4001201,27,-1,L08-3,2
1,1,2101113,1.0,2101113,1,2122763,-1,16,L08-3,3
2,2101114,2102089,0.0,976,2125858,2126833,16,18,L08-3,3
3,2102090,2126570,1.0,24481,2126834,2151314,18,-1,L08-3,3
4,2126571,2126590,0.0,20,2151315,2151334,19,19,L08-3,3
5,2126591,2312728,1.0,186138,2154428,2340565,19,21,L08-3,3
6,2312729,2349238,0.0,36510,2340566,2380168,21,24,L08-3,3
7,2349239,2955273,1.0,606035,2380169,2989294,24,27,L08-3,3
8,2955274,2981447,0.0,26174,2992387,3018560,27,29,L08-3,3
9,2981448,3954810,1.0,973363,3018561,4001201,29,-1,L08-3,3
1,1,846657,1.0,846657,1,852843,-1,5,L08-4,2
2,846658,848946,0.0,2289,852844,855132,5,6,L08-4,2
3,848947,2100483,1.0,1251537,858226,2122133,6,16,L08-4,2
4,2100484,2101113,0.0,630,2122134,2122763,16,17,L08-4,2
5,2101114,2994533,1.0,893420,2125858,3031646,17,27,L08-4,2
6,2994534,2998235,0.0,3702,3031647,3035348,27,28,L08-4,2
7,2998236,3954810,1.0,956575,3038442,4001201,28,-1,L08-4,2
1,1,846657,1.0,846657,1,852843,-1,6,L08-4,3
2,846658,848946,0.0,2289,852844,855132,6,7,L08-4,3
3,848947,2100483,1.0,1251537,858226,2122133,7,17,L08-4,3
4,2100484,2101113,0.0,630,2122134,2122763,17,18,L08-4,3
5,2101114,2994533,1.0,893420,2125858,3031646,18,29,L08-4,3
6,2994534,2998235,0.0,3702,3031647,3035348,29,30,L08-4,3
7,2998236,3551287,1.0,553052,3038442,3594586,30,32,L08-4,3
8,3551288,3561647,0.0,10360,3594587,3604946,32,34,L08-4,3
9,3561648,3954810,1.0,393163,3604947,4001201,34,-1,L08-4,3
1,1,3922658,1.0,3922658,1,3964756,-1,27,L09-1,2
2,3922659,3927975,0.0,5317,3964757,3970073,27,28,L09-1,2
3,3927976,3947629,1.0,19654,3970074,3989727,28,-1,L09-1,2
1,1,390407,1.0,390407,1,390407,-1,2,L09-1,3
2,390408,390607,0.0,200,390408,390607,2,3,L09-1,3
3,390608,1674387,1.0,1283780,390608,1687755,3,11,L09-1,3
4,1674388,1684295,0.0,9908,1687756,1697663,11,12,L09-1,3
5,1684296,2937080,1.0,1252785,1697664,2965810,12,22,L09-1,3
6,2937081,2937428,0.0,348,2965811,2966158,22,23,L09-1,3
7,2937429,3541323,1.0,603895,2966159,3576239,23,28,L09-1,3
8,3541324,3541671,0.0,348,3576240,3580677,28,30,L09-1,3
9,3541672,3910380,1.0,368709,3580678,3952478,30,33,L09-1,3
10,3910381,3928599,0.0,18219,3952479,3970697,33,34,L09-1,3
11,3928600,3947629,1.0,19030,3970698,3989727,34,-1,L09-1,3
1,1,1672622,1.0,1672622,1,1685990,-1,10,L09-2,2
2,1672623,1684297,0.0,11675,1685991,1697665,10,11,L09-2,2
3,1684298,2238482,1.0,554185,1701756,2255940,11,13,L09-2,2
4,2238483,2238817,0.0,335,2255941,2256275,13,14,L09-2,2
5,2238818,3865108,1.0,1626291,2260366,3903118,14,26,L09-2,2
6,3865109,3882230,0.0,17122,3903119,3920240,26,27,L09-2,2
7,3882231,3947620,1.0,65390,3920241,3985630,27,-1,L09-2,2
1,1,1672622,1.0,1672622,1,1685990,-1,11,L09-2,3
2,1672623,1684297,0.0,11675,1685991,1697665,11,12,L09-2,3
3,1684298,2218065,1.0,533768,1701756,2235523,12,14,L09-2,3
4,2218066,2238816,0.0,20751,2235524,2256274,14,15,L09-2,3
5,2238817,3541114,1.0,1302298,2256275,3571942,15,23,L09-2,3
6,3541115,3541595,0.0,481,3571943,3576513,23,26,L09-2,3
7,3541596,3865108,1.0,323513,3576514,3903118,26,29,L09-2,3
8,3865109,3882230,0.0,17122,3903119,3920240,29,30,L09-2,3
9,3882231,3947620,1.0,65390,3920241,3985630,30,-1,L09-2,3
1,1,1674502,1.0,1674502,1,1687870,-1,12,L09-3,2
2,1674503,1684296,0.0,9794,1687871,1697664,12,13,L09-3,2
3,1684297,2156626,1.0,472330,1697665,2178172,13,18,L09-3,2
4,2156627,2158308,0.0,1682,2178173,2179854,18,19,L09-3,2
5,2158309,3541326,1.0,1383018,2179855,3576242,19,28,L09-3,2
6,3541327,3541555,0.0,229,3580333,3580561,28,30,L09-3,2
7,3541556,3947629,1.0,406074,3580562,3989727,30,-1,L09-3,2
1,1,157031,1.0,157031,1,157031,-1,1,L09-3,3
2,157032,157166,0.0,135,157032,157166,1,2,L09-3,3
3,157167,1674502,1.0,1517336,157167,1687870,2,13,L09-3,3
4,1674503,1684296,0.0,9794,1687871,1697664,13,14,L09-3,3
5,1684297,1735579,1.0,51283,1697665,1757125,14,18,L09-3,3
6,1735580,1736110,0.0,531,1757126,1757656,18,19,L09-3,3
7,1736111,2156626,1.0,420516,1757657,2178172,19,21,L09-3,3
8,2156627,2158308,0.0,1682,2178173,2179854,21,22,L09-3,3
9,2158309,3030903,1.0,872595,2179855,3059633,22,29,L09-3,3
10,3030904,3031553,0.0,650,3059634,3060283,29,30,L09-3,3
11,3031554,3541326,1.0,509773,3060284,3576242,30,36,L09-3,3
12,3541327,3541555,0.0,229,3580333,3580561,36,38,L09-3,3
13,3541556,3947629,1.0,406074,3580562,3989727,38,-1,L09-3,3
1,1,152788,1.0,152788,1,152788,-1,1,L09-4,2
2,152789,161261,0.0,8473,152789,161261,1,2,L09-4,2
3,161262,2238530,1.0,2077269,161262,2255988,2,13,L09-4,2
4,2238531,2238816,0.0,286,2255989,2256274,13,14,L09-4,2
5,2238817,3815303,1.0,1576487,2256275,3853313,14,26,L09-4,2
6,3815304,3815385,0.0,82,3853314,3853395,26,27,L09-4,2
7,3815386,3947620,1.0,132235,3853396,3985630,27,-1,L09-4,2
1,1,152788,1.0,152788,1,152788,-1,1,L09-4,3
2,152789,161261,0.0,8473,152789,161261,1,2,L09-4,3
3,161262,2238530,1.0,2077269,161262,2255988,2,14,L09-4,3
4,2238531,2238816,0.0,286,2255989,2256274,14,15,L09-4,3
5,2238817,3947620,1.0,1708804,2256275,3985630,15,-1,L09-4,3
1,1,847306,1.0,847306,1,850399,-1,3,L10-1,2
2,847307,849376,0.0,2070,850400,852469,3,4,L10-1,2
3,849377,3948368,1.0,3098992,852470,3982402,4,-1,L10-1,2
1,1,847306,1.0,847306,1,850399,-1,3,L10-1,3
2,847307,849376,0.0,2070,850400,852469,3,4,L10-1,3
3,849377,1128377,1.0,279001,852470,1131470,4,5,L10-1,3
4,1128378,1132363,0.0,3986,1131471,1135456,5,6,L10-1,3
5,1132364,1272561,1.0,140198,1135457,1275654,6,7,L10-1,3
6,1272562,1272807,0.0,246,1275655,1278993,7,9,L10-1,3
7,1272808,2510003,1.0,1237196,1278994,2525469,9,19,L10-1,3
8,2510004,2510959,0.0,956,2528562,2529517,19,21,L10-1,3
9,2510960,2722436,1.0,211477,2529518,2740994,21,22,L10-1,3
10,2722437,2745811,0.0,23375,2740995,2764369,22,23,L10-1,3
11,2745812,3912685,1.0,1166874,2767465,3943627,23,30,L10-1,3
12,3912686,3925053,0.0,12368,3943628,3955995,30,31,L10-1,3
13,3925054,3948368,1.0,23315,3959088,3982402,31,-1,L10-1,3
1,1,120541,1.0,120541,1,120541,-1,1,L10-2,2
2,120542,125371,3.0,4830,123635,128464,1,3,L10-2,2
3,125372,136190,2.0,10819,128465,139283,3,5,L10-2,2
4,136191,1901650,1.0,1765460,139284,1907836,5,12,L10-2,2
5,1901651,1913945,0.0,12295,1907837,1923225,12,15,L10-2,2
6,1913946,3043947,1.0,1130002,1923226,3065600,15,26,L10-2,2
7,3043948,3044334,0.0,387,3065601,3065987,26,27,L10-2,2
8,3044335,3910895,1.0,866561,3065988,3941837,27,33,L10-2,2
9,3910896,3925052,0.0,14157,3941838,3955994,33,34,L10-2,2
10,3925053,3948368,1.0,23316,3955995,3982402,34,-1,L10-2,2
1,1,116640,1.0,116640,1,116640,-1,1,L10-2,3
2,116641,120541,0.0,3901,116641,120541,1,2,L10-2,3
3,120542,1901650,1.0,1781109,123635,1907836,2,12,L10-2,3
4,1901651,1913945,0.0,12295,1907837,1923225,12,15,L10-2,3
5,1913946,3043947,1.0,1130002,1923226,3065600,15,27,L10-2,3
6,3043948,3044334,0.0,387,3065601,3065987,27,28,L10-2,3
7,3044335,3910895,1.0,866561,3065988,3941837,28,34,L10-2,3
8,3910896,3925052,0.0,14157,3941838,3955994,34,35,L10-2,3
9,3925053,3948368,1.0,23316,3955995,3982402,35,-1,L10-2,3
1,1,120145,1.0,120145,1,120145,-1,2,L10-3,2
2,120146,120541,0.0,396,120146,120541,2,3,L10-3,2
3,120542,1382453,1.0,1261912,123635,1388639,3,8,L10-3,2
4,1382454,1399801,0.0,17348,1388640,1405987,8,9,L10-3,2
5,1399802,2073386,1.0,673585,1405988,2085759,9,14,L10-3,2
6,2073387,2074655,0.0,1269,2085760,2087028,14,15,L10-3,2
7,2074656,2261772,1.0,187117,2087029,2277238,15,-1,L10-3,2
8,2261773,2267468,0.0,5696,2277239,2282934,-1,-1,L10-3,2
9,2267469,3923798,1.0,1656330,2282935,3954740,-1,26,L10-3,2
10,3923799,3925053,0.0,1255,3954741,3955995,26,27,L10-3,2
11,3925054,3948368,1.0,23315,3959088,3982402,27,-1,L10-3,2
1,1,117970,1.0,117970,1,117970,-1,1,L10-3,3
2,117971,120540,0.0,2570,117971,120540,1,2,L10-3,3
3,120541,1009155,1.0,888615,120541,1012248,2,6,L10-3,3
4,1009156,1010110,0.0,955,1012249,1013203,6,7,L10-3,3
5,1010111,1377400,1.0,367290,1013204,1383586,7,10,L10-3,3
6,1377401,1400857,0.0,23457,1383587,1407043,10,11,L10-3,3
7,1400858,1951297,1.0,550440,1407044,1960577,11,14,L10-3,3
8,1951298,1974997,0.0,23700,1960578,1984277,14,15,L10-3,3
9,1974998,2073386,1.0,98389,1984278,2085759,15,18,L10-3,3
10,2073387,2074655,0.0,1269,2085760,2087028,18,19,L10-3,3
11,2074656,3494154,1.0,1419499,2087029,3515807,19,27,L10-3,3
12,3494155,3557496,2.0,63342,3515808,3579149,27,28,L10-3,3
13,3557497,3910850,1.0,353354,3582244,3941792,28,34,L10-3,3
14,3910851,3925053,0.0,14203,3941793,3955995,34,35,L10-3,3
15,3925054,3948368,1.0,23315,3959088,3982402,35,-1,L10-3,3
1,1,118315,1.0,118315,1,118315,-1,1,L10-4,2
2,118316,120896,0.0,2581,118316,123989,1,4,L10-4,2
3,120897,3924884,1.0,3803988,123990,3955826,4,25,L10-4,2
4,3924885,3925053,0.0,169,3955827,3955995,25,26,L10-4,2
5,3925054,3948368,1.0,23315,3959088,3982402,26,-1,L10-4,2
1,1,118315,1.0,118315,1,118315,-1,2,L10-4,3
2,118316,120896,0.0,2581,118316,123989,2,5,L10-4,3
3,120897,1272561,1.0,1151665,123990,1275654,5,7,L10-4,3
4,1272562,1272797,0.0,236,1275655,1278983,7,9,L10-4,3
5,1272798,1910734,1.0,637937,1278984,1916920,9,14,L10-4,3
6,1910735,1911064,0.0,330,1916921,1917250,14,15,L10-4,3
7,1911065,2284420,1.0,373356,1920345,2299886,15,23,L10-4,3
8,2284421,2314311,2.0,29891,2299887,2329777,23,24,L10-4,3
9,2314312,3690766,1.0,1376455,2329778,3715513,24,35,L10-4,3
10,3690767,3691032,0.0,266,3715514,3715779,35,36,L10-4,3
11,3691033,3924884,1.0,233852,3721975,3955826,36,38,L10-4,3
12,3924885,3925053,0.0,169,3955827,3955995,38,39,L10-4,3
13,3925054,3948368,1.0,23315,3959088,3982402,39,-1,L10-4,3
1,1,1186262,1.0,1186262,1,1195540,-1,-1,L11-1,2
2,1186263,1186284,0.0,22,1195541,1195562,-1,-1,L11-1,2
3,1186285,1782835,1.0,596551,1195563,1798301,-1,-1,L11-1,2
4,1782836,1783588,0.0,753,1798302,1799054,-1,-1,L11-1,2
5,1783589,3967244,1.0,2183656,1799055,4004368,-1,-1,L11-1,2
1,1,161116,1.0,161116,1,164209,-1,3,L11-1,3
2,161117,161312,0.0,196,167303,167498,3,5,L11-1,3
3,161313,1186262,1.0,1024950,167499,1195540,5,-1,L11-1,3
4,1186263,1186284,0.0,22,1195541,1195562,-1,-1,L11-1,3
5,1186285,1211176,1.0,24892,1195563,1220454,-1,10,L11-1,3
6,1211177,1231832,0.0,20656,1220455,1241110,10,11,L11-1,3
7,1231833,1782835,1.0,551003,1241111,1798301,11,-1,L11-1,3
8,1782836,1783588,0.0,753,1798302,1799054,-1,-1,L11-1,3
9,1783589,3630955,1.0,1847367,1799055,3664985,-1,30,L11-1,3
10,3630956,3635193,0.0,4238,3664986,3669223,30,32,L11-1,3
11,3635194,3715234,1.0,80041,3669224,3749264,32,33,L11-1,3
12,3715235,3715402,0.0,168,3749265,3749432,33,34,L11-1,3
13,3715403,3967244,1.0,251842,3749433,4004368,34,-1,L11-1,3
1,1,1186262,1.0,1186262,1,1195540,-1,-1,L11-2,2
2,1186263,1186284,0.0,22,1195541,1195562,-1,-1,L11-2,2
3,1186285,1271822,1.0,85538,1195563,1281100,-1,8,L11-2,2
4,1271823,1286435,2.0,14613,1284195,1298807,8,10,L11-2,2
5,1286436,1782835,1.0,496400,1298808,1798301,10,-1,L11-2,2
6,1782836,1783588,0.0,753,1798302,1799054,-1,-1,L11-2,2
7,1783589,2108353,1.0,324765,1799055,2126911,-1,-1,L11-2,2
8,2108354,2111685,2.0,3332,2126912,2133339,-1,19,L11-2,2
9,2111686,3967244,1.0,1855559,2133340,4004368,19,-1,L11-2,2
1,1,1186262,1.0,1186262,1,1195540,-1,-1,L11-2,3
2,1186263,1186284,0.0,22,1195541,1195562,-1,-1,L11-2,3
3,1186285,1271822,1.0,85538,1195563,1281100,-1,10,L11-2,3
4,1271823,1286435,3.0,14613,1284195,1298807,10,12,L11-2,3
5,1286436,1286507,0.0,72,1298808,1298879,12,13,L11-2,3
6,1286508,1782835,1.0,496328,1298880,1798301,13,-1,L11-2,3
7,1782836,1783588,0.0,753,1798302,1799054,-1,-1,L11-2,3
8,1783589,1846118,1.0,62530,1799055,1861584,-1,18,L11-2,3
9,1846119,1846310,0.0,192,1861585,1864868,18,20,L11-2,3
10,1846311,2080512,1.0,234202,1864869,2099070,20,22,L11-2,3
11,2080513,2106449,2.0,25937,2099071,2125007,22,-1,L11-2,3
12,2106450,3967244,1.0,1860795,2125008,4004368,-1,-1,L11-2,3
1,1,1186262,1.0,1186262,1,1195540,-1,-1,L11-3,2
2,1186263,1186284,0.0,22,1195541,1195562,-1,-1,L11-3,2
3,1186285,1782835,1.0,596551,1195563,1798301,-1,-1,L11-3,2
4,1782836,1783588,0.0,753,1798302,1799054,-1,-1,L11-3,2
5,1783589,2429745,1.0,646157,1799055,2454490,-1,17,L11-3,2
6,2429746,2429911,0.0,166,2457587,2457752,17,19,L11-3,2
7,2429912,3604926,1.0,1175015,2457753,3635861,19,22,L11-3,2
8,3604927,3632994,0.0,28068,3635862,3667024,22,25,L11-3,2
9,3632995,3967244,1.0,334250,3667025,4004368,25,-1,L11-3,2
1,1,1186262,1.0,1186262,1,1195540,-1,-1,L11-3,3
2,1186263,1186284,0.0,22,1195541,1195562,-1,-1,L11-3,3
3,1186285,1782835,1.0,596551,1195563,1798301,-1,-1,L11-3,3
4,1782836,1783588,0.0,753,1798302,1799054,-1,-1,L11-3,3
5,1783589,1846121,1.0,62533,1799055,1864679,-1,13,L11-3,3
6,1846122,1869018,0.0,22897,1864680,1887576,13,15,L11-3,3
7,1869019,2429745,1.0,560727,1887577,2454490,15,20,L11-3,3
8,2429746,2429911,0.0,166,2457587,2457752,20,22,L11-3,3
9,2429912,3604926,1.0,1175015,2457753,3635861,22,25,L11-3,3
10,3604927,3632994,0.0,28068,3635862,3667024,25,28,L11-3,3
11,3632995,3967244,1.0,334250,3667025,4004368,28,-1,L11-3,3
1,1,1186262,1.0,1186262,1,1195540,-1,-1,L11-4,2
2,1186263,1186284,0.0,22,1195541,1195562,-1,-1,L11-4,2
3,1186285,1782835,1.0,596551,1195563,1798301,-1,-1,L11-4,2
4,1782836,1783588,0.0,753,1798302,1799054,-1,-1,L11-4,2
5,1783589,1978803,1.0,195215,1799055,1997361,-1,17,L11-4,2
6,1978804,1996366,0.0,17563,1997362,2014924,17,18,L11-4,2
7,1996367,2111679,1.0,115313,2014925,2130237,18,19,L11-4,2
8,2111680,2117214,0.0,5535,2133334,2138868,19,21,L11-4,2
9,2117215,2429745,1.0,312531,2138869,2454490,21,24,L11-4,2
10,2429746,2434787,0.0,5042,2457587,2462628,24,26,L11-4,2
11,2434788,3967244,1.0,1532457,2462629,4004368,26,-1,L11-4,2
1,1,161116,1.0,161116,1,164209,-1,3,L11-4,3
2,161117,381070,2.0,219954,167303,387256,3,6,L11-4,3
3,381071,1186262,1.0,805192,390349,1195540,6,-1,L11-4,3
4,1186263,1186284,0.0,22,1195541,1195562,-1,-1,L11-4,3
5,1186285,1782835,1.0,596551,1195563,1798301,-1,-1,L11-4,3
6,1782836,1783588,0.0,753,1798302,1799054,-1,-1,L11-4,3
7,1783589,1845928,1.0,62340,1799055,1861394,-1,17,L11-4,3
8,1845929,1846118,0.0,190,1861395,1861584,17,18,L11-4,3
9,1846119,1978803,1.0,132685,1861585,1997361,18,20,L11-4,3
10,1978804,1996366,0.0,17563,1997362,2014924,20,21,L11-4,3
11,1996367,2111679,1.0,115313,2014925,2130237,21,23,L11-4,3
12,2111680,2117214,0.0,5535,2133334,2138868,23,25,L11-4,3
13,2117215,2429745,1.0,312531,2138869,2454490,25,29,L11-4,3
14,2429746,2434787,0.0,5042,2457587,2462628,29,31,L11-4,3
15,2434788,3941414,1.0,1506627,2462629,3978538,31,43,L11-4,3
16,3941415,3942877,0.0,1463,3978539,3980001,43,44,L11-4,3
17,3942878,3967244,1.0,24367,3980002,4004368,44,-1,L11-4,3
