insert_id,pos,position_status,sv
1,476913,original,pristine
2,480003,original,pristine
3,552056,new,unknown
4,552516,lost_fragment,unknown
5,555607,original,unknown
6,706510,original,pristine
7,709599,original,pristine
8,1062681,new,simple_insertion
9,1185981,original,unknown
10,1190641,original,unknown
11,1203708,original,pristine
12,1206799,original,pristine
13,1390258,new,unknown
14,1406379,original,pristine
15,1409468,original,pristine
16,1500477,original,pristine
17,1505136,original,pristine
18,1676264,new,unknown
19,1676813,lost_fragment,unknown
20,1679905,lost_fragment,unknown
21,1680758,new,unknown
22,1746536,new,simple_insertion
23,1775157,new,simple_insertion
24,1791836,new,unknown
25,1792427,new,unknown
26,1838805,new,unknown
27,1927264,new,unknown
28,1957318,original,pristine
29,1960408,original,pristine
30,1993897,original,unknown
31,1996989,lost_fragment,unknown
32,2030477,lost_fragment,unknown
33,2035138,original,unknown
34,2174005,new,simple_insertion
35,2217619,new,simple_insertion
36,2258556,new,unknown
37,2269661,new,unknown
38,2350513,original,unknown
39,2355175,lost_fragment,unknown
40,2363480,new,unknown
41,2446535,new,unknown
42,2451018,new,unknown
43,2705359,original,unknown
44,2708449,lost_fragment,unknown
45,2710036,new,unknown
46,2858102,new,simple_insertion
47,3097387,new,unknown
48,3110164,new,unknown
49,3128599,new,unknown
50,3416550,original,pristine
51,3419639,original,pristine
52,3747506,original,unknown
53,3752167,lost_fragment,unknown
54,3752336,new,unknown
55,3882708,new,simple_insertion
56,3914100,original,pristine
57,3917189,original,pristine
58,4011661,original,pristine
59,4016321,original,pristine
